title	primary_genre	genres	popularity	year
Attack on Titan	Action	Action, Drama, Fantasy, Mystery	908392	2013
Demon Slayer: Kimetsu no Yaiba	Action	Action, Adventure, Drama, Fantasy, Supernatural	862181	2019
Death Note	Mystery	Mystery, Psychological, Supernatural, Thriller	826724	2006
JUJUTSU KAISEN	Action	Action, Drama, Supernatural	816411	2020
My Hero Academia	Action	Action, Adventure, Comedy	766386	2016
Hunter x Hunter (2011)	Action	Action, Adventure, Fantasy	731872	2011
One-Punch Man	Action	Action, Comedy, Sci-Fi, Supernatural	679181	2015
Tokyo Ghoul	Action	Action, Drama, Horror, Mystery, Psychological, Supernatural	648646	2014
Attack on Titan Season 2	Action	Action, Drama, Fantasy, Mystery	641479	2017
ONE PIECE	Action	Action, Adventure, Comedy, Drama, Fantasy	632821	1999
Fullmetal Alchemist: Brotherhood	Action	Action, Adventure, Drama, Fantasy	631745	2009
Sword Art Online	Action	Action, Adventure, Fantasy, Romance	631395	2012
Naruto	Action	Action, Adventure, Comedy, Drama, Fantasy, Supernatural	629351	2002
Your Name.	Drama	Drama, Romance, Supernatural	619307	2016
A Silent Voice	Drama	Drama, Romance, Slice of Life	609923	2016
Attack on Titan Season 3	Action	Action, Drama, Fantasy, Mystery	598938	2018
My Hero Academia Season 2	Action	Action, Adventure, Comedy	582980	2017
The Promised Neverland	Drama	Drama, Fantasy, Horror, Mystery, Psychological, Thriller	567525	2019
Attack on Titan Final Season	Action	Action, Drama, Fantasy, Mystery	558780	2021
Assassination Classroom	Action	Action, Comedy, Drama, Supernatural	553759	2015
Mob Psycho 100	Action	Action, Comedy, Drama, Psychological, Slice of Life, Supernatural	543912	2016
Your lie in April	Drama	Drama, Music, Romance, Slice of Life	535171	2014
ERASED	Drama	Drama, Mystery, Psychological, Supernatural, Thriller	534511	2016
My Hero Academia Season 3	Action	Action, Adventure, Comedy, Drama	533779	2018
Naruto: Shippuden	Action	Action, Adventure, Comedy, Drama, Fantasy, Supernatural	532866	2007
Attack on Titan Season 3 Part 2	Action	Action, Drama, Fantasy, Mystery	532052	2019
Re:ZERO -Starting Life in Another World-	Action	Action, Adventure, Drama, Fantasy, Psychological, Romance, Thriller	526812	2016
Steins;Gate	Drama	Drama, Psychological, Sci-Fi, Thriller	520009	2011
HAIKYU!!	Comedy	Comedy, Drama, Sports	518122	2014
Rascal Does Not Dream of Bunny Girl Senpai	Comedy	Comedy, Drama, Mystery, Psychological, Romance, Supernatural	499427	2018
Chainsaw Man	Action	Action, Drama, Horror, Supernatural	499128	2022
Black Clover	Action	Action, Adventure, Comedy, Fantasy	495640	2017
Noragami	Action	Action, Adventure, Comedy, Supernatural	486507	2014
No Game, No Life	Adventure	Adventure, Comedy, Ecchi, Fantasy	486117	2014
Kaguya-sama: Love is War	Comedy	Comedy, Psychological, Romance, Slice of Life	485287	2019
Dr. STONE	Action	Action, Adventure, Comedy, Sci-Fi	479993	2019
Toradora!	Comedy	Comedy, Drama, Romance, Slice of Life	479509	2008
Violet Evergarden	Drama	Drama, Fantasy, Slice of Life	477971	2018
SPY x FAMILY	Action	Action, Comedy, Slice of Life, Supernatural	477046	2022
Akame ga Kill!	Action	Action, Adventure, Drama, Fantasy, Horror, Psychological, Thriller	473614	2014
My Hero Academia Season 4	Action	Action, Adventure, Comedy, Drama, Sci-Fi	470223	2019
The Seven Deadly Sins	Action	Action, Adventure, Comedy, Ecchi, Fantasy, Supernatural	470099	2014
KONOSUBA -God's blessing on this wonderful world!	Adventure	Adventure, Comedy, Ecchi, Fantasy	452473	2016
Vinland Saga	Action	Action, Adventure, Drama	451829	2019
Horimiya	Comedy	Comedy, Romance, Slice of Life	447343	2021
Parasyte -the maxim-	Action	Action, Drama, Horror, Psychological, Sci-Fi	443761	2014
Demon Slayer -Kimetsu no Yaiba- The Movie: Mugen Train	Action	Action, Adventure, Drama, Fantasy, Mystery, Supernatural	441883	2020
DARLING in the FRANXX	Action	Action, Drama, Mecha, Psychological, Romance, Sci-Fi	436547	2018
Bleach	Action	Action, Adventure, Supernatural	427049	2004
Code Geass: Lelouch of the Rebellion	Action	Action, Drama, Mecha, Sci-Fi, Thriller	425911	2006
Neon Genesis Evangelion	Action	Action, Drama, Mecha, Mystery, Psychological, Sci-Fi	423218	1995
Spirited Away	Adventure	Adventure, Drama, Fantasy, Supernatural	421251	2001
Death Parade	Drama	Drama, Mystery, Psychological, Supernatural, Thriller	419619	2015
Blue Exorcist	Action	Action, Fantasy, Supernatural	417124	2011
JoJo's Bizarre Adventure (TV)	Action	Action, Adventure, Supernatural	414432	2012
Fire Force	Action	Action, Drama, Sci-Fi, Supernatural	413208	2019
One-Punch Man Season 2	Action	Action, Comedy, Sci-Fi, Supernatural	411454	2019
Cowboy Bebop	Action	Action, Adventure, Drama, Sci-Fi	410988	1998
Kakegurui	Drama	Drama, Mystery, Psychological	408424	2017
Demon Slayer: Kimetsu no Yaiba Entertainment District Arc	Action	Action, Adventure, Fantasy, Supernatural	404532	2022
Sword Art Online II	Action	Action, Adventure, Fantasy, Sci-Fi	403447	2014
The Rising of the Shield Hero	Action	Action, Adventure, Fantasy	400212	2019
Angel Beats!	Action	Action, Comedy, Drama, Supernatural	398971	2010
Mob Psycho 100 II	Action	Action, Comedy, Drama, Psychological, Slice of Life, Supernatural	397017	2019
Tokyo Revengers	Action	Action, Drama, Romance, Supernatural	394029	2021
That Time I Got Reincarnated as a Slime	Action	Action, Adventure, Comedy, Fantasy	387538	2018
The Future Diary	Action	Action, Horror, Mystery, Psychological, Supernatural, Thriller	386146	2011
Kaguya-sama: Love is War?	Comedy	Comedy, Psychological, Romance, Slice of Life	384920	2020
Charlotte	Comedy	Comedy, Drama, Romance, Sci-Fi, Supernatural	377969	2015
Mushoku Tensei: Jobless Reincarnation	Adventure	Adventure, Drama, Ecchi, Fantasy	374329	2021
Classroom of the Elite	Drama	Drama, Psychological	374047	2017
Bungo Stray Dogs	Action	Action, Comedy, Mystery, Supernatural	373013	2016
Kill la Kill	Action	Action, Comedy, Ecchi	372603	2013
Attack on Titan Final Season Part 2	Action	Action, Drama, Fantasy, Mystery, Psychological	368043	2022
Food Wars!	Comedy	Comedy, Ecchi	363959	2015
Tokyo Ghoul √A	Action	Action, Drama, Horror, Mystery, Psychological, Supernatural	361824	2015
Anohana: The Flower We Saw That Day	Drama	Drama, Romance, Slice of Life, Supernatural	359717	2011
HAIKYU!! 2nd Season	Comedy	Comedy, Drama, Sports	359077	2015
My Hero Academia Season 5	Action	Action, Adventure, Comedy, Sci-Fi	358615	2021
The Devil is a Part-Timer!	Comedy	Comedy, Fantasy, Romance, Slice of Life	357055	2013
Made in Abyss	Adventure	Adventure, Drama, Fantasy, Horror, Mystery, Sci-Fi	355287	2017
Overlord	Action	Action, Adventure, Fantasy	349606	2015
JUJUTSU KAISEN 0	Action	Action, Supernatural	349059	2021
Is It Wrong to Try to Pick Up Girls in a Dungeon?	Action	Action, Adventure, Comedy, Fantasy, Romance	348878	2015
Another	Horror	Horror, Mystery, Psychological, Supernatural, Thriller	343846	2012
My Dress-Up Darling	Comedy	Comedy, Ecchi, Romance, Slice of Life	338066	2022
Fairy Tail	Action	Action, Adventure, Comedy, Fantasy	335016	2009
Soul Eater	Action	Action, Adventure, Comedy, Fantasy, Supernatural	334308	2008
KONOSUBA -God's blessing on this wonderful world! 2	Adventure	Adventure, Comedy, Ecchi, Fantasy	332463	2017
My Teen Romantic Comedy SNAFU	Comedy	Comedy, Drama, Romance, Slice of Life	329528	2013
Dororo	Action	Action, Adventure, Drama, Supernatural	327642	2019
Assassination Classroom 2	Action	Action, Comedy, Drama, Supernatural	327516	2016
Gurren Lagann	Action	Action, Comedy, Drama, Mecha, Romance, Sci-Fi	326516	2007
HAIKYU!! 3rd Season	Comedy	Comedy, Drama, Sports	326451	2016
PSYCHO-PASS	Action	Action, Psychological, Sci-Fi, Thriller	319743	2012
Re:ZERO -Starting Life in Another World- Season 2	Action	Action, Adventure, Drama, Fantasy, Psychological, Thriller	319635	2020
Code Geass: Lelouch of the Rebellion R2	Action	Action, Drama, Mecha, Sci-Fi, Thriller	317693	2008
I Want to Eat Your Pancreas	Drama	Drama, Romance, Slice of Life	314904	2018
Howl‘s Moving Castle	Adventure	Adventure, Drama, Fantasy, Romance	314532	2004
Hyouka	Mystery	Mystery, Romance, Slice of Life	314031	2012
Fate/Zero	Action	Action, Drama, Fantasy, Supernatural	311701	2011
Devilman Crybaby	Action	Action, Drama, Horror, Psychological, Supernatural	310602	2018
Love, Chunibyo & Other Delusions	Comedy	Comedy, Drama, Romance, Slice of Life	309110	2012
Weathering With You	Drama	Drama, Romance, Slice of Life, Supernatural	308655	2019
The Disastrous Life of Saiki K.	Comedy	Comedy, Slice of Life, Supernatural	307661	2016
Bakemonogatari	Comedy	Comedy, Drama, Mystery, Psychological, Romance, Supernatural	305376	2009
Demon Slayer: Kimetsu no Yaiba Mugen Train Arc	Action	Action, Adventure, Drama, Fantasy, Mystery, Supernatural	301969	2021
JoJo's Bizarre Adventure: Stardust Crusaders	Action	Action, Adventure, Supernatural	299864	2014
Miss Kobayashi's Dragon Maid	Comedy	Comedy, Fantasy, Slice of Life	297818	2017
Tower of God	Action	Action, Adventure, Drama, Fantasy, Mystery	297369	2020
The Promised Neverland Season 2	Action	Action, Adventure, Drama, Fantasy, Horror, Psychological, Thriller	294961	2021
Dr. STONE: STONE WARS	Action	Action, Adventure, Comedy, Sci-Fi	292268	2021
Cyberpunk: Edgerunners	Action	Action, Drama, Psychological, Sci-Fi	291876	2022
Wotakoi: Love is Hard for Otaku	Comedy	Comedy, Romance, Slice of Life	288826	2018
Seraph of the End: Vampire Reign	Action	Action, Drama, Fantasy, Mystery, Supernatural	288395	2015
Puella Magi Madoka Magica	Action	Action, Drama, Fantasy, Mahou Shoujo, Psychological, Thriller	286124	2011
Monster	Drama	Drama, Horror, Mystery, Psychological, Thriller	284692	2004
Noragami Aragoto	Action	Action, Adventure, Comedy, Supernatural	284685	2015
SPY x FAMILY Cour 2	Action	Action, Comedy, Slice of Life, Supernatural	280221	2022
BANANA FISH	Action	Action, Drama, Psychological, Thriller	278561	2018
Rent-a-Girlfriend	Comedy	Comedy, Drama, Romance	274990	2020
Komi Can’t Communicate	Comedy	Comedy, Romance, Slice of Life	274886	2021
JoJo's Bizarre Adventure: Diamond is Unbreakable	Action	Action, Adventure, Drama, Mystery, Supernatural	273970	2016
Fruits Basket (2019)	Comedy	Comedy, Drama, Romance, Slice of Life, Supernatural	273659	2019
To Your Eternity	Adventure	Adventure, Drama, Fantasy, Psychological, Supernatural	273422	2021
High School DxD	Action	Action, Comedy, Ecchi, Fantasy, Romance	272960	2012
Tokyo Ghoul:re	Action	Action, Horror, Mystery, Psychological, Supernatural	272753	2018
Hell’s Paradise	Action	Action, Adventure, Mystery, Supernatural	271471	2023
That Time I Got Reincarnated as a Slime Season 2	Action	Action, Adventure, Comedy, Fantasy	270935	2021
The Quintessential Quintuplets	Comedy	Comedy, Drama, Romance, Slice of Life	269558	2019
The God of High School	Action	Action, Fantasy	268075	2020
GOBLIN SLAYER	Action	Action, Adventure, Fantasy	266747	2018
Mushoku Tensei: Jobless Reincarnation Cour 2	Adventure	Adventure, Drama, Ecchi, Fantasy	265818	2021
Durarara!!	Action	Action, Mystery, Supernatural	265098	2010
BLUE LOCK	Action	Action, Drama, Sports	265024	2022
HAIKYU!! TO THE TOP	Comedy	Comedy, Drama, Sports	264355	2020
Princess Mononoke	Action	Action, Adventure, Drama, Fantasy	264306	1997
Clannad	Comedy	Comedy, Drama, Romance, Slice of Life, Supernatural	263123	2007
86 EIGHTY-SIX	Action	Action, Drama, Mecha, Sci-Fi	260643	2021
JoJo's Bizarre Adventure: Golden Wind	Action	Action, Adventure, Drama, Mystery, Supernatural	260344	2018
Fire Force Season 2	Action	Action, Drama, Sci-Fi, Supernatural	260100	2020
Gintama	Action	Action, Comedy, Drama, Sci-Fi	259849	2006
WONDER EGG PRIORITY	Action	Action, Drama, Fantasy, Mystery, Psychological, Sci-Fi, Thriller	258180	2021
The Seven Deadly Sins: Revival of the Commandments	Action	Action, Adventure, Comedy, Ecchi, Fantasy, Supernatural	257796	2018
Sword Art Online: Alicization	Action	Action, Adventure, Fantasy	255928	2018
Maid-Sama!	Comedy	Comedy, Drama, Romance	255636	2010
Beyond the Boundary	Action	Action, Drama, Fantasy, Slice of Life, Supernatural	254556	2013
Re:ZERO -Starting Life in Another World- Season 2 Part 2	Action	Action, Adventure, Drama, Fantasy, Psychological, Romance, Thriller	254264	2021
Terror in Resonance	Drama	Drama, Mystery, Psychological, Thriller	254158	2014
JoJo's Bizarre Adventure: Stardust Crusaders - Battle in Egypt	Action	Action, Adventure, Drama, Supernatural	253980	2015
High School of the Dead	Action	Action, Drama, Ecchi, Horror, Romance, Supernatural	252326	2010
Kuroko's Basketball	Comedy	Comedy, Sports	250785	2012
Kaguya-sama: Love is War -Ultra Romantic-	Comedy	Comedy, Psychological, Romance, Slice of Life	249641	2022
The Pet Girl of Sakurasou	Comedy	Comedy, Drama, Romance, Slice of Life	248363	2012
K-ON!	Comedy	Comedy, Music, Slice of Life	246933	2009
My Neighbor Totoro	Adventure	Adventure, Fantasy, Slice of Life, Supernatural	246147	1988
Samurai Champloo	Action	Action, Adventure, Comedy	245425	2004
Elfen Lied	Action	Action, Drama, Ecchi, Horror, Psychological, Romance, Supernatural	242849	2004
The Eminence in Shadow	Action	Action, Comedy, Fantasy	242492	2022
My Teen Romantic Comedy SNAFU TOO!	Comedy	Comedy, Drama, Romance, Slice of Life	242414	2015
Nisekoi	Comedy	Comedy, Romance, Slice of Life	240230	2014
Food Wars! The Second Plate	Comedy	Comedy, Ecchi	237672	2016
DON'T TOY WITH ME, MISS NAGATORO	Comedy	Comedy, Romance, Slice of Life	236271	2021
Fate/stay night: Unlimited Blade Works	Action	Action, Fantasy, Supernatural	235420	2014
Fullmetal Alchemist	Action	Action, Adventure, Drama, Fantasy	233910	2003
Overlord II	Action	Action, Adventure, Fantasy	233304	2018
BEASTARS	Drama	Drama, Mystery, Psychological, Romance, Slice of Life	232821	2019
Black Butler	Action	Action, Comedy, Fantasy, Mystery, Supernatural	232434	2008
My Little Monster	Comedy	Comedy, Romance, Slice of Life	230990	2012
Golden Time	Drama	Drama, Romance	230454	2013
The Misfit of Demon King Academy: History’s Strongest Demon King Reincarnates and Goes to School with His Descendants	Action	Action, Comedy, Fantasy	229292	2020
Saga of Tanya the Evil	Action	Action, Fantasy	229217	2017
The Irregular at Magic High School	Action	Action, Romance, Sci-Fi, Supernatural	229155	2014
Plastic Memories	Drama	Drama, Romance, Sci-Fi, Slice of Life	228260	2015
HAIKYU!! TO THE TOP Part 2	Comedy	Comedy, Drama, Sports	228024	2020
Ouran High School Host Club	Comedy	Comedy, Drama, Romance, Slice of Life	227113	2006
Dragon Ball Z	Action	Action, Adventure, Comedy, Fantasy, Supernatural	226253	1989
ReLIFE	Comedy	Comedy, Drama, Romance, Slice of Life	225055	2016
Rascal Does Not Dream of a Dreaming Girl	Drama	Drama, Psychological, Romance, Supernatural	224742	2019
That Time I Got Reincarnated as a Slime Season 2 Part 2	Action	Action, Adventure, Comedy, Fantasy	224405	2021
Deadman Wonderland	Action	Action, Drama, Sci-Fi, Supernatural	224219	2011
The Garden of Words	Drama	Drama, Psychological, Romance, Slice of Life	222856	2013
5 Centimeters per Second	Drama	Drama, Romance, Slice of Life	222364	2007
Call of the Night	Comedy	Comedy, Psychological, Romance, Slice of Life, Supernatural	221437	2022
Mob Psycho 100 III	Action	Action, Comedy, Drama, Psychological, Slice of Life, Supernatural	220217	2022
Fate/Zero Season 2	Action	Action, Drama, Fantasy, Supernatural	220174	2012
Neon Genesis Evangelion: The End of Evangelion	Action	Action, Drama, Mecha, Psychological, Sci-Fi	218687	1997
Vinland Saga Season 2	Action	Action, Adventure, Drama	217951	2023
Kakegurui xx	Drama	Drama, Mystery, Psychological	217924	2019
The Ancient Magus' Bride	Drama	Drama, Fantasy, Romance, Slice of Life, Supernatural	217723	2017
Guilty Crown	Action	Action, Drama, Mecha, Psychological, Romance, Sci-Fi	217024	2011
Blue Spring Ride	Drama	Drama, Romance, Slice of Life	216939	2014
Black Lagoon	Action	Action, Adventure, Drama, Thriller	216872	2006
My Hero Academia Season 6	Action	Action, Adventure	216698	2022
Prison School	Comedy	Comedy, Ecchi	216685	2015
Date A Live	Action	Action, Comedy, Ecchi, Fantasy, Mecha, Romance, Sci-Fi	216321	2013
Bungo Stray Dogs 2	Action	Action, Comedy, Mystery, Supernatural	216060	2016
Overlord III	Action	Action, Adventure, Fantasy	215750	2018
Is It Wrong to Try to Pick Up Girls in a Dungeon? II	Action	Action, Adventure, Comedy, Fantasy, Romance	215372	2019
Nichijou - My Ordinary Life	Comedy	Comedy, Slice of Life	214881	2011
Serial Experiments Lain	Drama	Drama, Mystery, Psychological, Sci-Fi, Supernatural	214602	1998
Toilet-bound Hanako-kun	Action	Action, Comedy, Drama, Mystery, Supernatural	214196	2020
BOCCHI THE ROCK!	Comedy	Comedy, Music, Slice of Life	213140	2022
SK8 the Infinity	Action	Action, Drama, Sports	213015	2021
Kimi ni Todoke: From Me to You	Comedy	Comedy, Drama, Romance, Slice of Life	212611	2009
Log Horizon	Action	Action, Adventure, Fantasy	212558	2013
KONOSUBA -God's blessing on this wonderful world!- Legend of Crimson	Action	Action, Adventure, Comedy, Ecchi, Fantasy, Supernatural	212298	2019
The Rising of the Shield Hero Season 2	Action	Action, Adventure, Fantasy	212173	2022
TONIKAWA: Over The Moon For You	Comedy	Comedy, Romance, Slice of Life	211531	2020
Chivalry of a Failed Knight	Action	Action, Ecchi, Fantasy, Romance	210808	2015
Yuri!!! on ICE	Comedy	Comedy, Drama, Sports	210522	2016
Orange	Drama	Drama, Romance, Supernatural	210228	2016
Danganronpa: The Animation	Horror	Horror, Mystery, Psychological, Sci-Fi, Thriller	209941	2013
Masamune-kun's Revenge	Comedy	Comedy, Romance, Slice of Life	209545	2017
Tokyo Ghoul:re 2	Action	Action, Horror, Mystery, Psychological, Supernatural	208417	2018
Food Wars! The Third Plate	Comedy	Comedy, Ecchi	207764	2017
Perfect Blue	Drama	Drama, Horror, Psychological, Thriller	207736	1998
Magi: The Labyrinth of Magic	Action	Action, Adventure, Fantasy	207134	2012
No Game, No Life Zero	Action	Action, Adventure, Drama, Fantasy, Romance	206940	2017
Great Pretender	Action	Action, Comedy, Drama, Thriller	205996	2020
Blood Blockade Battlefront	Action	Action, Comedy, Supernatural	205021	2015
Monthly Girls' Nozaki-kun	Comedy	Comedy, Romance, Slice of Life	204704	2014
Boruto: Naruto Next Generations	Action	Action, Adventure, Fantasy	203861	2017
Dragon Ball	Action	Action, Adventure, Comedy, Fantasy, Sci-Fi, Supernatural	203742	1986
Akira	Action	Action, Adventure, Horror, Psychological, Sci-Fi, Supernatural	202103	1988
Grand Blue Dreaming	Comedy	Comedy, Slice of Life, Sports	200619	2018
Clannad: After Story	Drama	Drama, Romance, Slice of Life, Supernatural	200252	2008
My Hero Academia: Two Heroes	Action	Action, Comedy, Drama, Sci-Fi	199085	2018
Steins;Gate 0	Drama	Drama, Psychological, Sci-Fi, Thriller	197529	2018
The Quintessential Quintuplets 2	Comedy	Comedy, Drama, Romance, Slice of Life	197250	2021
Domestic Girlfriend	Drama	Drama, Ecchi, Romance	196773	2019
Angels of Death	Action	Action, Adventure, Horror, Psychological, Thriller	195786	2018
Sword Art Online: Alicization - War of Underworld	Action	Action, Adventure, Fantasy	194881	2019
My Teen Romantic Comedy SNAFU Climax!	Comedy	Comedy, Drama, Romance, Slice of Life	194839	2020
Ranking of Kings	Action	Action, Adventure, Drama, Fantasy	193796	2021
Arifureta: From Commonplace to World's Strongest	Action	Action, Adventure, Fantasy, Psychological	193546	2019
March comes in like a lion	Drama	Drama, Slice of Life	193498	2016
given	Drama	Drama, Music, Romance, Slice of Life	191030	2019
Yona of the Dawn	Action	Action, Adventure, Comedy, Drama, Fantasy, Romance	191004	2014
Dragon Ball Super	Action	Action, Adventure, Comedy, Fantasy, Sci-Fi	189759	2015
Summer Time Rendering	Action	Action, Drama, Mystery, Supernatural, Thriller	187126	2022
Cells at Work!	Action	Action, Comedy, Sci-Fi	186638	2018
Fate/stay night: Unlimited Blade Works 2nd Season	Action	Action, Drama, Fantasy, Supernatural	183776	2015
FLCL	Action	Action, Comedy, Mecha, Sci-Fi	183716	2000
Kiznaiver	Drama	Drama, Romance, Sci-Fi	181756	2016
SHIMONETA: A Boring World Where the Concept of Dirty Jokes Doesn’t Exist	Comedy	Comedy, Ecchi	181627	2015
The Seven Deadly Sins: Imperial Wrath of the Gods	Action	Action, Adventure, Comedy, Ecchi, Fantasy, Supernatural	180887	2019
The Case Study of Vanitas	Action	Action, Drama, Fantasy, Mystery, Supernatural	180004	2021
Lycoris Recoil	Action	Action, Slice of Life	179791	2022
The Melancholy of Haruhi Suzumiya	Comedy	Comedy, Mystery, Sci-Fi, Slice of Life, Supernatural	179502	2006
How NOT to Summon a Demon Lord	Comedy	Comedy, Ecchi, Fantasy	179071	2018
Bungo Stray Dogs 3	Action	Action, Comedy, Mystery, Supernatural	178607	2019
Black Bullet	Action	Action, Drama, Mystery, Sci-Fi	178332	2014
Into the Forest of Fireflies' Light	Drama	Drama, Fantasy, Romance, Supernatural	178156	2011
91 Days	Action	Action, Drama, Psychological	178132	2016
Shikimori's Not Just a Cutie	Comedy	Comedy, Romance, Slice of Life	177661	2022
Seraph of the End: Battle in Nagoya	Action	Action, Drama, Fantasy, Supernatural	176364	2015
Wolf Children	Drama	Drama, Fantasy, Romance, Slice of Life	176128	2012
Tsuredure Children	Comedy	Comedy, Drama, Romance, Slice of Life	176089	2017
High School DxD NEW	Action	Action, Comedy, Ecchi, Fantasy, Romance	175204	2013
Grave of the Fireflies	Drama	Drama	175114	1988
Daily Lives of High School Boys	Comedy	Comedy, Slice of Life	174784	2012
NANA	Drama	Drama, Music, Romance, Slice of Life	174503	2006
Sword Art Online the Movie: Ordinal Scale	Action	Action, Adventure, Fantasy, Romance, Sci-Fi	174469	2017
Is It Wrong to Try to Pick Up Girls in a Dungeon? III	Action	Action, Adventure, Comedy, Fantasy, Romance	174289	2020
Baccano!	Action	Action, Mystery, Supernatural	174034	2007
TRINITY SEVEN	Action	Action, Comedy, Ecchi, Fantasy, Romance	173986	2014
Kabaneri of the Iron Fortress	Action	Action, Drama, Fantasy, Horror, Supernatural	172997	2016
Violet Evergarden: the Movie	Drama	Drama, Fantasy, Slice of Life	172848	2020
Sword Art Online: Alicization - War of Underworld Part 2	Action	Action, Adventure, Fantasy	172742	2020
Cautious Hero: The Hero Is Overpowered but Overly Cautious	Action	Action, Adventure, Comedy, Fantasy	172737	2019
Akashic Records of Bastard Magic Instructor	Action	Action, Comedy, Fantasy	172670	2017
Kokoro Connect	Drama	Drama, Romance, Slice of Life, Supernatural	172055	2012
Welcome to the N-H-K	Comedy	Comedy, Drama, Psychological, Romance, Slice of Life	172010	2006
Haven't You Heard? I'm Sakamoto	Comedy	Comedy, Slice of Life	171938	2016
A Certain Magical Index	Action	Action, Sci-Fi, Supernatural	171567	2008
MUSHI-SHI	Adventure	Adventure, Fantasy, Mystery, Psychological, Slice of Life, Supernatural	171530	2005
Nisemonogatari	Comedy	Comedy, Drama, Ecchi, Mystery, Psychological, Supernatural	171256	2012
Gate	Action	Action, Adventure, Fantasy	170723	2015
Eromanga Sensei	Comedy	Comedy, Drama, Ecchi, Romance, Slice of Life	170634	2017
Free! -Iwatobi Swim Club-	Comedy	Comedy, Drama, Slice of Life, Sports	169911	2013
Yamada and the Seven Witches	Comedy	Comedy, Mystery, Romance, Supernatural	169243	2015
Higehiro: After Being Rejected, I Shaved and Took in a High School Runaway	Drama	Drama, Romance, Slice of Life	167925	2021
BLEND-S	Comedy	Comedy, Slice of Life	167617	2017
Fate/stay night	Action	Action, Fantasy, Romance, Supernatural	167358	2006
Fruits Basket Season 2	Comedy	Comedy, Drama, Psychological, Romance, Slice of Life, Supernatural	167101	2020
Fairy Tail Series 2	Action	Action, Adventure, Fantasy	166948	2014
The Disastrous Life of Saiki K. Season 2	Comedy	Comedy, Slice of Life, Supernatural	166381	2018
The World's Finest Assassin Gets Reincarnated in Another World as an Aristocrat	Action	Action, Adventure, Drama, Fantasy, Mystery, Romance	166102	2021
Dr. STONE New World	Action	Action, Adventure, Comedy, Sci-Fi	165883	2023
A Whisker Away	Drama	Drama, Fantasy, Romance	165255	2020
Scum's Wish	Drama	Drama, Ecchi, Psychological, Romance	164951	2017
BLEACH: Thousand-Year Blood War	Action	Action, Adventure, Supernatural	164556	2022
Love, Chunibyo & Other Delusions - Heart Throb -	Comedy	Comedy, Drama, Romance, Slice of Life	164257	2014
Spice and Wolf	Adventure	Adventure, Fantasy, Romance, Slice of Life	164223	2008
Ponyo	Adventure	Adventure, Fantasy	163437	2008
Kiki's Delivery Service	Adventure	Adventure, Drama, Fantasy, Slice of Life	163122	1989
Blue Exorcist: Kyoto Saga	Action	Action, Fantasy, Supernatural	162649	2017
From the New World	Drama	Drama, Horror, Mystery, Psychological, Sci-Fi, Supernatural	162494	2012
Kuroko's Basketball 2	Comedy	Comedy, Sports	162465	2013
Suzume	Adventure	Adventure, Fantasy, Mystery, Supernatural	161996	2022
Snow White with the Red Hair	Drama	Drama, Fantasy, Romance	161120	2015
Hellsing Ultimate	Action	Action, Horror, Supernatural	160626	2006
JoJo's Bizarre Adventure: STONE OCEAN	Action	Action, Adventure, Drama, Supernatural	160617	2021
When They Cry	Horror	Horror, Mystery, Psychological, Supernatural, Thriller	160207	2006
Saekano: How to Raise a Boring Girlfriend	Comedy	Comedy, Romance, Slice of Life	159898	2015
Food Wars! The Fourth Plate	Comedy	Comedy, Ecchi	159584	2019
86 EIGHTY-SIX Part 2	Action	Action, Drama, Mecha, Sci-Fi	159368	2021
Vivy -Fluorite Eye's Song-	Action	Action, Drama, Music, Sci-Fi, Thriller	159343	2021
Grimgar of Fantasy and Ash	Action	Action, Adventure, Drama, Fantasy	159255	2016
The Girl Who Leapt Through Time	Drama	Drama, Romance, Sci-Fi	158635	2006
Darker than Black	Action	Action, Mystery, Sci-Fi	157970	2007
K	Action	Action, Mystery, Supernatural	157754	2012
Monogatari Series Second Season	Comedy	Comedy, Drama, Mystery, Psychological, Romance, Supernatural	157486	2013
High School DxD BorN	Action	Action, Comedy, Ecchi, Fantasy, Romance	157287	2015
Food Wars! The Third Plate: Totsuki Train Arc	Comedy	Comedy, Ecchi	157220	2018
INUYASHIKI LAST HERO	Action	Action, Drama, Psychological, Sci-Fi	157162	2017
BOFURI: I Don't Want to Get Hurt, so I'll Max Out My Defense.	Action	Action, Adventure, Comedy, Fantasy, Slice of Life	157112	2020
Dorohedoro	Action	Action, Adventure, Comedy, Fantasy, Horror, Mystery	156878	2020
Wise Man’s Grandchild	Action	Action, Comedy, Fantasy, Romance	156875	2019
GAMERS!	Comedy	Comedy, Drama, Romance, Slice of Life	156605	2017
Himouto! Umaru-chan	Comedy	Comedy, Slice of Life	156057	2015
Fruits Basket The Final Season	Comedy	Comedy, Drama, Psychological, Romance, Slice of Life, Supernatural	155903	2021
Darwin's Game	Action	Action, Mystery, Sci-Fi, Thriller	155517	2020
My Hero Academia: Heroes Rising	Action	Action, Sci-Fi	155035	2019
InuYasha	Action	Action, Adventure, Comedy, Fantasy, Romance	154900	2000
The Seven Deadly Sins: Signs of A Holy War	Action	Action, Adventure, Comedy, Ecchi, Fantasy, Supernatural	154383	2016
Teasing Master Takagi-san	Comedy	Comedy, Romance, Slice of Life	153627	2018
Josee, the Tiger and the Fish	Drama	Drama, Romance, Slice of Life	153187	2020
Magi: The Kingdom of Magic	Action	Action, Adventure, Fantasy	152551	2013
A Place Further Than the Universe	Adventure	Adventure, Comedy, Drama	152449	2018
GTO: Great Teacher Onizuka	Comedy	Comedy, Drama, Slice of Life	152260	1999
Berserk	Action	Action, Adventure, Drama, Fantasy, Horror, Supernatural	151821	1997
Laid-Back Camp	Comedy	Comedy, Slice of Life	151551	2018
Monster Musume: Everyday Life With Monster Girls	Comedy	Comedy, Ecchi, Fantasy, Romance	151491	2015
Sword Art Online Alternative: Gun Gale Online	Action	Action, Sci-Fi	151433	2018
K-ON! Season 2	Comedy	Comedy, Music, Slice of Life	151167	2010
takt op.Destiny	Action	Action, Fantasy, Music	150796	2021
Little Witch Academia (TV)	Comedy	Comedy, Fantasy	150678	2017
Miss Kobayashi's Dragon Maid S	Comedy	Comedy, Fantasy, Slice of Life	150611	2021
Ghost in the Shell	Action	Action, Psychological, Sci-Fi	150526	1995
Nisekoi:	Comedy	Comedy, Romance, Slice of Life	150297	2015
The Millionaire Detective - Balance: UNLIMITED	Action	Action, Comedy, Mystery, Sci-Fi	150278	2020
Kizumonogatari Part 1: Tekketsu	Action	Action, Drama, Ecchi, Mystery, Psychological, Supernatural	150112	2016
Haganai	Comedy	Comedy, Ecchi, Romance, Slice of Life	149426	2011
Overlord IV	Action	Action, Adventure, Fantasy	149278	2022
BTOOOM!	Action	Action, Psychological, Sci-Fi	148783	2012
Trigun	Action	Action, Adventure, Comedy, Drama, Sci-Fi	148727	1998
Amagi Brilliant Park	Comedy	Comedy, Fantasy	148383	2014
Akudama Drive	Action	Action, Drama, Sci-Fi, Thriller	145509	2020
Kamisama Kiss	Comedy	Comedy, Fantasy, Romance, Supernatural	144731	2012
KONOSUBA -God's blessing on this wonderful world! 3	Action	Action, Adventure, Comedy, Ecchi, Fantasy	144370	2024
Kuroko's Basketball 3	Comedy	Comedy, Sports	144323	2015
Mieruko-chan	Comedy	Comedy, Horror, Slice of Life, Supernatural	144262	2021
Komi Can't Communicate Part 2	Comedy	Comedy, Romance, Slice of Life	144186	2022
Link Click	Drama	Drama, Mystery, Supernatural, Thriller	143931	
Made in Abyss: Dawn of the Deep Soul	Action	Action, Adventure, Drama, Fantasy, Horror, Mystery, Psychological, Sci-Fi	143785	2020
Land of the Lustrous	Action	Action, Drama, Fantasy, Mystery, Psychological	143130	2017
In/Spectre	Comedy	Comedy, Mystery, Romance, Supernatural	142976	2020
The Testament of Sister New Devil	Action	Action, Ecchi, Fantasy, Romance	142305	2015
Yu Yu Hakusho: Ghostfiles	Action	Action, Adventure, Comedy, Supernatural	142075	1992
Tsukigakirei	Drama	Drama, Romance, Slice of Life	141705	2017
ZOMBIE LAND SAGA	Comedy	Comedy, Music, Supernatural	141611	2018
The Way of the Househusband	Comedy	Comedy, Slice of Life	141576	2021
A Certain Scientific Railgun	Action	Action, Fantasy, Sci-Fi	140310	2009
My Love Story!!	Comedy	Comedy, Romance	140256	2015
Say "I love you".	Drama	Drama, Romance	139665	2012
The Asterisk War	Action	Action, Comedy, Ecchi, Fantasy, Romance, Sci-Fi	139408	2015
Barakamon	Slice of Life	Slice of Life	139261	2014
Welcome to Demon School! Iruma-kun	Comedy	Comedy, Fantasy	139103	2019
The Devil is a Part-Timer! Season 2	Comedy	Comedy, Fantasy, Romance, Slice of Life	138980	2022
The Familiar of Zero	Action	Action, Adventure, Comedy, Ecchi, Fantasy, Romance	138597	2006
Nekomonogatari Black	Drama	Drama, Mystery, Psychological, Romance, Supernatural	138560	2012
WataMote: No Matter How I Look At It, It's You Guys' Fault I'm Not Popular!	Comedy	Comedy, Slice of Life	138088	2013
Moriarty the Patriot	Drama	Drama, Mystery, Psychological	137470	2020
TSUKIMICHI -Moonlit Fantasy-	Action	Action, Adventure, Comedy, Fantasy	137332	2021
Ergo Proxy	Adventure	Adventure, Mystery, Psychological, Sci-Fi	136754	2006
Attack on Titan: No Regrets	Action	Action, Drama, Fantasy	136726	2015
HINAMATSURI	Comedy	Comedy, Sci-Fi, Slice of Life, Supernatural	136572	2018
Tomodachi Game	Drama	Drama, Mystery, Psychological, Thriller	136478	2022
Blue Period	Drama	Drama, Slice of Life	136443	2021
Sound! Euphonium	Drama	Drama, Music, Slice of Life	136133	2015
Gleipnir	Action	Action, Ecchi, Mystery, Supernatural	134301	2020
Food Wars! The Fifth Plate	Comedy	Comedy, Drama, Ecchi	134299	2020
In Another World With My Smartphone	Adventure	Adventure, Comedy, Fantasy, Romance	134175	2017
The Tatami Galaxy	Comedy	Comedy, Mystery, Psychological, Romance	134127	2010
Oreimo	Comedy	Comedy, Slice of Life	134088	2010
Asobi Asobase - workshop of fun -	Comedy	Comedy, Slice of Life	133797	2018
The Disappearance of Haruhi Suzumiya	Drama	Drama, Mystery, Sci-Fi, Supernatural	133769	2010
Made in Abyss: The Golden City of the Scorching Sun	Adventure	Adventure, Drama, Fantasy, Horror, Mystery, Sci-Fi	133491	2022
Wandering Witch: The Journey of Elaina	Adventure	Adventure, Fantasy, Slice of Life	133009	2020
Paprika	Fantasy	Fantasy, Mystery, Psychological, Sci-Fi, Thriller	133009	2006
Date A Live II	Action	Action, Comedy, Ecchi, Fantasy, Romance, Sci-Fi	132787	2014
Kizumonogatari Part 3: Reiketsu	Action	Action, Drama, Ecchi, Mystery, Psychological, Supernatural	132372	2017
ODDTAXI	Drama	Drama, Mystery, Psychological, Thriller	131528	2021
Redo of Healer	Action	Action, Adventure, Ecchi, Fantasy	131200	2021
The Fruit of Grisaia	Drama	Drama, Ecchi, Psychological, Romance	131063	2014
So I'm a Spider, So What?	Action	Action, Adventure, Comedy, Fantasy, Mystery	131016	2021
Uzaki-chan Wants to Hang Out!	Comedy	Comedy, Ecchi, Romance, Slice of Life	130769	2020
My Next Life as a Villainess: All Routes Lead to Doom!	Comedy	Comedy, Fantasy, Romance, Slice of Life	130613	2020
Citrus	Drama	Drama, Romance	129986	2018
Kizumonogatari Part 2: Nekketsu	Action	Action, Drama, Ecchi, Mystery, Psychological, Supernatural	129407	2016
Lucky☆Star	Comedy	Comedy, Slice of Life	129331	2007
Fate/stay night [Heaven's Feel] I. presage flower	Action	Action, Fantasy, Psychological, Supernatural	129207	2017
Pokémon	Action	Action, Adventure, Comedy, Fantasy	128663	1997
Maquia: When the Promised Flower Blooms	Drama	Drama, Fantasy, Psychological	128360	2018
Evangelion: 1.0 You Are (Not) Alone	Action	Action, Drama, Mecha, Psychological, Sci-Fi	128359	2007
BEASTARS Season 2	Drama	Drama, Mystery, Psychological, Romance, Slice of Life	128125	2021
PSYCHO-PASS 2	Action	Action, Psychological, Sci-Fi, Thriller	128008	2014
Megalobox	Action	Action, Drama, Sci-Fi, Sports	127510	2018
Blood Lad	Action	Action, Adventure, Comedy, Ecchi, Supernatural	127138	2013
My First Girlfriend is a Gal	Comedy	Comedy, Ecchi, Romance, Slice of Life	127102	2017
Fairy Tail Final Season	Action	Action, Adventure, Comedy, Fantasy	126990	2018
Violet Evergarden: Eternity and the Auto Memory Doll	Drama	Drama, Fantasy, Slice of Life	126672	2019
A Lull in the Sea (Nagi-Asu: Nagi no Asukara)	Drama	Drama, Fantasy, Romance, Slice of Life	126597	2013
Steins;Gate The Movie – Load Region of Déjà Vu	Drama	Drama, Romance, Sci-Fi, Thriller	125837	2013
The Last: Naruto the Movie	Action	Action, Romance	125537	2014
To Love Ru	Comedy	Comedy, Ecchi, Romance, Sci-Fi	125103	2008
Hellsing	Action	Action, Horror, Supernatural	124243	2001
Myriad Colors Phantom World	Action	Action, Ecchi, Slice of Life, Supernatural	124235	2016
Katanagatari	Action	Action, Adventure, Romance	123704	2010
The Rising of the Shield Hero Season 3	Action	Action, Adventure, Fantasy	123292	2023
And you thought there is never a girl online?	Comedy	Comedy, Ecchi, Romance	123140	2016
Re:CREATORS	Action	Action, Drama, Fantasy, Mecha, Thriller	123130	2017
ORESUKI: Are you the only one who loves me?	Comedy	Comedy, Drama, Ecchi, Romance, Slice of Life	123096	2019
Bottom-Tier Character Tomozaki	Comedy	Comedy, Drama, Romance, Slice of Life	122984	2021
GANGSTA.	Action	Action, Drama	122824	2015
The Seven Deadly Sins: Dragon's Judgement	Action	Action, Adventure, Comedy, Ecchi, Fantasy, Supernatural	122662	2021
Bloom Into You	Drama	Drama, Romance, Slice of Life	122562	2018
Recovery of an MMO Junkie	Comedy	Comedy, Fantasy, Romance, Slice of Life	122172	2017
The World God Only Knows	Comedy	Comedy, Romance, Supernatural	122170	2010
Tokyo Revengers Season 2	Action	Action, Drama, Romance, Supernatural	122064	2023
Accel World	Action	Action, Romance, Sci-Fi	121613	2012
The Angel Next Door Spoils Me Rotten	Romance	Romance, Slice of Life	121437	2023
High School DxD HERO	Action	Action, Comedy, Ecchi, Fantasy, Romance	121291	2018
March comes in like a lion Season 2	Drama	Drama, Slice of Life	121116	2017
Rokka -Braves of the Six Flowers-	Action	Action, Adventure, Fantasy, Mystery	121068	2015
Gabriel DropOut	Comedy	Comedy, Slice of Life, Supernatural	120702	2017
Hajime no Ippo: The Fighting!	Comedy	Comedy, Drama, Sports	120535	2000
I've Been Killing Slimes for 300 Years and Maxed Out My Level	Adventure	Adventure, Comedy, Fantasy, Slice of Life	120415	2021
Rent-a-Girlfriend Season 2	Comedy	Comedy, Drama, Romance	119831	2022
Fate/Apocrypha	Action	Action, Drama, Fantasy, Supernatural	119400	2017
Owarimonogatari	Drama	Drama, Mystery, Psychological, Supernatural	119398	2015
BAKI	Action	Action, Sports	119391	2018
Plunderer	Action	Action, Adventure, Comedy, Drama, Ecchi, Fantasy, Romance	119204	2020
Evangelion: 2.0 You Can (Not) Advance	Action	Action, Drama, Mecha, Psychological, Sci-Fi	119133	2009
Oreshura	Comedy	Comedy, Romance	118982	2013
Log Horizon 2	Action	Action, Adventure, Fantasy	118854	2014
BNA	Action	Action, Comedy, Fantasy	118792	2020
Death March to the Parallel World Rhapsody	Action	Action, Adventure, Comedy, Fantasy	118490	2018
Castle in the Sky	Adventure	Adventure, Fantasy, Sci-Fi	118466	1986
Attack on Titan OVA	Action	Action, Drama, Fantasy, Mystery	118349	2013
Girls' Last Tour	Adventure	Adventure, Sci-Fi, Slice of Life	118236	2017
Infinite Stratos	Action	Action, Comedy, Ecchi, Mecha, Romance, Sci-Fi	118035	2011
More than a Married Couple, but Not Lovers.	Comedy	Comedy, Drama, Ecchi, Romance	118026	2022
High-Rise Invasion	Action	Action, Horror, Mystery	117886	2021
Golden Kamuy	Action	Action, Adventure, Comedy	117749	2018
DRIFTERS	Action	Action, Adventure, Comedy, Fantasy	117723	2016
We Never Learn: BOKUBEN	Comedy	Comedy, Ecchi, Romance, Slice of Life	117544	2019
The Daily Life of the Immortal King	Action	Action, Adventure, Comedy, Fantasy, Slice of Life	117343	
Hunter x Hunter	Action	Action, Adventure, Fantasy	117254	1999
Platinum End	Drama	Drama, Mystery, Psychological, Romance, Supernatural	117243	2021
Strike the Blood	Action	Action, Ecchi, Fantasy, Supernatural	116860	2013
Sankarea: Undying Love	Comedy	Comedy, Ecchi, Horror, Romance, Supernatural	116789	2012
Tamako Market	Comedy	Comedy, Slice of Life	116529	2013
Shiki	Horror	Horror, Mystery, Supernatural, Thriller	116347	2010
The Misfit of Demon King Academy Ⅱ: History's Strongest Demon King Reincarnates and Goes to School with His Descendants	Action	Action, Fantasy	116193	2023
Dragon Ball GT	Action	Action, Adventure, Comedy, Sci-Fi	115692	1996
AHO-GIRL	Comedy	Comedy, Romance	115596	2017
Natsume's Book of Friends Season 1	Drama	Drama, Fantasy, Slice of Life, Supernatural	115151	2008
Fate/stay night [Heaven's Feel] II. lost butterfly	Action	Action, Fantasy, Psychological, Romance, Supernatural, Thriller	114877	2019
SCHOOL-LIVE!	Horror	Horror, Mystery, Psychological, Slice of Life, Supernatural	114586	2015
Seirei Gensouki: Spirit Chronicles	Action	Action, Drama, Fantasy, Romance	114285	2021
How a Realist Hero Rebuilt the Kingdom	Action	Action, Adventure, Fantasy, Romance	114121	2021
School Days (TV)	Drama	Drama, Psychological, Romance	114109	2007
Girlfriend, Girlfriend	Comedy	Comedy, Ecchi, Romance, Slice of Life	114056	2021
Lovely Complex	Comedy	Comedy, Romance, Slice of Life	113834	2007
Tanaka-kun is Always Listless	Comedy	Comedy, Slice of Life	113821	2016
Kemono Jihen	Action	Action, Drama, Mystery, Supernatural	113665	2021
HAIKYU!! LAND VS. AIR	Comedy	Comedy, Drama, Sports	113654	2020
ID: INVADED	Drama	Drama, Mystery, Psychological, Sci-Fi, Thriller	113407	2020
How Heavy Are the Dumbbells You Lift?	Comedy	Comedy, Ecchi, Slice of Life, Sports	113406	2019
KONOSUBA -God's blessing on this wonderful world!: God's Blessings On This Wonderful Choker!	Comedy	Comedy, Ecchi, Fantasy	113358	2016
Sonny Boy	Drama	Drama, Mystery, Psychological, Sci-Fi, Supernatural	113316	2021
Hanamonogatari	Drama	Drama, Mystery, Psychological, Supernatural	113186	2014
Paranoia Agent	Drama	Drama, Mystery, Psychological, Supernatural, Thriller	113186	2004
Owarimonogatari Second Season	Comedy	Comedy, Mystery, Psychological, Romance, Supernatural	113111	2017
Chihayafuru	Drama	Drama, Romance, Slice of Life, Sports	112436	2011
The Detective Is Already Dead	Comedy	Comedy, Drama, Mystery, Romance, Supernatural	112398	2021
NEW GAME!	Comedy	Comedy, Slice of Life	112318	2016
Bakuman.	Comedy	Comedy, Drama, Romance, Slice of Life	112032	2010
AJIN: Demi-Human	Action	Action, Horror, Mystery, Supernatural	111916	2016
How NOT to Summon a Demon Lord Ω	Comedy	Comedy, Ecchi, Fantasy	111854	2021
Tsukimonogatari	Comedy	Comedy, Ecchi, Mystery, Supernatural	111799	2014
Uncle from Another World	Adventure	Adventure, Comedy, Fantasy	111685	2022
Problem Children Are Coming From Another World, Aren't They?	Action	Action, Comedy, Fantasy, Supernatural	111667	2013
Ping Pong the Animation	Drama	Drama, Psychological, Sports	111540	2014
Non Non Biyori	Slice of Life	Slice of Life	111278	2013
Rosario + Vampire	Comedy	Comedy, Ecchi, Fantasy, Romance	111037	2008
Skip and Loafer	Comedy	Comedy, Romance, Slice of Life	110799	2023
Arifureta: From Commonplace to World's Strongest Season 2	Action	Action, Adventure, Fantasy, Psychological	110626	2022
Gate 2	Action	Action, Adventure, Fantasy	110361	2016
Twin Star Exorcists	Action	Action, Adventure, Comedy, Drama, Fantasy, Romance, Supernatural	110059	2016
Aharen-san wa Hakarenai	Comedy	Comedy, Romance, Slice of Life	109560	2022
Evangelion: 3.0 You Can (Not) Redo	Action	Action, Drama, Mecha, Psychological, Sci-Fi	109216	2012
Absolute Duo	Action	Action, Ecchi, Romance, Supernatural	109090	2015
Gosick	Drama	Drama, Mystery, Romance	109032	2011
The Hidden Dungeon Only I Can Enter	Action	Action, Adventure, Comedy, Ecchi, Fantasy, Romance	108653	2021
The Melancholy of Haruhi Suzumiya (2009)	Comedy	Comedy, Mystery, Sci-Fi, Slice of Life, Supernatural	108457	2009
Gintama Season 4	Action	Action, Comedy, Drama, Sci-Fi	108329	2015
Baka and Test - Summon the Beasts	Comedy	Comedy, Romance	108262	2010
Is It Wrong to Try to Pick Up Girls in a Dungeon? IV	Action	Action, Adventure, Comedy, Fantasy, Romance	107725	2022
Talentless Nana	Drama	Drama, Horror, Psychological, Supernatural, Thriller	107634	2020
Dagashi Kashi	Comedy	Comedy, Slice of Life	107133	2016
Dragon Ball Super: Broly	Action	Action, Adventure, Fantasy, Sci-Fi	107074	2018
Keep Your Hands Off Eizouken!	Adventure	Adventure, Comedy, Slice of Life	106758	2020
Magi: Adventure of Sinbad	Action	Action, Adventure, Fantasy	106437	2016
Science Fell in Love, So I Tried to Prove It	Comedy	Comedy, Romance	106414	2020
Combatants Will Be Dispatched!	Action	Action, Adventure, Comedy, Ecchi, Fantasy, Sci-Fi	106408	2021
Tamako -love story-	Romance	Romance, Slice of Life	106373	2014
Blast of Tempest	Action	Action, Drama, Fantasy, Mystery, Romance	106195	2012
Love Live! School Idol Project	Music	Music, Slice of Life	106068	2013
Claymore	Action	Action, Adventure, Fantasy, Horror	105362	2007
Summer Wars	Action	Action, Comedy, Drama, Romance, Sci-Fi	105126	2009
SHIROBAKO	Comedy	Comedy, Drama, Slice of Life	105049	2014
D.Gray-man	Action	Action, Adventure, Drama, Fantasy	104996	2006
Is this a Zombie?	Action	Action, Comedy, Ecchi, Supernatural	104694	2011
Steins;Gate: Egoistic Poriomania	Comedy	Comedy, Romance, Sci-Fi	104606	2012
Puella Magi Madoka Magica the Movie Part III: Rebellion	Drama	Drama, Fantasy, Mahou Shoujo, Mystery, Psychological, Thriller	104502	2013
World Trigger	Action	Action, Sci-Fi	104344	2014
Kimi ni Todoke: From Me to You Season 2	Comedy	Comedy, Drama, Romance, Slice of Life	104269	2011
LOVE and LIES	Drama	Drama, Romance	103984	2017
Fate/stay night [Heaven’s Feel] III. spring song	Action	Action, Drama, Fantasy, Psychological, Supernatural, Thriller	103979	2020
Record of Ragnarok	Action	Action, Drama, Fantasy, Supernatural	103916	2021
Evangelion: 3.0+1.0 Thrice Upon a Time	Action	Action, Drama, Mecha, Psychological, Sci-Fi	102956	2021
Banished from the Hero’s Party, I Decided to Live a Quiet Life in the Countryside	Action	Action, Adventure, Fantasy, Romance, Slice of Life	102804	2021
The Irregular at Magic High School: Visitor Arc	Action	Action, Romance, Sci-Fi, Supernatural	102388	2020
Durarara!! X2	Action	Action, Mystery, Supernatural	102376	2015
God Eater	Action	Action, Sci-Fi	102030	2015
Violet Evergarden: Special	Drama	Drama, Fantasy, Romance, Slice of Life	101702	2018
WorldEnd: What are you doing at the end of the world? Are you busy? Will you save us?	Drama	Drama, Fantasy, Mystery, Romance, Slice of Life, Supernatural	101663	2017
Eden of the East	Drama	Drama, Mystery, Psychological, Romance, Sci-Fi, Thriller	101547	2009
the Garden of sinners Chapter 1: Thanatos. (Overlooking View)	Action	Action, Mystery, Supernatural, Thriller	101425	2007
KONOSUBA -God's blessing on this wonderful world! 2: God's Blessings on These Wonderful Works of Art!	Adventure	Adventure, Comedy, Fantasy	100753	2017
Promare	Action	Action, Mecha, Sci-Fi	100737	2019
Seitokai Yakuindomo	Comedy	Comedy, Slice of Life	100613	2010
The Boy and The Beast	Action	Action, Adventure, Comedy, Drama, Fantasy, Supernatural	100518	2015
GOBLIN SLAYER II	Action	Action, Adventure, Fantasy	100477	2023
Initial D 1st Stage	Action	Action, Drama, Sports	100465	1998
ASSASSINS PRIDE	Action	Action, Comedy, Drama, Fantasy, Mystery, Romance	100338	2019
Gintama Season 2	Action	Action, Comedy, Drama, Sci-Fi	100064	2011
Dr. STONE Special Episode – RYUSUI	Action	Action, Adventure, Comedy, Sci-Fi	99989	2022
Blood Blockade Battlefront & Beyond	Action	Action, Comedy, Supernatural	99789	2017
O Maidens in Your Savage Season	Comedy	Comedy, Drama, Romance, Slice of Life	99788	2019
Boarding School Juliet	Comedy	Comedy, Romance	99645	2018
Date A Live III	Action	Action, Comedy, Ecchi, Fantasy, Mecha, Romance, Sci-Fi	99489	2019
My Senpai is Annoying	Comedy	Comedy, Romance, Slice of Life	99407	2021
Panty & Stocking with Garterbelt	Action	Action, Comedy, Ecchi, Supernatural	99343	2010
Kakushigoto	Comedy	Comedy, Slice of Life	99306	2020
The Helpful Fox Senko-san	Comedy	Comedy, Fantasy, Slice of Life, Supernatural	99081	2019
Redline	Action	Action, Romance, Sci-Fi, Sports	98971	2009
Interspecies Reviewers	Comedy	Comedy, Ecchi, Fantasy	98765	2020
Remake Our Life!	Drama	Drama, Romance, Slice of Life	98108	2021
The Wind Rises	Drama	Drama, Romance	97973	2013
GOLDEN BOY	Adventure	Adventure, Comedy, Ecchi	97813	1995
Re:ZERO -Starting Life in Another World- OVAs	Comedy	Comedy, Drama, Fantasy, Psychological	97438	2018
Why the hell are you here, Teacher!?	Comedy	Comedy, Ecchi, Romance	97392	2019
Maoyu: Archenemy & Hero	Adventure	Adventure, Fantasy, Romance	97368	2013
Whisper of the Heart	Adventure	Adventure, Drama, Romance, Slice of Life	97270	1995
ISEKAI QUARTET	Comedy	Comedy, Fantasy, Slice of Life	97184	2019
Keijo!!!!!!!!	Comedy	Comedy, Ecchi, Sports	96883	2016
When Supernatural Battles Became Commonplace	Comedy	Comedy, Fantasy, Romance, Slice of Life, Supernatural	96660	2014
Ascendance of a Bookworm	Fantasy	Fantasy, Slice of Life	96510	2019
Beelzebub	Action	Action, Comedy, Supernatural	96430	2011
kiss×sis (TV)	Comedy	Comedy, Ecchi, Romance, Slice of Life	96412	2010
ReLIFE: Final Arc	Comedy	Comedy, Drama, Romance, Slice of Life	96188	2018
Trapped in a Dating Sim: The World of Otome Games Is Tough for Mobs	Action	Action, Fantasy, Mecha, Romance	96185	2022
ALDNOAH.ZERO	Action	Action, Mecha, Sci-Fi	96140	2014
Nausicaä of the Valley of the Wind	Action	Action, Adventure, Drama, Fantasy, Sci-Fi	95888	1984
Haganai NEXT	Comedy	Comedy, Ecchi, Romance, Slice of Life	95550	2013
The Secret World of Arrietty	Adventure	Adventure, Drama, Fantasy	95542	2010
SSSS.GRIDMAN	Action	Action, Mecha, Sci-Fi	95533	2018
Carole & Tuesday	Drama	Drama, Music, Sci-Fi	95435	2019
No.6	Action	Action, Drama, Psychological, Sci-Fi	95110	2011
Saekano: How to Raise a Boring Girlfriend ♭	Comedy	Comedy, Romance, Slice of Life	95072	2017
Interviews with Monster Girls	Slice of Life	Slice of Life, Supernatural	94702	2017
Ya Boy Kongming!	Comedy	Comedy, Drama, Music, Supernatural	94619	2022
Black Lagoon: The Second Barrage	Action	Action, Adventure, Drama, Thriller	94436	2006
A Certain Magical Index II	Action	Action, Sci-Fi, Supernatural	94360	2010
Black Butler II	Action	Action, Comedy, Fantasy, Mystery, Supernatural	94360	2010
Bunny Drop	Slice of Life	Slice of Life	94356	2011
Sailor Moon	Action	Action, Adventure, Fantasy, Mahou Shoujo, Romance	94234	1992
Our Last Crusade or the Rise of a New World	Action	Action, Fantasy, Romance	94188	2020
Kiss Him, Not Me	Comedy	Comedy, Romance	94063	2016
A Sister's All You Need.	Comedy	Comedy, Ecchi, Romance, Slice of Life	93847	2017
The Asterisk War 2	Action	Action, Comedy, Ecchi, Fantasy, Romance, Sci-Fi	93787	2016
Bungo Stray Dogs 4	Action	Action, Comedy, Mystery, Supernatural	93702	2023
B: The Beginning	Action	Action, Mystery, Psychological, Supernatural, Thriller	93501	2018
Little Witch Academia	Comedy	Comedy, Fantasy	93487	2013
Mekakucity Actors	Comedy	Comedy, Romance, Sci-Fi, Supernatural	93242	2014
Yosuga no Sora: In Solitude Where We are Least Alone	Drama	Drama, Ecchi, Romance	93104	2010
The Wrong Way to Use Healing Magic	Action	Action, Fantasy	92880	2024
The Quintessential Quintuplets Movie	Comedy	Comedy, Drama, Romance, Slice of Life	92862	2022
Azumanga Daioh	Comedy	Comedy, Slice of Life	92639	2002
A Couple of Cuckoos	Comedy	Comedy, Romance	92597	2022
Wolf Girl and Black Prince	Comedy	Comedy, Romance, Slice of Life	92543	2014
Tokyo Ravens	Action	Action, Comedy, Supernatural	92478	2013
Reincarnated as a Sword	Action	Action, Adventure, Fantasy	92352	2022
School Babysitters	Comedy	Comedy, Slice of Life	92352	2018
ASTRA LOST IN SPACE	Adventure	Adventure, Mystery, Sci-Fi	92113	2019
Engaged to the Unidentified	Comedy	Comedy, Romance, Slice of Life	91949	2014
Happy Sugar Life	Drama	Drama, Horror, Mystery, Psychological, Romance	91896	2018
Mayo Chiki!	Comedy	Comedy, Ecchi, Romance	91860	2011
Cardcaptor Sakura	Comedy	Comedy, Drama, Fantasy, Mahou Shoujo, Romance	91777	1998
The Genius Prince's Guide to Raising a Nation Out of Debt	Comedy	Comedy, Fantasy	91554	2022
TSUKIMICHI -Moonlit Fantasy- Season 2	Action	Action, Adventure, Comedy, Fantasy	91378	2024
DECA-DENCE	Action	Action, Adventure, Sci-Fi	91354	2020
SHADOWS HOUSE	Fantasy	Fantasy, Horror, Mystery, Slice of Life, Supernatural	91297	2021
The Faraway Paladin	Action	Action, Adventure, Fantasy, Mystery, Psychological	91260	2021
Skeleton Knight in Another World	Action	Action, Adventure, Comedy, Fantasy	90887	2022
SING "YESTERDAY" FOR ME	Drama	Drama, Romance, Slice of Life	90855	2020
The Greatest Demon Lord Is Reborn as a Typical Nobody	Action	Action, Ecchi, Fantasy, Romance	90830	2022
BURN THE WITCH	Action	Action, Fantasy	90696	2020
Kono Oto Tomare!: Sounds of Life	Drama	Drama, Music, Romance, Slice of Life	90641	2019
Boruto: Naruto the Movie	Action	Action, Adventure, Comedy	90356	2015
My Stepmom's Daughter is My Ex	Comedy	Comedy, Romance	90171	2022
Vampire Knight	Drama	Drama, Mystery, Romance, Supernatural	90170	2008
Ride Your Wave	Drama	Drama, Fantasy, Romance	89981	2019
I'm Quitting Heroing	Action	Action, Adventure, Comedy, Fantasy	89962	2022
Spice and Wolf II	Adventure	Adventure, Fantasy, Romance, Slice of Life	89901	2009
Demon King Daimao	Action	Action, Comedy, Ecchi, Fantasy	89900	2010
Fruits Basket	Comedy	Comedy, Drama, Romance, Slice of Life, Supernatural	89883	2001
The Anthem of the Heart	Drama	Drama, Music, Psychological, Romance, Slice of Life	89792	2015
IRODUKU: The World in Colors	Drama	Drama, Romance, Slice of Life, Supernatural	89587	2018
Kids on the Slope	Drama	Drama, Music, Romance, Slice of Life	88987	2012
Sword Art Online the Movie -Progressive- Aria of a Starless Night	Action	Action, Adventure, Fantasy, Romance	88812	2021
Welcome to Demon School! Iruma-kun Season 2	Comedy	Comedy, Fantasy, Supernatural	88696	2021
Somali and the Forest Spirit	Adventure	Adventure, Drama, Fantasy, Slice of Life	88645	2020
GOBLIN SLAYER -GOBLIN’S CROWN-	Action	Action, Adventure, Fantasy	88622	2020
A Certain Scientific Railgun S	Action	Action, Fantasy, Sci-Fi	88579	2013
The Case Study of Vanitas Part 2	Action	Action, Drama, Fantasy, Mystery, Supernatural	88558	2022
Shakugan no Shana	Action	Action, Comedy, Drama, Fantasy, Romance, Supernatural	88512	2005
Words Bubble Up Like Soda Pop	Romance	Romance, Slice of Life	88470	2021
My Hero Academia: World Heroes' Mission	Action	Action, Adventure, Sci-Fi	88458	2021
Kaiji - Ultimate Survivor	Psychological	Psychological, Thriller	88458	2007
Blood-C	Action	Action, Horror, Mystery, Supernatural	88435	2011
Hentai Prince & the Stony Cat	Comedy	Comedy, Romance, Supernatural	88404	2013
Run with the Wind	Drama	Drama, Sports	88361	2018
To Your Eternity Season 2	Adventure	Adventure, Drama, Fantasy, Psychological, Supernatural	88247	2022
Given The Movie	Drama	Drama, Music, Romance	87990	2020
REBORN!	Action	Action, Comedy	87917	2006
Inu X Boku Secret Service	Comedy	Comedy, Romance, Supernatural	87701	2012
The Slime Diaries	Adventure	Adventure, Comedy, Fantasy, Slice of Life	87601	2021
After the Rain	Drama	Drama, Romance, Slice of Life	87455	2018
Sword Oratoria: Is it Wrong to Try to Pick Up Girls in a Dungeon? On the Side	Action	Action, Adventure, Comedy, Fantasy	87357	2017
Hensuki: Are you willing to fall in love with a pervert, as long as she’s a cutie?	Comedy	Comedy, Ecchi, Mystery, Romance	87273	2019
The Disastrous Life of Saiki K.: Reawakened	Comedy	Comedy, Slice of Life, Supernatural	87233	2019
Princess Connect! Re:Dive	Adventure	Adventure, Comedy, Fantasy	87232	2020
The Day I Became a God	Comedy	Comedy, Drama, Romance, Sci-Fi, Slice of Life	87200	2020
Noblesse	Action	Action, Supernatural	87047	2020
DON'T TOY WITH ME, MISS NAGATORO 2nd Attack	Comedy	Comedy, Romance, Slice of Life	86927	2023
Armed Girl's Machiavellism	Action	Action, Comedy, Ecchi, Romance	86694	2017
That Time I Got Reincarnated as a Slime the Movie: Scarlet Bond	Action	Action, Adventure, Comedy, Fantasy	86602	2022
Isekai Cheat Magician	Action	Action, Adventure, Fantasy	86600	2019
Oreimo 2	Comedy	Comedy, Romance, Slice of Life	86560	2013
Code Geass: Lelouch of the Re;surrection	Action	Action, Drama, Mecha, Sci-Fi	86554	2019
Undefeated Bahamut Chronicle	Action	Action, Ecchi, Fantasy, Mecha, Romance, Supernatural	86487	2016
Real Girl	Comedy	Comedy, Drama, Romance, Slice of Life	86484	2018
Dragon Ball Z Kai	Action	Action, Adventure, Comedy	85993	2009
Space Dandy	Comedy	Comedy, Sci-Fi	85915	2014
Wagnaria!!	Comedy	Comedy, Slice of Life	85777	2010
Attack on Titan: Lost Girls	Action	Action, Drama, Fantasy, Mystery	85630	2017
HELLO WORLD	Drama	Drama, Psychological, Romance, Sci-Fi	85479	2019
I'm Standing on a Million Lives	Action	Action, Drama, Fantasy	85219	2020
Heaven's Lost Property	Comedy	Comedy, Ecchi, Romance, Sci-Fi, Slice of Life, Supernatural	84423	2009
Haibane Renmei	Drama	Drama, Fantasy, Mystery, Psychological, Slice of Life	84331	2002
One-Punch Man: Road to Hero	Action	Action, Comedy, Sci-Fi, Supernatural	84072	2015
PLUTO	Action	Action, Drama, Mecha, Mystery, Psychological, Sci-Fi	84062	2023
Full Metal Panic!	Action	Action, Comedy, Mecha, Sci-Fi	84021	2002
Rage of Bahamut: Genesis	Action	Action, Adventure, Fantasy, Supernatural	84010	2014
Teasing Master Takagi-san Season 2	Comedy	Comedy, Romance, Slice of Life	83989	2019
Kino's Journey	Adventure	Adventure, Drama, Fantasy, Psychological, Slice of Life	83797	2003
Cells at Work!!	Action	Action, Comedy, Sci-Fi	83760	2021
My Mental Choices Are Completely Interfering With My School Romantic Comedy	Comedy	Comedy, Ecchi, Romance, Supernatural	83523	2013
Saga of Tanya the Evil - the Movie -	Action	Action, Fantasy	83424	2019
When They Cry Kai	Horror	Horror, Mystery, Psychological, Supernatural, Thriller	82807	2007
Black Clover: Sword of the Wizard King	Action	Action, Adventure, Comedy, Fantasy	82757	2023
The Seven Deadly Sins the Movie: Prisoners of the Sky	Action	Action, Adventure, Fantasy	82607	2018
Suppose a Kid from the Last Dungeon Boonies moved to a starter town?	Adventure	Adventure, Comedy, Fantasy	82559	2021
Danganronpa 3: The End of Hope’s Peak High School - Future Arc	Action	Action, Horror, Mystery, Psychological, Sci-Fi, Thriller	82558	2016
Love Tyrant	Comedy	Comedy, Ecchi, Romance, Supernatural	82482	2017
The Eden of Grisaia	Action	Action, Drama, Ecchi, Romance	82459	2015
YuruYuri	Comedy	Comedy, Slice of Life	82312	2011
Mononoke	Fantasy	Fantasy, Horror, Mystery, Psychological, Supernatural	82271	2007
Rainbow	Drama	Drama, Psychological, Thriller	82180	2010
Free! -Eternal Summer-	Comedy	Comedy, Drama, Slice of Life, Sports	82082	2014
Rurouni Kenshin	Action	Action, Adventure, Comedy, Drama, Romance	81886	1996
Dusk Maiden of Amnesia	Horror	Horror, Mystery, Romance, Supernatural	81517	2012
Durarara!! X2 The Second Arc	Action	Action, Mystery, Supernatural	81469	2015
The King's Avatar	Action	Action, Drama	81354	
K-ON!: The Movie	Comedy	Comedy, Music, Slice of Life	81314	2011
Kaguya-sama wa Kokurasetai: Tensaitachi no Renai Zunousen OVA	Comedy	Comedy, Ecchi, Romance, Slice of Life	81264	2021
Danganronpa 3: The End of Hope’s Peak High School - Despair Arc	Action	Action, Drama, Horror, Mystery, Psychological, Sci-Fi, Thriller	81149	2016
Kamisama Kiss◎	Comedy	Comedy, Fantasy, Romance, Supernatural	81062	2015
The Future Diary: Redial	Action	Action, Psychological, Supernatural	81037	2013
The Disastrous Life of Saiki K. Season 3	Comedy	Comedy, Slice of Life, Supernatural	80895	2018
D-Frag!	Comedy	Comedy	80738	2014
Aesthetica of a Rogue Hero	Action	Action, Ecchi, Fantasy	80659	2012
Chobits	Comedy	Comedy, Drama, Ecchi, Romance, Sci-Fi	80642	2002
Chained Soldier	Action	Action, Adventure, Drama, Ecchi, Fantasy, Romance	80556	2024
Bungo Stray Dogs: DEAD APPLE	Action	Action, Comedy, Mystery, Supernatural	80512	2018
The Tunnel to Summer, the Exit of Goodbyes	Drama	Drama, Romance, Supernatural	80086	2022
The Familiar of Zero: Knight of the Twin Moons	Action	Action, Adventure, Comedy, Ecchi, Fantasy, Romance	80023	2007
The Testament of Sister New Devil BURST	Action	Action, Ecchi, Fantasy, Romance	80003	2015
Snow White with the Red Hair Season 2	Drama	Drama, Fantasy, Romance	79916	2016
EDENS ZERO	Action	Action, Adventure, Comedy, Fantasy, Sci-Fi	79785	2021
Koyomimonogatari	Comedy	Comedy, Mystery, Supernatural	79555	2016
Eureka Seven	Action	Action, Adventure, Drama, Mecha, Romance, Sci-Fi	79515	2005
Corpse Party	Horror	Horror, Mystery, Supernatural	79451	2013
NANBAKA	Action	Action, Comedy, Drama	79411	2016
Tokyo Godfathers	Adventure	Adventure, Comedy, Drama	79360	2003
Bubble	Romance	Romance, Sci-Fi, Sports, Supernatural	79332	2022
Welcome to the Ballroom	Drama	Drama, Romance, Sports	79238	2017
Amagami SS	Comedy	Comedy, Romance, Slice of Life	79116	2010
Tada Never Falls In Love	Comedy	Comedy, Romance, Slice of Life	79039	2018
When Marnie Was There	Drama	Drama, Mystery, Psychological	78737	2014
The Strongest Sage with the Weakest Crest	Action	Action, Adventure, Comedy, Fantasy, Romance, Slice of Life	78680	2022
Zoku Owarimonogatari	Drama	Drama, Mystery, Supernatural	78579	2019
Waiting in the Summer	Comedy	Comedy, Drama, Romance, Sci-Fi, Slice of Life	78575	2012
So, I Can't Play H!	Comedy	Comedy, Ecchi, Romance, Supernatural	78474	2012
I Can't Understand What My Husband Is Saying	Comedy	Comedy, Romance, Slice of Life	78122	2014
Jormungand	Action	Action, Adventure	77996	2012
Chaika -The Coffin Princess-	Action	Action, Adventure, Comedy, Fantasy	77738	2014
Osamake: Romcom Where The Childhood Friend Won't Lose	Comedy	Comedy, Romance	77595	2021
Sweetness & Lightning	Comedy	Comedy, Slice of Life	77479	2016
Just Because!	Drama	Drama, Romance, Slice of Life	77384	2017
Kuroko's Basketball: Last Game	Comedy	Comedy, Sports	77371	2017
Penguindrum	Drama	Drama, Mystery, Psychological, Supernatural	77339	2011
Life Lessons with Uramichi Oniisan	Comedy	Comedy, Slice of Life	77252	2021
The Great Jahy Will Not Be Defeated!	Comedy	Comedy, Fantasy, Slice of Life, Supernatural	77169	2021
Gintama Season 3	Action	Action, Comedy, Drama, Sci-Fi	77103	2012
Uzumaki	Drama	Drama, Horror, Mystery, Psychological, Supernatural	77047	2024
Do You Love Your Mom and Her Two-Hit Multi-Target Attacks?	Action	Action, Adventure, Comedy, Ecchi, Fantasy	76963	2019
Love, Chunibyo & Other Delusions: Take on Me	Comedy	Comedy, Drama, Romance, Slice of Life	76631	2018
Yu-Gi-Oh!	Adventure	Adventure, Fantasy	76575	2000
Outbreak Company	Comedy	Comedy, Fantasy	76347	2013
Girls und Panzer	Action	Action, Sports	76297	2012
TONIKAWA: Over The Moon For You Season 2	Comedy	Comedy, Romance, Slice of Life	76228	2023
Doukyuusei -Classmates-	Drama	Drama, Music, Romance, Slice of Life	76153	2016
Yuuna and the Haunted Hot Springs	Comedy	Comedy, Ecchi, Romance, Supernatural	76129	2018
Higurashi: When They Cry - GOU	Drama	Drama, Horror, Mystery, Psychological, Supernatural, Thriller	76101	2020
Showa Genroku Rakugo Shinju	Drama	Drama	76099	2016
Nyaruko: Crawling with Love!	Comedy	Comedy, Romance, Sci-Fi	75999	2012
We Never Learn!: BOKUBEN Season 2	Comedy	Comedy, Ecchi, Romance, Slice of Life	75896	2019
Aoashi	Sports	Sports	75809	2022
Cowboy Bebop: The Movie - Knockin' on Heaven's Door	Action	Action, Drama, Mystery, Sci-Fi	75757	2001
Ao-chan Can't Study!	Comedy	Comedy, Ecchi, Romance	75679	2019
Sayonara, Zetsubou-Sensei	Comedy	Comedy	75585	2007
Afro Samurai	Action	Action, Adventure	75561	2007
Moriarty the Patriot Part 2	Drama	Drama, Mystery, Psychological, Thriller	75389	2021
Gintama Season 5	Action	Action, Comedy, Drama, Sci-Fi	75351	2017
Devils' Line	Action	Action, Drama, Horror, Romance, Supernatural	75125	2018
BOFURI: I Don't Want to Get Hurt, so I'll Max Out My Defense. Season 2	Action	Action, Adventure, Comedy, Fantasy, Slice of Life	74998	2023
Fate/Grand Order Absolute Demonic Front: Babylonia	Action	Action, Adventure, Fantasy, Supernatural	74879	2019
Witch Craft Works	Action	Action, Fantasy, Supernatural	74839	2014
Legend of the Galactic Heroes	Drama	Drama, Sci-Fi	74805	1988
High School Prodigies Have It Easy Even In Another World	Action	Action, Adventure, Drama, Ecchi, Fantasy	74672	2019
That Time I Got Reincarnated as a Slime OAD	Action	Action, Adventure, Comedy, Ecchi, Fantasy	74568	2019
Sabikui Bisco	Action	Action, Adventure, Fantasy	74375	2022
Steins;Gate 0: 23β -Divide by Zero-	Drama	Drama, Psychological, Sci-Fi, Thriller	74369	2015
The Yakuza's Guide to Babysitting	Comedy	Comedy, Slice of Life	74240	2022
Durarara!! X2 The Third Arc	Action	Action, Mystery, Supernatural	74166	2016
Shelter	Sci-Fi	Sci-Fi	74071	
Hanasaku Iroha ~Blossoms for Tomorrow~	Comedy	Comedy, Drama, Slice of Life	74034	2011
Black Butler: Book of Circus	Comedy	Comedy, Fantasy, Mystery, Supernatural	73919	2014
Infinite Stratos 2	Action	Action, Comedy, Ecchi, Mecha, Romance, Sci-Fi	73819	2013
Hundred	Action	Action, Ecchi, Mecha, Sci-Fi	73778	2016
This Art Club Has a Problem!	Comedy	Comedy, Romance	73589	2016
The Duke of Death and His Maid	Comedy	Comedy, Drama, Romance, Supernatural	73476	2021
Stars Align	Drama	Drama, Slice of Life, Sports	73433	2019
Love After World Domination	Action	Action, Comedy, Romance, Supernatural	73413	2022
Patema Inverted	Adventure	Adventure, Romance, Sci-Fi	73288	2013
Texhnolyze	Action	Action, Drama, Psychological, Sci-Fi	73236	2003
Magical Sempai	Comedy	Comedy, Ecchi, Slice of Life	73197	2019
Full Dive: This Ultimate Next-Gen Full Dive RPG Is Even Shittier than Real Life!	Action	Action, Comedy, Ecchi, Fantasy, Romance	73093	2021
The Kawai Complex Guide to Manors and Hostel Behavior	Comedy	Comedy, Romance, Slice of Life	73006	2014
How a Realist Hero Rebuilt the Kingdom Part 2	Action	Action, Adventure, Fantasy, Romance	72982	2022
Lord Marksman and Vanadis	Adventure	Adventure, Ecchi, Fantasy, Romance	72932	2014
Ghost in the Shell: Stand Alone Complex	Action	Action, Mystery, Psychological, Sci-Fi	72865	2002
Beck: Mongolian Chop Squad	Comedy	Comedy, Drama, Music, Slice of Life	72628	2004
SHAMAN KING (2021)	Action	Action, Adventure, Comedy, Supernatural	72606	2021
LAID-BACK CAMP SEASON2	Comedy	Comedy, Slice of Life	72382	2021
Handa-kun	Comedy	Comedy, Slice of Life	72174	2016
The World God Only Knows II	Comedy	Comedy, Romance, Supernatural	72142	2011
Sword Art Online EXTRA EDITION	Action	Action, Adventure, Fantasy, Romance	72027	2013
PERSONA5 the Animation	Action	Action, Fantasy, Supernatural	71951	2018
Noragami OVA	Action	Action, Adventure, Comedy, Supernatural	71858	2014
One-Punch Man OVA	Action	Action, Comedy, Sci-Fi, Supernatural	71839	2016
Mysterious Girlfriend X	Ecchi	Ecchi, Mystery, Romance	71787	2012
Kiss x Sis	Comedy	Comedy, Ecchi, Romance	71506	2008
To Love Ru Darkness	Comedy	Comedy, Ecchi, Romance, Sci-Fi	71359	2012
Sound! Euphonium 2	Drama	Drama, Music, Slice of Life	71044	2016
Record of Grancrest War	Action	Action, Fantasy, Romance	70996	2018
Love, Chunibyo & Other Delusions: Glimmering...Explosive Festival (Slapstick Noel)	Comedy	Comedy, Romance, Slice of Life	70990	2013
The Troubled Life of Miss Kotoura	Comedy	Comedy, Drama, Romance	70847	2013
Date A Live IV	Action	Action, Comedy, Ecchi, Mecha, Romance, Sci-Fi	70843	2022
Blade Dance of the Elementalers	Action	Action, Comedy, Ecchi, Fantasy, Romance, Supernatural	70762	2014
The Cat Returns	Adventure	Adventure, Comedy, Drama, Fantasy	70563	2002
Case Closed	Adventure	Adventure, Comedy, Mystery, Psychological	70557	1996
The Familiar of Zero: "Rondo" of Princesses	Action	Action, Adventure, Comedy, Ecchi, Fantasy, Romance	70530	2008
The Familiar of Zero F	Action	Action, Adventure, Comedy, Ecchi, Fantasy, Romance	70455	2012
Adachi and Shimamura	Romance	Romance, Slice of Life	70408	2020
Parallel World Pharmacy	Fantasy	Fantasy	70357	2022
Revolutionary Girl Utena	Drama	Drama, Fantasy, Mystery, Psychological, Romance	70354	1997
Arakawa Under the Bridge	Comedy	Comedy, Romance	70317	2010
Miss Kobayashi's Dragon Maid: Valentines and Hot Springs! (Please Don't Get Your Hopes Up)	Comedy	Comedy, Fantasy, Romance, Slice of Life	70315	2017
The Stranger by the Shore	Drama	Drama, Romance, Slice of Life	70312	2020
One Week Friends	Comedy	Comedy, Drama, Romance, Slice of Life	69877	2014
Sword of the Stranger	Action	Action, Adventure	69746	2007
NEW GAME!!	Comedy	Comedy, Slice of Life	69601	2017
World's End Harem	Ecchi	Ecchi, Sci-Fi	69375	2022
My Next Life as a Villainess: All Routes Lead to Doom! X	Comedy	Comedy, Fantasy, Romance, Slice of Life	69328	2021
My Teen Romantic Comedy SNAFU OVA	Comedy	Comedy, Romance, Slice of Life	69321	2013
Hell Girl	Drama	Drama, Horror, Mystery, Psychological, Supernatural	69312	2005
Brynhildr in the Darkness	Drama	Drama, Fantasy, Mystery, Sci-Fi	69228	2014
Hitoribocchi no Marumaruseikatsu	Comedy	Comedy, Slice of Life	69149	2019
Mushoku Tensei: Jobless Reincarnation Cour 2 - Eris the Goblin Slayer	Adventure	Adventure, Drama, Fantasy	69130	2022
The 8th Son? Are You Kidding Me?	Adventure	Adventure, Fantasy	69109	2020
My Isekai Life: I Gained a Second Character Class and Became the Strongest Sage in the World!	Action	Action, Adventure, Comedy, Fantasy	69023	2022
Alderamin on the Sky	Action	Action, Adventure, Drama, Fantasy	68924	2016
Flying Witch	Slice of Life	Slice of Life, Supernatural	68905	2016
Campione!	Comedy	Comedy, Ecchi, Romance	68900	2012
Anohana the Movie: The Flower We Saw That Day	Drama	Drama, Romance, Slice of Life, Supernatural	68788	2013
Sekirei	Action	Action, Comedy, Ecchi	68672	2008
Aria the Scarlet Ammo	Action	Action, Comedy, Ecchi, Romance	68663	2011
Sasaki and Miyano	Comedy	Comedy, Romance, Slice of Life	68575	2022
The Heroic Legend of Arslan	Action	Action, Adventure, Drama, Fantasy	68557	2015
Sleepy Princess in the Demon Castle	Comedy	Comedy, Fantasy, Slice of Life	68520	2020
Place to Place	Comedy	Comedy, Romance, Slice of Life	68403	2012
Restaurant to Another World	Fantasy	Fantasy, Slice of Life	68401	2017
JUNI TAISEN：ZODIAC WAR	Action	Action, Thriller	68373	2017
Fireworks	Drama	Drama, Romance, Supernatural	68260	2017
Pandora Hearts	Adventure	Adventure, Fantasy, Supernatural	68199	2009
MAGICAL GIRL SITE	Action	Action, Drama, Horror, Mahou Shoujo, Psychological, Supernatural	68108	2018
Ghost Stories	Horror	Horror, Mystery, Supernatural	68035	2000
Kaze no Stigma	Action	Action, Drama, Fantasy, Romance	68002	2007
Demon Lord, Retry!	Action	Action, Adventure, Comedy, Fantasy	67801	2019
Harem in the Labyrinth of Another World	Drama	Drama, Ecchi, Fantasy, Romance	67701	2022
A Certain Magical Index III	Action	Action, Sci-Fi, Supernatural	67697	2018
The Ancient Magus' Bride: Those Awaiting a Star	Drama	Drama, Fantasy	67645	2016
Berserk (2016)	Action	Action, Adventure, Drama, Fantasy, Horror, Supernatural	67595	2016
Gargantia on the Verdurous Planet	Action	Action, Adventure, Mecha, Sci-Fi	67571	2013
Tales of Zestiria the X	Action	Action, Adventure, Fantasy	67220	2016
Boogiepop and Others	Horror	Horror, Mystery, Psychological	67174	2019
Porco Rosso	Action	Action, Adventure, Comedy, Drama, Romance	67091	1992
PSYCHO-PASS 3	Action	Action, Psychological, Sci-Fi, Thriller	67057	2019
My Girlfriend is Shobitch	Comedy	Comedy, Ecchi, Romance	66908	2017
Lord of Mysteries	Action	Action, Drama, Fantasy, Mystery, Supernatural, Thriller	66861	
Umamusume: Pretty Derby	Drama	Drama, Slice of Life, Sports	66823	2018
Urusei Yatsura (2022)	Comedy	Comedy, Romance, Sci-Fi, Supernatural	66772	2022
Dragon Ball Z: Battle of Gods	Action	Action, Adventure, Comedy, Sci-Fi	66671	2013
The Saint's Magic Power is Omnipotent	Fantasy	Fantasy, Romance, Slice of Life	66465	2021
Children of the Whales	Adventure	Adventure, Drama, Fantasy, Mystery, Romance, Sci-Fi	66424	2017
Hi Score Girl	Comedy	Comedy, Drama, Romance	66380	2018
Tokyo Magnitude 8.0	Drama	Drama	66313	2009
Anti-Magic Academy: The 35th Test Platoon	Action	Action, Ecchi, Fantasy, Romance	66222	2015
By the Grace of the Gods	Adventure	Adventure, Fantasy, Slice of Life	66005	2020
One Piece Film: Red	Action	Action, Adventure, Comedy, Drama, Fantasy, Music	65878	2022
ZOMBIE LAND SAGA REVENGE	Comedy	Comedy, Music, Supernatural	65622	2021
I Couldn’t Become a Hero, So I Reluctantly Decided to Get a Job.	Comedy	Comedy, Ecchi, Fantasy, Romance	65589	2013
My Teen Romantic Comedy SNAFU TOO! OVA	Comedy	Comedy, Romance, Slice of Life	65568	2016
Diabolik Lovers	Drama	Drama, Horror, Romance, Supernatural	65545	2013
Yamada's First Time: B Gata H Kei	Comedy	Comedy, Ecchi, Romance	65464	2010
Road to Ninja: Naruto the Movie	Action	Action, Adventure	65336	2012
Fate/kaleid liner Prisma☆Illya	Action	Action, Comedy, Ecchi, Fantasy, Mahou Shoujo	65207	2013
Silver Spoon	Comedy	Comedy, Slice of Life	65191	2013
Sakura Trick	Comedy	Comedy, Romance, Slice of Life	65143	2014
Princess Principal	Action	Action, Adventure, Sci-Fi	65000	2017
Wotaku ni Koi wa Muzukashii OVA	Comedy	Comedy, Romance, Slice of Life	64982	2019
Sirius the Jaeger	Action	Action, Supernatural	64918	2018
I've Always Liked You	Drama	Drama, Romance, Slice of Life	64907	2016
Liz and the Blue Bird	Drama	Drama, Music, Slice of Life	64844	2018
A Certain Scientific Accelerator	Action	Action, Sci-Fi	64807	2019
My Wife is the Student Council President	Comedy	Comedy, Ecchi, Romance	64777	2015
A Certain Scientific Railgun T	Action	Action, Sci-Fi	64769	2020
Attack on Titan: Junior High	Comedy	Comedy, Fantasy, Slice of Life	64752	2015
Digimon: Digital Monsters	Action	Action, Adventure, Comedy, Drama, Fantasy, Sci-Fi	64711	1999
Ground Control to Psychoelectric Girl	Comedy	Comedy, Slice of Life	64683	2011
The Tale of The Princess Kaguya	Drama	Drama, Fantasy, Romance	64675	2013
Little Busters!	Comedy	Comedy, Drama, Slice of Life, Supernatural	64672	2012
Akebi’s Sailor Uniform	Slice of Life	Slice of Life	64653	2022
Mobile Suit Gundam: The Witch from Mercury	Action	Action, Mecha, Sci-Fi	64556	2022
Is the Order a Rabbit?	Slice of Life	Slice of Life	64539	2014
Ben-To	Action	Action, Comedy, Ecchi	64531	2011
Slam Dunk	Comedy	Comedy, Drama, Slice of Life, Sports	64356	1993
Fate/Grand Order: First Order	Action	Action, Fantasy	64223	2016
OniAi	Comedy	Comedy, Ecchi, Romance	64118	2012
Motto To Love Ru	Comedy	Comedy, Ecchi, Romance, Sci-Fi	64102	2010
Log Horizon: Destruction of the Round Table	Action	Action, Adventure, Comedy, Fantasy	63936	2021
The Dungeon of Black Company	Comedy	Comedy, Fantasy	63847	2021
Is It Wrong to Try to Pick Up Girls in a Dungeon?: Arrow of the Orion	Action	Action, Adventure, Comedy, Fantasy, Romance	63813	2019
Fena: Pirate Princess	Action	Action, Adventure, Romance	63750	2021
Pop Team Epic	Comedy	Comedy	63672	2018
Rosario + Vampire Capu2	Comedy	Comedy, Ecchi, Fantasy, Romance	63592	2008
Grimoire of Zero	Action	Action, Drama, Fantasy	63536	2017
Fuuka	Drama	Drama, Ecchi, Music, Romance	63225	2017
Battle Game in 5 Seconds	Action	Action, Drama, Supernatural	63220	2021
Beyond the Boundary -I'LL BE HERE-: Future	Action	Action, Drama, Fantasy, Romance, Slice of Life, Supernatural	63190	2015
Black Rock Shooter	Action	Action, Drama, Fantasy, Psychological, Slice of Life	63117	2012
The World God Only Knows: Goddesses	Comedy	Comedy, Romance, Supernatural	63076	2013
Unbreakable Machine-Doll	Action	Action, Ecchi, Fantasy	63040	2013
The World is Still Beautiful	Adventure	Adventure, Fantasy, Romance	63020	2014
Hybrid x Heart Magias Academy Ataraxia	Action	Action, Comedy, Ecchi, Fantasy, Romance, Sci-Fi	62863	2016
FLIP FLAPPERS	Action	Action, Adventure, Comedy, Fantasy, Mahou Shoujo, Psychological, Sci-Fi	62804	2016
Knight's & Magic	Action	Action, Fantasy, Mecha	62745	2017
SERVAMP	Action	Action, Supernatural	62706	2016
xxxHOLiC	Comedy	Comedy, Drama, Horror, Mystery, Psychological, Supernatural	62705	2006
MUSHI-SHI The Next Passage	Adventure	Adventure, Fantasy, Mystery, Psychological, Slice of Life, Supernatural	62697	2014
World Break: Aria of Curse for a Holy Swordsman	Action	Action, Ecchi, Fantasy, Romance, Supernatural	62600	2015
The Founder of Diabolism	Action	Action, Adventure, Drama, Fantasy, Mystery, Supernatural	62310	
WONDER EGG PRIORITY: My Priority	Action	Action, Drama, Fantasy, Mystery, Psychological, Sci-Fi, Thriller	62276	2021
Himouto! Umaru-chan R	Comedy	Comedy, Slice of Life	61911	2017
Boku no Hero Academia: Sukue! Kyuujo Kunren!	Action	Action, Adventure, Comedy, Supernatural	61886	2017
Is this A Zombie? of the Dead	Action	Action, Comedy, Ecchi, Supernatural	61838	2012
Ascendance of a Bookworm Part 2	Fantasy	Fantasy, Slice of Life	61773	2020
BELLE	Drama	Drama, Music, Mystery, Sci-Fi	61764	2021
PSYCHO-PASS: The Movie	Action	Action, Sci-Fi	61699	2015
Our love has always been 10 centimeters apart.	Drama	Drama, Romance, Slice of Life	61683	2017
Love Live! School Idol Project 2nd Season	Music	Music, Slice of Life	61590	2014
Cells at Work! CODE BLACK	Action	Action, Drama, Sci-Fi	61293	2021
Koikimo	Comedy	Comedy, Romance, Slice of Life	61261	2021
King's Game	Drama	Drama, Horror, Mystery, Supernatural	61163	2017
Baka and Test - Summon the Beasts 2	Comedy	Comedy, Romance, Slice of Life	60799	2011
Isekai Quartet 2	Comedy	Comedy, Fantasy, Slice of Life	60741	2020
Shomin Sample	Comedy	Comedy, Ecchi, Romance	60693	2015
K: RETURN OF KINGS	Action	Action, Supernatural	60485	2015
The Executioner and Her Way of Life	Action	Action, Adventure, Drama, Fantasy	60403	2022
The Fruit of Evolution: Before I Knew It, My Life Had It Made	Adventure	Adventure, Comedy, Fantasy, Romance	60254	2021
Didn't I Say to Make My Abilities Average in the Next Life?!	Action	Action, Adventure, Comedy, Fantasy	60209	2019
Mobile Suit GUNDAM Iron Blooded Orphans	Action	Action, Drama, Mecha, Sci-Fi	60134	2015
Dimension W	Action	Action, Sci-Fi	60114	2016
If It's for My Daughter, I'd Even Defeat a Demon Lord	Adventure	Adventure, Fantasy, Slice of Life	60112	2019
WATATEN!: an Angel Flew Down to Me	Comedy	Comedy, Slice of Life	60091	2019
the Garden of sinners Chapter 2: …and nothing heart. (Murder Speculation Part A)	Action	Action, Mystery, Romance, Supernatural, Thriller	60054	2008
Kyousougiga	Action	Action, Fantasy, Supernatural	60025	2013
His and Her Circumstances	Comedy	Comedy, Drama, Romance, Slice of Life	59993	1998
Actually, I Am	Comedy	Comedy, Fantasy, Romance	59920	2015
Flavors of Youth	Drama	Drama, Romance, Slice of Life	59891	2018
ALDNOAH.ZERO Season 2	Action	Action, Mecha, Sci-Fi	59648	2015
The aquatope on white sand	Drama	Drama, Slice of Life, Supernatural	59532	2021
Death Billiards	Drama	Drama, Mystery, Psychological, Thriller	59503	2013
High School of the Dead: Drifters of the Dead	Comedy	Comedy, Ecchi, Supernatural	59363	2011
Taboo Tattoo	Action	Action, Comedy, Ecchi	59309	2016
Ace of the Diamond	Sports	Sports	59270	2013
Uzaki-chan Wants to Hang Out! Season 2	Comedy	Comedy, Ecchi, Romance, Slice of Life	59175	2022
The Demon Girl Next Door	Comedy	Comedy, Fantasy, Mahou Shoujo, Slice of Life	59170	2019
Reign of the Seven Spellblades	Action	Action, Fantasy	59046	2023
RADIANT	Action	Action, Adventure, Comedy, Fantasy	59046	2018
Darker than Black: Gemini of the Meteor	Action	Action, Mystery, Psychological, Sci-Fi, Supernatural	58997	2009
Welcome to Demon School! Iruma-kun Season 3	Comedy	Comedy, Fantasy, Supernatural	58978	2022
Black Lagoon: Roberta's Blood Trail	Action	Action, Adventure, Drama, Thriller	58968	2010
Clannad: Another World, Tomoyo Chapter	Drama	Drama, Romance, Slice of Life	58950	2008
Code:Breaker	Action	Action, Comedy, Supernatural	58669	2012
Bakuman. 2	Comedy	Comedy, Drama, Romance, Slice of Life	58620	2011
Hamatora	Comedy	Comedy, Drama, Mystery	58588	2014
Mother of the Goddess’ Dormitory	Comedy	Comedy, Ecchi, Romance, Slice of Life	58566	2021
Hunter x Hunter: Phantom Rouge	Action	Action, Adventure, Fantasy	58462	2013
In This Corner of the World	Drama	Drama, Slice of Life	58455	2016
Aggretsuko	Comedy	Comedy, Music, Slice of Life	58200	2018
I'm the Villainess, So I'm Taming the Final Boss	Comedy	Comedy, Fantasy, Romance, Supernatural	58097	2022
Maken-Ki! Battling Venus	Action	Action, Ecchi	57832	2011
AJIN: Demi-Human 2	Action	Action, Horror, Mystery, Supernatural	57825	2016
The Labyrinth of Grisaia	Drama	Drama, Ecchi, Romance	57670	2015
[C] - CONTROL - The Money and Soul of Possibility	Action	Action, Mystery, Supernatural, Thriller	57636	2011
Angel's Egg	Drama	Drama, Fantasy, Psychological	57561	1985
Millennium Actress	Drama	Drama, Fantasy, Romance	57433	2002
Seirei Gensouki: Spirit Chronicles Season 2	Action	Action, Drama, Fantasy, Romance	57414	2024
High School DxD OVA	Comedy	Comedy, Ecchi, Fantasy, Romance	57363	2012
Blood+	Action	Action, Drama, Horror, Mystery, Supernatural	57272	2005
Monster Girl Doctor	Comedy	Comedy, Ecchi, Fantasy, Romance	57193	2020
Planetes	Drama	Drama, Romance, Sci-Fi, Slice of Life	57186	2003
Fate/EXTRA Last Encore	Action	Action, Fantasy, Psychological	57111	2018
One Piece Film: Z	Action	Action, Adventure, Comedy, Drama	57076	2012
White Album 2	Drama	Drama, Music, Romance, Slice of Life	57070	2013
Seiren	Romance	Romance	56890	2017
From Up on Poppy Hill	Drama	Drama, Romance, Slice of Life	56805	2011
The Qwaser of Stigmata	Action	Action, Ecchi, Supernatural	56771	2010
Princess Jellyfish	Comedy	Comedy, Romance, Slice of Life	56675	2010
the Garden of sinners Chapter 3: ever cry, never life. (Remaining Sense of Pain)	Action	Action, Drama, Mystery, Supernatural, Thriller	56644	2008
Golden Kamuy Season 2	Action	Action, Adventure, Comedy	56570	2018
Love of Kill	Action	Action, Psychological, Romance	56551	2022
My Bride is a Mermaid	Comedy	Comedy, Romance	56491	2007
Michiko & Hatchin	Action	Action, Adventure	56426	2008
Kill la Kill: GOODBYE AGAIN	Action	Action, Comedy, Ecchi	56355	2014
Majikoi: Oh! Samurai Girls	Action	Action, Comedy, Drama, Ecchi, Romance	56346	2011
the Garden of sinners Chapter 5: Paradox Paradigm	Action	Action, Drama, Mystery, Romance, Supernatural, Thriller	56342	2008
Love Live! Sunshine!!	Music	Music, Slice of Life	56338	2016
Ningen Fushin: Adventurers Who Don’t Believe in Humanity Will Save the World	Action	Action, Adventure, Fantasy	56331	2023
The Idaten Deities Know Only Peace	Action	Action, Adventure, Fantasy	56235	2021
The Daily Life of the Immortal King Season 2	Action	Action, Comedy, Fantasy	56201	
Link Click Season 2	Drama	Drama, Mystery, Supernatural, Thriller	56157	
Love is Like a Cocktail	Comedy	Comedy, Romance, Slice of Life	56082	2017
S.A: Special A	Comedy	Comedy, Drama, Romance, Slice of Life	56079	2008
Liar, Liar	Psychological	Psychological, Romance	56062	2023
Angel Beats! Specials	Action	Action, Comedy, Drama, Supernatural	55979	2010
Pokémon: The First Movie	Action	Action, Adventure, Drama, Fantasy, Sci-Fi	55938	1998
Kokoro Connect ~ The OVAs	Drama	Drama, Romance, Slice of Life, Supernatural	55922	2012
PUNCH LINE	Comedy	Comedy, Ecchi, Sci-Fi, Supernatural	55777	2015
Phantom: Requiem for the Phantom	Action	Action, Drama, Thriller	55746	2009
Charlotte: Strong People	Comedy	Comedy, Drama, Supernatural	55692	2016
Kotaro Lives Alone	Comedy	Comedy, Drama, Slice of Life	55630	2022
No Guns Life	Action	Action, Drama, Sci-Fi	55615	2019
The Comic Artist & His Assistants	Comedy	Comedy, Ecchi, Romance, Slice of Life	55594	2014
Gantz	Action	Action, Drama, Ecchi, Horror, Psychological, Sci-Fi, Supernatural	55550	2004
Ahiru no Sora	Drama	Drama, Sports	55544	2019
Joshiraku	Comedy	Comedy, Slice of Life	55451	2012
TONIKAWA: Over The Moon For You ~SNS~	Comedy	Comedy, Romance, Slice of Life	55448	2021
Neon Genesis Evangelion: Death & Rebirth	Drama	Drama, Mecha, Psychological, Sci-Fi	55426	1997
The Misfit of Demon King Academy II (Cour 2)	Action	Action, Fantasy	55293	2024
Tsurune	Drama	Drama, Slice of Life, Sports	55245	2018
Peach Boy Riverside	Adventure	Adventure, Fantasy	54960	2021
Gintama.: Silver Soul Arc	Action	Action, Comedy, Drama, Sci-Fi	54914	2018
Bakuman. 3	Comedy	Comedy, Drama, Romance, Slice of Life	54812	2012
Life With an Ordinary Guy Who Reincarnated Into a Total Fantasy Knockout	Adventure	Adventure, Comedy, Fantasy, Romance	54792	2022
Shaman King	Action	Action, Adventure, Comedy, Drama, Supernatural	54780	2001
Nodame Cantabile	Comedy	Comedy, Drama, Music, Romance, Slice of Life	54616	2007
Tokyo Ghoul: [JACK]	Drama	Drama, Horror, Supernatural	54548	2015
The Ambition of Oda Nobuna	Action	Action, Comedy, Drama, Romance	54529	2012
One Piece: Stampede	Action	Action, Adventure, Comedy, Drama, Fantasy	54527	2019
Summoned to Another World for a Second Time	Adventure	Adventure, Comedy, Fantasy	54470	2023
Wolf's Rain	Action	Action, Adventure, Drama, Fantasy, Mystery, Sci-Fi	54460	2003
Riddle Story of Devil	Action	Action, Drama	54405	2014
Medaka Box	Action	Action, Comedy	54304	2012
Carnival Phantasm	Comedy	Comedy, Supernatural	54276	2011
When Will Ayumu Make His Move?	Comedy	Comedy, Romance, Slice of Life	54275	2022
Inazuma Eleven	Sports	Sports, Supernatural	54274	2008
School Rumble	Comedy	Comedy, Romance, Slice of Life	54200	2004
Gankutsuou: The Count of Monte Cristo	Drama	Drama, Mystery, Sci-Fi, Supernatural, Thriller	54118	2004
Heaven Official's Blessing	Adventure	Adventure, Drama, Fantasy, Romance	54053	
To Love Ru Darkness 2	Comedy	Comedy, Ecchi, Romance, Sci-Fi	53875	2015
Humanity Has Declined	Comedy	Comedy, Fantasy, Sci-Fi	53848	2012
Honey and Clover	Comedy	Comedy, Drama, Romance, Slice of Life	53762	2005
MEGALOBOX 2: NOMAD	Action	Action, Drama, Sci-Fi, Sports	53725	2021
Paradise Kiss	Comedy	Comedy, Drama, Romance, Slice of Life	53633	2005
The Boy and the Heron	Adventure	Adventure, Drama, Fantasy, Supernatural	53623	2023
Tonari no Seki-kun: The Master of Killing Time	Comedy	Comedy	53599	2014
Peter Grill and the Philosopher's Time	Comedy	Comedy, Ecchi, Fantasy	53568	2020
MUSHI-SHI The Next Passage 2	Adventure	Adventure, Fantasy, Mystery, Psychological, Slice of Life, Supernatural	53532	2014
Dragon Ball Z: Resurrection 'F'	Action	Action, Adventure, Comedy, Sci-Fi	53361	2015
the Garden of sinners Chapter 4: garan-no-dou. (The Hollow Shrine)	Action	Action, Mystery, Supernatural, Thriller	53334	2008
Clean Freak! Aoyama kun	Comedy	Comedy, Sports	53325	2017
Saekano the Movie: Finale	Comedy	Comedy, Romance, Slice of Life	53260	2019
Chihayafuru 2	Drama	Drama, Romance, Slice of Life, Sports	53112	2013
My Roommate is a Cat	Comedy	Comedy, Slice of Life	53105	2019
Persona 4 the Animation	Action	Action, Adventure, Mystery, Sci-Fi, Supernatural	53018	2011
Flowers of Evil	Drama	Drama, Psychological, Romance	52993	2013
Nekopara	Comedy	Comedy, Slice of Life	52938	2020
Kuma Kuma Kuma Bear	Adventure	Adventure, Comedy, Fantasy, Slice of Life	52817	2020
Air Gear	Action	Action, Comedy, Ecchi, Sports	52814	2006
Senryu Girl	Comedy	Comedy, Romance, Slice of Life	52711	2019
Naruto Shippuden the Movie	Action	Action, Adventure, Comedy, Fantasy	52661	2007
Hajime no Ippo: The Fighting! New Challenger	Comedy	Comedy, Drama, Sports	52616	2009
Free! -Dive to the Future-	Comedy	Comedy, Drama, Slice of Life, Sports	52563	2018
OVERLORD: The Sacred Kingdom	Action	Action, Adventure, Fantasy	52492	2024
UQ Holder!	Action	Action, Fantasy, Sci-Fi	52433	2017
Seton Academy: Join the Pack!	Comedy	Comedy, Ecchi, Romance	52308	2020
Initial D 2nd Stage	Action	Action, Drama, Sports	52286	1999
Kemono Michi: Rise Up	Comedy	Comedy, Fantasy, Slice of Life	52192	2019
Sword Art Online the Movie -Progressive- Scherzo of Deep Night	Action	Action, Adventure, Fantasy, Romance	52068	2022
Non Non Biyori Repeat	Slice of Life	Slice of Life	52056	2015
Rurouni Kenshin (2023)	Action	Action, Drama, Romance	51813	2023
Love, Election and Chocolate	Drama	Drama, Romance	51693	2012
The Way of the Househusband Part 2	Comedy	Comedy, Slice of Life	51641	2021
Devil May Cry	Action	Action, Fantasy	51623	2007
Danganronpa 3: The End of Hope's Peak High School - Hope Arc	Action	Action, Psychological, Sci-Fi, Thriller	51616	2016
The Legend of the Legendary Heroes	Action	Action, Adventure, Fantasy	51584	2010
Hajime No Ippo: The Fighting! - Rising -	Comedy	Comedy, Drama, Sports	51568	2013
Baki Hanma	Action	Action, Sports	51553	2021
Clannad: Another World, Kyou Chapter	Drama	Drama, Romance, Slice of Life	51486	2009
Infinite Dendrogram	Action	Action, Adventure, Fantasy	51480	2020
Freezing	Action	Action, Drama, Ecchi, Romance, Sci-Fi	51473	2011
Seitokai Yakuindomo Season 2	Comedy	Comedy, Slice of Life	51443	2014
AZUR LANE	Action	Action, Ecchi, Sci-Fi	51392	2019
Naruto Shippuden the Movie: Blood Prison	Action	Action, Adventure, Mystery	51383	2011
Reborn to Master the Blade: From Hero-King to Extraordinary Squire	Action	Action, Adventure, Comedy, Fantasy	51337	2023
Magia Record: Puella Magi Madoka Magica Side Story	Drama	Drama, Mahou Shoujo, Mystery, Psychological, Thriller	51282	2020
Thus Spoke Rohan Kishibe	Horror	Horror, Mystery, Supernatural	51243	2017
Little Witch Academia: The Enchanted Parade	Comedy	Comedy, Fantasy	51163	2015
Hitori no Shita - The Outcast	Action	Action, Adventure, Supernatural	51069	
Tsugumomo	Action	Action, Comedy, Ecchi, Supernatural	51062	2017
Wagnaria!!2	Comedy	Comedy, Slice of Life	51046	2011
Japan Sinks: 2020	Drama	Drama, Sci-Fi	50965	2020
Children who Chase Lost Voices	Adventure	Adventure, Drama, Fantasy, Romance	50916	2011
Nanana's Buried Treasure	Comedy	Comedy, Mystery, Supernatural	50861	2014
One Piece Film: Gold	Action	Action, Adventure, Comedy, Drama, Fantasy	50801	2016
Gintama.: Silver Soul Arc - Second Half War	Action	Action, Comedy, Drama, Sci-Fi	50750	2018
Fullmetal Alchemist: The Movie - Conqueror of Shamballa	Action	Action, Comedy, Drama, Fantasy	50719	2005
Gintama: The Final Chapter - Be Forever Yorozuya	Action	Action, Comedy, Sci-Fi	50703	2013
Blue Exorcist: The Movie	Action	Action, Fantasy, Supernatural	50671	2012
ARIA The ANIMATION	Fantasy	Fantasy, Sci-Fi, Slice of Life	50598	2005
KanColle	Action	Action, Sci-Fi, Slice of Life	50574	2015
Tokyo Ghoul: [PINTO]	Drama	Drama, Horror, Supernatural	50498	2015
Descending Stories: Showa Genroku Rakugo Shinju	Drama	Drama	50447	2017
K: MISSING KINGS	Action	Action, Supernatural	50439	2014
Servant x Service	Comedy	Comedy, Romance, Slice of Life	50371	2013
In/Spectre 2	Comedy	Comedy, Mystery, Romance, Supernatural	50366	2023
Sky Wizards Academy	Action	Action, Ecchi, Fantasy	50272	2015
Date A Live: Date to Date	Comedy	Comedy, Ecchi, Romance, Sci-Fi	50217	
Teasing Master Takagi-san Season 3	Comedy	Comedy, Romance, Slice of Life	50115	2022
Kino's Journey -the Beautiful World- the Animated Series	Adventure	Adventure, Drama, Fantasy, Psychological, Slice of Life	50092	2017
Date A Live Mayuri Judgement	Action	Action, Comedy, Ecchi, Fantasy, Mecha, Romance, Sci-Fi	50079	2015
Big Order	Action	Action, Supernatural	50064	2016
The Ryuo's Work is Never Done!	Comedy	Comedy, Slice of Life	50052	2018
Colorful ~ The Motion Picture	Drama	Drama, Slice of Life, Supernatural	50046	2010
Pokémon Origins	Action	Action, Adventure, Fantasy	49932	2013
Kase-san and Morning Glories	Romance	Romance, Slice of Life	49901	2018
In the Land of Leadale	Adventure	Adventure, Fantasy	49891	2022
Food Wars! The Second Plate OVA	Action	Action, Comedy, Ecchi	49803	2017
Junji Ito Collection	Drama	Drama, Horror, Mystery, Psychological, Supernatural	49789	2018
Jin-Roh: The Wolf Brigade	Action	Action, Drama, Psychological, Romance, Thriller	49776	2000
One Piece Film: Strong World	Action	Action, Adventure, Comedy, Drama, Fantasy	49693	2009
the Garden of sinners Chapter 7: ……not nothing heart. (Murder Speculation Part B)	Action	Action, Mystery, Romance, Supernatural, Thriller	49587	2009
Hyouka: What Should Be Had	Mystery	Mystery, Slice of Life	49477	2012
Beautiful Bones -Sakurako's Investigation-	Mystery	Mystery	49462	2015
Fate/stay night: Unlimited Blade Works (Movie)	Action	Action, Drama, Fantasy, Supernatural	49459	2010
Rage of Bahamut: Virgin Soul	Action	Action, Fantasy, Romance, Supernatural	49423	2017
Naruto Shippuden the Movie: The Lost Tower	Action	Action, Comedy	49418	2010
The Demon Sword Master of Excalibur Academy	Fantasy	Fantasy, Romance	49407	2023
Summer Ghost	Drama	Drama, Supernatural	49264	2021
My Hero Academia: Make It! Do-or-Die Survival Training	Action	Action, Adventure, Comedy	49202	2020
Ranma ½	Action	Action, Comedy, Ecchi, Romance, Slice of Life	49193	1989
BABYLON	Drama	Drama, Mystery, Psychological, Thriller	49127	2019
Lord El-Melloi II's Case Files {Rail Zeppelin} Grace note	Drama	Drama, Fantasy, Mystery, Supernatural	49031	2019
Kaiji - Against All Rules	Psychological	Psychological, Thriller	49028	2011
Berserk: The Golden Age Arc I - The Egg of the King	Action	Action, Adventure, Fantasy, Supernatural	48956	2012
Magical Warfare	Action	Action, Fantasy	48945	2014
One Outs	Psychological	Psychological, Sports	48944	2008
Irina: The Vampire Cosmonaut	Drama	Drama, Romance, Sci-Fi, Supernatural	48908	2021
the Garden of sinners Chapter 6: Fairy Tale. (Oblivion Recording)	Action	Action, Mystery, Romance, Supernatural, Thriller	48876	2009
My Sweet Tyrant	Comedy	Comedy, Romance, Slice of Life	48801	2018
KOKKOKU	Action	Action, Drama, Mystery, Psychological, Supernatural, Thriller	48798	2018
Kämpfer	Action	Action, Comedy, Ecchi, Romance	48791	2009
Rainbow Days	Comedy	Comedy, Romance, Slice of Life	48779	2016
Heaven's Memo Pad	Mystery	Mystery	48742	2011
Love Lab	Comedy	Comedy, Romance	48727	2013
LOVE STAGE!!	Comedy	Comedy, Romance	48665	2014
Gintama.: Slip Arc	Action	Action, Comedy, Drama, Sci-Fi	48656	2017
Okami-san and Her Seven Companions	Comedy	Comedy, Romance	48640	2010
Puella Magi Madoka Magica the Movie Part I: Beginnings	Action	Action, Drama, Fantasy, Mahou Shoujo, Psychological, Thriller	48573	2012
Children of the Sea	Drama	Drama, Mystery, Supernatural	48525	2019
The Irregular at Magic High School The Movie: The Girl Who Summons the Stars	Sci-Fi	Sci-Fi, Supernatural	48441	2017
KINMOZA!	Comedy	Comedy, Slice of Life	48395	2013
Sarazanmai	Comedy	Comedy, Drama, Fantasy, Psychological, Supernatural	48391	2019
The Master of Ragnarök & Blesser of Einherjar	Adventure	Adventure, Ecchi, Fantasy, Romance	48358	2018
Yu☆Gi☆Oh!	Action	Action, Comedy, Fantasy	48302	1998
Wagnaria!!3	Comedy	Comedy, Romance, Slice of Life	48289	2015
Baki: The Great Raitai Tournament Saga	Action	Action, Sports	48208	2020
Yowamushi Pedal	Comedy	Comedy, Drama, Sports	48193	2013
The Dawn of the Witch	Action	Action, Adventure, Comedy, Ecchi, Fantasy	48079	2022
The Night is Short, Walk on Girl	Comedy	Comedy, Romance	48036	2017
Angel Beats!: Another Epilogue	Drama	Drama, Supernatural	47994	2010
ACCA: 13-Territory Inspection Dept.	Drama	Drama, Mystery, Slice of Life	47989	2017
Kingdom	Action	Action, Drama	47938	2012
Hunter x Hunter: The Last Mission	Action	Action, Adventure, Fantasy	47880	2013
FAIRY TAIL 100 YEARS QUEST	Action	Action, Adventure, Comedy, Fantasy	47873	2024
Puella Magi Madoka Magica the Movie Part II: Eternal	Action	Action, Drama, Fantasy, Mahou Shoujo, Psychological, Thriller	47852	2012
Plastic Elder Sister	Comedy	Comedy, Ecchi	47761	2011
The Seven Deadly Sins OVA	Action	Action, Adventure, Fantasy	47666	2015
Naruto the Movie: Ninja Clash in the Land of Snow	Action	Action, Adventure, Comedy, Drama, Supernatural	47646	2004
Dragon Ball Z Kai: The Final Chapters	Action	Action, Adventure, Comedy	47611	2014
Gintama: THE VERY FINAL	Action	Action, Comedy, Drama, Sci-Fi	47584	2021
Scissor Seven	Action	Action, Comedy, Drama, Mystery, Romance	47579	
Shakugan no Shana: Season II	Action	Action, Comedy, Drama, Fantasy, Romance	47555	2007
Heaven's Lost Property: Forte	Comedy	Comedy, Ecchi, Romance, Sci-Fi, Slice of Life, Supernatural	47544	2010
Air	Drama	Drama, Romance, Slice of Life, Supernatural	47521	2005
Ascendance of a Bookworm Season 3	Drama	Drama, Fantasy, Slice of Life	47489	2022
To Every You I’ve Loved Before	Romance	Romance, Sci-Fi	47470	2022
Kono Oto Tomare!: Sounds of Life Season 2	Drama	Drama, Music, Romance, Slice of Life	47470	2019
Mirai	Adventure	Adventure, Comedy, Drama, Fantasy, Slice of Life	47439	2018
Good Luck Girl!	Adventure	Adventure, Comedy, Supernatural	47396	2012
Record of Ragnarok II	Action	Action, Drama, Fantasy, Supernatural	47379	2023
Space Patrol Luluco	Action	Action, Adventure, Comedy, Romance, Sci-Fi	47360	2016
Toradora!: Bento Battle	Comedy	Comedy, Romance, Slice of Life	47312	2011
Date A Live II: Kurumi Star Festival	Fantasy	Fantasy, Romance, Slice of Life	47273	2014
InuYasha: The Final Act	Action	Action, Adventure, Comedy, Fantasy, Romance	47243	2009
KENGAN ASHURA Part I	Action	Action, Sports	47211	2019
Black Butler: Book of the Atlantic	Action	Action, Comedy, Fantasy, Mystery, Supernatural	47210	2017
Natsume's Book of Friends Season 2	Drama	Drama, Fantasy, Slice of Life, Supernatural	47208	2009
Squid Girl	Comedy	Comedy, Slice of Life	47139	2010
SSSS.DYNAZENON	Action	Action, Mecha, Romance, Sci-Fi	47042	2021
Bungo Stray Dogs 2: Walking Alone	Action	Action, Comedy, Mystery, Supernatural	47029	2017
Cross Ange: Rondo of Angel and Dragon	Action	Action, Ecchi, Mecha, Romance, Sci-Fi	47012	2014
The Place Promised in Our Early Days	Drama	Drama, Romance, Sci-Fi	46870	2004
Vampire Knight: Guilty	Drama	Drama, Mystery, Romance, Supernatural	46868	2008
Comic Girls	Comedy	Comedy, Slice of Life	46745	2018
AMNESIA	Fantasy	Fantasy, Mystery, Romance	46715	2013
Mirai Nikki OVA	Action	Action, Supernatural	46711	2010
ChäoS;HEAd	Mystery	Mystery, Psychological, Sci-Fi, Supernatural	46699	2008
Berserk: The Golden Age Arc III - The Advent	Action	Action, Adventure, Drama, Fantasy, Horror, Supernatural	46675	2013
Qualidea Code	Action	Action, Fantasy, Supernatural	46384	2016
Kanon (2006)	Drama	Drama, Romance, Slice of Life, Supernatural	46371	2006
Golden Kamuy Season 3	Action	Action, Adventure, Comedy	46343	2020
Is It Wrong to Try to Pick Up Girls in a Dungeon?: Is It Wrong to Expect a Hot Spring in a Dungeon?	Adventure	Adventure, Comedy, Ecchi, Fantasy, Romance	46332	2016
Trinity Seven: Eternal Library & Alchemic Girl	Action	Action, Comedy, Ecchi, Fantasy, Romance	46264	2017
Nura: Rise of the Yokai Clan	Action	Action, Supernatural	46262	2010
HANEBADO!	Drama	Drama, Slice of Life, Sports	46240	2018
Blue Literature Series	Drama	Drama, Psychological, Thriller	46239	2009
The Lost Village	Comedy	Comedy, Drama, Horror, Mystery, Supernatural	46137	2016
Naruto Shippuden the Movie: Bonds	Action	Action, Supernatural	46084	2008
maboroshi	Drama	Drama, Fantasy, Romance, Supernatural	46050	2023
Gurren Lagann The Movie: The Lights in the Sky are Stars	Action	Action, Drama, Mecha, Romance, Sci-Fi	46046	2009
Revue Starlight	Action	Action, Drama, Music, Psychological	46024	2018
Kenichi: The Mightiest Disciple	Action	Action, Comedy	46005	2006
The Eccentric Family	Comedy	Comedy, Drama, Fantasy, Slice of Life, Supernatural	45989	2013
Pretty Boy Detective Club	Comedy	Comedy, Mystery, Sci-Fi	45838	2021
Classroom for Heroes	Action	Action, Fantasy, Slice of Life	45825	2023
RE-MAIN	Drama	Drama, Sports	45764	2021
Taisho Otome Fairy Tale	Comedy	Comedy, Drama, Romance, Slice of Life	45748	2021
ef ~ A Tale of Memories	Drama	Drama, Mystery, Psychological, Romance	45738	2007
The Irregular at Magic High School Season 3	Action	Action, Sci-Fi, Supernatural	45723	2024
I'm Standing on a Million Lives Season 2	Action	Action, Drama, Fantasy	45716	2021
Rail Wars!	Action	Action, Ecchi, Romance	45586	2014
Rewrite	Drama	Drama, Mystery, Romance, Slice of Life, Supernatural	45567	2016
Pokémon the Series: XY	Action	Action, Adventure, Comedy, Fantasy	45553	2013
Strike the Blood Second	Action	Action, Ecchi, Fantasy, Supernatural	45517	2016
Berserk: The Golden Age Arc II - The Battle for Doldrey	Action	Action, Adventure, Drama, Fantasy, Horror, Supernatural	45466	2012
Yuki Yuna is a Hero	Action	Action, Drama, Fantasy, Mahou Shoujo, Psychological, Slice of Life	45446	2014
Kaiba	Adventure	Adventure, Mystery, Psychological, Romance, Sci-Fi	45435	2008
Tiger & Bunny	Action	Action, Comedy, Mecha, Mystery	45423	2011
Space Brothers	Comedy	Comedy, Sci-Fi, Slice of Life	45362	2012
Today's Menu for the Emiya Family	Comedy	Comedy, Slice of Life, Supernatural	45261	2018
No-Rin	Comedy	Comedy, Ecchi, Romance	45181	2014
Natsume's Book of Friends Season 4	Drama	Drama, Fantasy, Slice of Life, Supernatural	45126	2012
K-ON!: Live House!	Comedy	Comedy, Music, Slice of Life	45102	2010
Natsume's Book of Friends Season 3	Drama	Drama, Fantasy, Slice of Life, Supernatural	45094	2011
Science Fell in Love, So I Tried to Prove It r=1-sinθ	Comedy	Comedy, Romance	45092	2022
Miru Tights	Ecchi	Ecchi, Slice of Life	44962	2019
HIGH CARD	Action	Action, Fantasy	44759	2023
To Me, The One Who Loved You	Romance	Romance, Sci-Fi	44681	2022
Dragonar Academy	Comedy	Comedy, Ecchi, Fantasy	44678	2014
Kakegurui Twin	Drama	Drama, Mystery, Psychological	44614	2022
Knights of Sidonia	Action	Action, Fantasy, Mecha, Sci-Fi	44554	2014
Real Girl 2	Comedy	Comedy, Drama, Romance, Slice of Life	44546	2019
Drug Store in Another World - The Slow Life of a Cheat Pharmacist	Comedy	Comedy, Fantasy, Slice of Life	44429	2021
Canaan	Action	Action, Sci-Fi, Supernatural	44418	2009
I Can't Understand What My Husband is Saying 2nd Thread	Comedy	Comedy, Romance, Slice of Life	44411	2015
Those Snow White Notes	Drama	Drama, Music	44285	2021
High School DxD: Fantasy Jiggles Unleashed	Comedy	Comedy, Ecchi, Romance	44283	2012
Granblue Fantasy: The Animation	Adventure	Adventure, Fantasy	44279	2017
Are You Lost?	Adventure	Adventure, Comedy, Ecchi	44227	2019
Initial D 3rd Stage	Action	Action, Drama, Romance, Sports	44220	2001
Otherside Picnic	Adventure	Adventure, Fantasy, Mystery, Sci-Fi, Supernatural	44094	2021
YuruYuri Season 2	Comedy	Comedy, Slice of Life	44083	2012
Kabaneri of the Iron Fortress: The Battle of Unato	Action	Action, Drama, Fantasy, Horror, Supernatural	44060	2019
SUPER HXEROS	Action	Action, Comedy, Ecchi, Romance, Supernatural	44052	2020
Occultic;Nine	Mystery	Mystery, Sci-Fi, Supernatural, Thriller	44029	2016
Pokémon the Series: Ruby and Sapphire	Action	Action, Adventure, Comedy, Fantasy	44013	2002
No Game No Life Specials	Comedy	Comedy, Ecchi, Fantasy	44000	2014
Sugar Apple Fairy Tale	Adventure	Adventure, Fantasy, Romance	43948	2023
Sakura Quest	Comedy	Comedy, Slice of Life	43946	2017
Tawawa on Monday	Ecchi	Ecchi, Slice of Life	43905	2016
Oreimo (ONA)	Comedy	Comedy, Romance, Slice of Life	43867	2011
Dragon Ball Super: SUPER HERO	Action	Action, Adventure, Fantasy, Sci-Fi	43797	2022
2.43: Seiin High School Boys Volleyball Team	Drama	Drama, Slice of Life, Sports	43786	2021
Vampire Hunter D: Bloodlust	Action	Action, Adventure, Drama, Fantasy, Horror, Romance, Sci-Fi	43763	2000
Gunbuster	Action	Action, Drama, Mecha, Sci-Fi	43755	1988
Do It Yourself!!	Slice of Life	Slice of Life	43706	2022
Fairy gone	Action	Action, Adventure, Drama, Fantasy, Supernatural	43690	2019
Initial D 4th Stage	Action	Action, Drama, Sports	43682	2004
Super Cub	Slice of Life	Slice of Life	43669	2021
Sunday Without God	Adventure	Adventure, Drama, Fantasy, Mystery, Psychological, Supernatural	43657	2013
Kanokon: The Girl Who Cried Fox	Comedy	Comedy, Ecchi, Romance, Supernatural	43615	2008
Samurai X: Trust and Betrayal	Action	Action, Drama, Romance	43578	1999
Kakuriyo -Bed & Breakfast for Spirits-	Drama	Drama, Romance, Supernatural	43573	2018
Sound of the Sky	Music	Music, Sci-Fi, Slice of Life	43572	2010
Killing Bites	Action	Action, Ecchi, Horror, Sci-Fi	43550	2018
Ocean Waves	Drama	Drama, Romance, Slice of Life	43534	1993
Black Butler: Book of Murder	Comedy	Comedy, Fantasy, Mystery, Supernatural	43350	2014
SKET Dance	Comedy	Comedy, Drama, Slice of Life	43350	2011
Ushio and Tora (TV)	Action	Action, Adventure, Comedy, Drama, Supernatural	43341	2015
Gatchaman Crowds	Action	Action, Adventure, Sci-Fi	43282	2013
Magical Girl Raising Project	Action	Action, Fantasy, Horror, Mahou Shoujo, Psychological, Thriller	43246	2016
Joker Game	Action	Action, Drama, Mystery, Psychological, Thriller	43241	2016
Fairy Tail: Dragon Cry	Action	Action, Comedy, Fantasy	43223	2017
Symphogear	Action	Action, Drama, Mahou Shoujo, Music, Sci-Fi	43138	2012
Naruto Shippuden the Movie: The Will of Fire	Action	Action, Comedy	43110	2009
Yu-Gi-Oh! GX	Action	Action, Comedy, Fantasy	42938	2004
FLCL Progressive	Action	Action, Comedy, Mecha, Sci-Fi	42922	2018
Please tell me! Galko-chan	Comedy	Comedy, Slice of Life	42875	2016
Hitorijime My Hero	Romance	Romance, Slice of Life	42859	2017
Bokurano	Drama	Drama, Mecha, Psychological, Sci-Fi	42739	2007
YU-NO: A Girl Who Chants Love at the Bound of This World	Action	Action, Adventure, Drama, Sci-Fi	42696	2019
Her Blue Sky	Drama	Drama, Music, Romance, Slice of Life, Supernatural	42689	2019
SHUFFLE!	Comedy	Comedy, Drama, Ecchi, Fantasy, Romance	42676	2005
Another: The Other	Horror	Horror, Mystery, Thriller	42665	2012
Sword of the Demon Hunter: Kijin Gentosho	Action	Action, Adventure, Fantasy	42654	2025
Fruits Basket -prelude-	Drama	Drama, Romance	42559	2022
Izetta: The Last Witch	Action	Action, Drama	42501	2016
Only Yesterday	Drama	Drama, Romance, Slice of Life	42441	1991
Nyan Koi!	Comedy	Comedy, Romance, Slice of Life, Supernatural	42391	2009
Ladies Versus Butlers	Comedy	Comedy, Ecchi, Romance	42218	2010
Bleach the Movie: Memories of Nobody	Action	Action, Adventure, Drama, Supernatural	42218	2006
MARS RED	Action	Action, Drama, Sci-Fi, Supernatural	42175	2021
Naruto the Movie: Legend of the Stone of Gelel	Adventure	Adventure, Comedy, Drama, Fantasy, Supernatural	42032	2005
Princess Tutu	Drama	Drama, Fantasy, Mahou Shoujo, Mystery, Psychological, Romance	41953	2002
Castle Town Dandelion	Comedy	Comedy, Slice of Life	41808	2015
If Her Flag Breaks	Comedy	Comedy, Romance	41763	2014
Memories	Adventure	Adventure, Comedy, Drama, Horror, Mystery, Psychological, Sci-Fi	41755	1995
KONOHANA KITAN	Slice of Life	Slice of Life, Supernatural	41740	2017
Youjo Senki II	Action	Action, Fantasy	41654	
Miss Caretaker of Sunohara-sou	Comedy	Comedy, Ecchi, Slice of Life	41645	2018
Pokémon the Movie 2000	Action	Action, Adventure, Drama, Fantasy	41637	1999
Fairy Tail: Phoenix Priestess	Action	Action, Adventure, Comedy, Fantasy	41534	2012
Mobile Suit Gundam	Drama	Drama, Mecha, Sci-Fi	41526	1979
Aoharu x Machinegun	Action	Action, Comedy, Slice of Life, Sports	41511	2015
Ga-Rei-Zero	Action	Action, Supernatural, Thriller	41465	2008
Pupa	Drama	Drama, Fantasy, Horror, Psychological	41453	2014
Chihayafuru 3	Drama	Drama, Romance, Slice of Life, Sports	41423	2019
Netsuzou Trap -NTR-	Drama	Drama, Ecchi, Romance	41394	2017
APPARE-RANMAN!	Action	Action, Adventure, Comedy	41359	2020
Full Metal Panic? Fumoffu	Action	Action, Comedy, Romance	41359	2003
Mob Psycho 100 II: The First Spirits and Such Company Trip ~A Journey that Mends the Heart and Heals the Soul~	Action	Action, Comedy, Supernatural	41352	2019
Fate/kaleid liner Prisma☆Illya 2wei!	Action	Action, Comedy, Ecchi, Fantasy, Mahou Shoujo	41352	2014
NAKAIMO - My Little Sister Is Among Them!	Comedy	Comedy, Ecchi, Romance	41319	2012
Darker than Black: Origins	Action	Action, Mystery, Psychological, Sci-Fi	41201	2010
The Ones Within	Adventure	Adventure, Comedy, Drama, Mystery, Sci-Fi	41191	2019
When They Cry Rei	Comedy	Comedy, Mystery, Psychological, Supernatural, Thriller	41161	2009
Chaika -The Coffin Princess- AVENGING BATTLE	Action	Action, Adventure, Comedy, Fantasy	41142	2014
Space Dandy 2	Comedy	Comedy, Sci-Fi	41141	2014
Terra Formars	Action	Action, Horror, Sci-Fi	41079	2014
MM!	Comedy	Comedy, Ecchi	41057	2010
The Idol Master	Comedy	Comedy, Drama, Music, Slice of Life	40960	2011
Dropkick on My Devil!	Comedy	Comedy, Slice of Life, Supernatural	40878	2018
Kubikiri Cycle: The Blue Savant and the Nonsense User	Drama	Drama, Mystery, Psychological, Thriller	40818	2016
Moribito: Guardian of the Spirit	Action	Action, Adventure, Fantasy	40599	2007
Skip Beat!	Comedy	Comedy, Drama, Romance	40587	2008
SHADOWS HOUSE 2nd Season	Fantasy	Fantasy, Horror, Mystery, Slice of Life, Supernatural	40565	2022
Dagashi Kashi 2	Comedy	Comedy, Slice of Life	40553	2018
Love Hina	Comedy	Comedy, Ecchi, Romance, Slice of Life	40534	2000
7SEEDS	Action	Action, Adventure, Drama, Horror, Mystery, Psychological, Romance, Sci-Fi	40272	2019
Wasteful Days of High School Girls	Comedy	Comedy, Slice of Life	40243	2019
Shakugan no Shana: Season III	Action	Action, Fantasy, Romance, Supernatural	40233	2011
World Trigger 2nd Season	Action	Action, Sci-Fi	40200	2021
Ikebukuro West Gate Park	Drama	Drama, Mystery	40123	2020
Ghost in the Shell: Stand Alone Complex 2nd GIG	Action	Action, Mystery, Psychological, Sci-Fi	40085	2004
Ultramarine Magmell	Action	Action, Adventure, Fantasy	40080	2019
Back Street Girls -GOKUDOLS-	Comedy	Comedy, Ecchi, Music	40039	2018
The Perfect Insider	Drama	Drama, Mystery, Psychological, Sci-Fi, Thriller	40000	2015
JoJo's Bizarre Adventure	Action	Action, Adventure, Drama, Horror, Supernatural	39974	1993
Soul Eater Not!	Action	Action, Comedy, Ecchi, Supernatural	39970	2014
BEATLESS	Action	Action, Drama, Romance, Sci-Fi	39792	2018
DAKAICHI -I'm being harassed by the sexiest man of the year-	Comedy	Comedy, Drama, Romance	39764	2018
Hakata Tonkotsu Ramens	Action	Action, Mystery	39756	2018
Arte	Drama	Drama, Romance, Slice of Life	39755	2020
Spice and Wolf II: Wolf and the Amber Melancholy	Adventure	Adventure, Fantasy, Romance	39728	2009
Princess Connect! Re:Dive Season 2	Action	Action, Adventure, Comedy, Fantasy	39716	2022
The Faraway Paladin: The Lord of Rust Mountains	Action	Action, Adventure, Fantasy, Mystery, Psychological	39586	2023
Noragami ARAGOTO OVA	Action	Action, Adventure, Comedy, Slice of Life, Supernatural	39503	2015
Prison School: Mad Wax	Comedy	Comedy, Ecchi, Romance	39456	2016
One-Punch Man Season 2 OVA	Action	Action, Comedy, Sci-Fi, Supernatural	39448	2019
ORESUKI: Are you the only one who loves me?: Our Playball / Our End Run / Our Game	Comedy	Comedy, Drama, Romance, Slice of Life	39355	2020
Made in Abyss: Wandering Twilight	Adventure	Adventure, Drama, Fantasy, Horror, Mystery, Sci-Fi	39283	2019
Arknights: PRELUDE TO DAWN	Action	Action, Fantasy	39255	2022
Umineko: When They Cry	Drama	Drama, Horror, Mystery, Psychological, Supernatural	39251	2009
Princess Lover!	Comedy	Comedy, Ecchi, Romance	39238	2009
Den-noh Coil	Adventure	Adventure, Comedy, Drama, Mystery, Sci-Fi	39224	2007
Sing a Bit of Harmony	Music	Music, Sci-Fi	39195	2021
Omamori Himari	Action	Action, Comedy, Ecchi, Fantasy, Romance	39168	2010
GANBARE DOUKICHAN	Comedy	Comedy, Ecchi, Romance, Slice of Life	39138	2021
Seraph of the End: Vampire Reign - Owaranai Seraph	Action	Action, Comedy, Sci-Fi, Supernatural	39103	2015
Mr. Osomatsu	Comedy	Comedy, Slice of Life	39035	2015
Pokémon 3: The Movie	Action	Action, Adventure, Drama, Fantasy	39021	2000
Bleach the Movie: Hell Verse	Action	Action, Supernatural	38974	2010
Now and Then, Here and There	Adventure	Adventure, Drama, Fantasy, Sci-Fi	38970	1999
I've Been Killing Slimes For 300 Years And Maxed Out My Level Season 2	Comedy	Comedy, Fantasy, Slice of Life	38912	2025
Bludgeoning Angel Dokuro-chan	Comedy	Comedy, Ecchi, Supernatural	38906	2005
Death Note: Relight	Mystery	Mystery, Psychological, Supernatural, Thriller	38898	2007
Seven Mortal Sins	Action	Action, Ecchi, Fantasy	38798	2017
Backflip!!	Comedy	Comedy, Drama, Sports	38792	2021
GJ Club	Comedy	Comedy, Slice of Life	38770	2013
ItaKiss	Comedy	Comedy, Romance	38709	2008
Robotics;Notes	Drama	Drama, Mecha, Sci-Fi	38635	2012
Sekirei: Pure Engagement	Action	Action, Comedy, Ecchi	38630	2010
My Hero Academia the Movie: Two Heroes Specials	Action	Action, Drama	38592	2019
Gurren Lagann The Movie: Childhood's End	Action	Action, Comedy, Drama, Mecha, Romance, Sci-Fi	38588	2008
Nisekoi OVA	Comedy	Comedy, Romance	38582	2014
Mobile Suit Gundam 00	Action	Action, Drama, Mecha, Sci-Fi	38549	2007
Nyaruko-san: Another Crawling Chaos W	Comedy	Comedy, Romance, Sci-Fi	38490	2013
Sabagebu! - Survival Game Club!	Action	Action, Comedy, Sports	38452	2014
Love, Chunibyo & Other Delusions - Heart Throb -: The Rikka Wars/ Apocalypse of the Wicked Lord Shingan Reborn	Comedy	Comedy, Romance, Slice of Life	38450	2014
Hayate the Combat Butler	Action	Action, Comedy, Romance	38432	2007
OneRoom	Romance	Romance, Slice of Life	38393	2017
Cat Planet Cuties	Comedy	Comedy, Ecchi, Romance, Sci-Fi	38320	2010
True Tears	Drama	Drama, Romance	38285	2008
Boogiepop Phantom	Drama	Drama, Horror, Mystery, Psychological, Supernatural	38141	2000
Yahari Ore no Seishun Love Come wa Machigatteiru. Kan: Dakara, Shishunki wa Owarazu ni, Seishun wa Tsuzuiteiku.	Comedy	Comedy, Drama, Romance, Slice of Life	38107	2023
Love Live! The School Idol Movie	Music	Music, Slice of Life	38060	2015
Gonna be the Twin-Tail!!	Action	Action, Comedy, Ecchi, Fantasy, Romance	38019	2014
Jormungand: Perfect Order	Action	Action, Adventure	37969	2012
Full Metal Panic! The Second Raid	Action	Action, Mecha, Sci-Fi	37959	2005
Casshern Sins	Action	Action, Adventure, Drama, Psychological, Sci-Fi	37946	2008
High School DxD NEW OVA Oppai, Tsutsumimasu!	Comedy	Comedy, Ecchi, Fantasy	37937	2015
Listen to Me, Girls. I Am Your Father!	Comedy	Comedy, Drama, Romance, Slice of Life	37914	2012
Black Cat	Action	Action, Adventure, Comedy, Sci-Fi	37857	2005
Invaders of the Rokujoma!?	Comedy	Comedy, Romance, Supernatural	37830	2014
Gunslinger Girl	Action	Action, Drama, Psychological, Sci-Fi	37827	2003
Pokémon the Series: Diamond and Pearl	Action	Action, Adventure, Comedy, Fantasy	37801	2006
Non Non Biyori Nonstop	Comedy	Comedy, Slice of Life	37707	2021
To LOVE-Ru OVA	Comedy	Comedy, Ecchi, Sci-Fi	37703	2009
Student Council's Discretion	Comedy	Comedy	37690	2009
Beyond the Boundary -I'LL BE HERE-: Past	Drama	Drama, Fantasy, Slice of Life, Supernatural	37662	2015
Smile Down the Runway	Drama	Drama, Slice of Life	37649	2020
Tari Tari	Music	Music, Slice of Life	37585	2012
Star Wars: Visions	Action	Action, Adventure, Sci-Fi	37558	2021
Gugure! Kokkuri-san	Comedy	Comedy, Supernatural	37501	2014
Hori-san to Miyamura-kun	Comedy	Comedy, Romance, Slice of Life	37417	2012
the Garden of sinners Chapter 8: The Final Chapter	Mystery	Mystery, Psychological, Supernatural	37417	2011
Karneval (TV)	Action	Action, Fantasy, Mystery, Sci-Fi	37388	2013
Dance in the Vampire Bund	Action	Action, Ecchi, Romance, Supernatural	37290	2010
Naruto the Movie: Guardians of the Crescent Moon Kingdom	Action	Action, Adventure	37266	2006
Bleach the Movie: The DiamondDust Rebellion	Action	Action, Adventure, Drama, Supernatural	37262	2007
Dragon Ball Z: Fusion Reborn	Action	Action, Adventure, Sci-Fi	37243	1995
By the Grace of the Gods 2	Adventure	Adventure, Fantasy, Slice of Life	37203	2023
K-ON! Season 2: Plan!	Comedy	Comedy, Music, Slice of Life	37194	2011
She Professed Herself Pupil of the Wise Man	Adventure	Adventure, Fantasy	37147	2022
Genshiken	Comedy	Comedy, Slice of Life	37131	2004
ORIENT	Action	Action, Adventure, Comedy, Fantasy	37092	2022
Orange: Future	Drama	Drama, Psychological, Romance, Sci-Fi, Supernatural	37037	2016
Clockwork Planet	Drama	Drama, Ecchi, Fantasy, Romance, Sci-Fi	37032	2017
Raven of the Inner Palace	Drama	Drama, Fantasy, Mystery, Supernatural	36981	2022
Recently, My Sister Is Unusual	Comedy	Comedy, Ecchi, Romance, Supernatural	36976	2014
Yona of the Dawn OVA	Action	Action, Comedy, Fantasy, Romance	36962	2015
How to Keep a Mummy	Comedy	Comedy, Slice of Life, Supernatural	36944	2018
Dragon Ball Z: Broly - The Legendary Super Saiyan	Action	Action, Adventure, Sci-Fi	36897	1993
ISLAND	Drama	Drama, Mystery, Romance, Sci-Fi	36847	2018
Tales from Earthsea	Adventure	Adventure, Fantasy	36845	2006
Hetalia Axis Powers	Comedy	Comedy	36821	2009
To the Abandoned Sacred Beasts	Action	Action, Drama, Fantasy, Mystery, Supernatural	36809	2019
Berserk 2	Action	Action, Adventure, Drama, Fantasy, Horror, Supernatural	36729	2017
Seven Senses of the Re'Union	Action	Action, Drama, Fantasy, Romance, Sci-Fi	36715	2018
Natsume's Book of Friends Season 6	Drama	Drama, Fantasy, Slice of Life, Supernatural	36704	2017
Bleach the Movie: Fade to Black	Action	Action, Adventure, Drama, Supernatural	36688	2008
Time of Eve	Sci-Fi	Sci-Fi, Slice of Life	36636	2008
Initial D Fifth Stage	Action	Action, Drama, Sports	36633	2012
Natsume's Book of Friends Season 5	Drama	Drama, Fantasy, Slice of Life, Supernatural	36555	2016
Penguin Highway	Drama	Drama, Mystery, Sci-Fi, Slice of Life	36548	2018
Yozakura Quartet	Action	Action, Comedy, Supernatural	36547	2008
Detroit Metal City	Comedy	Comedy, Music	36526	2008
Fate/stay night: Unlimited Blade Works 2nd Season - sunny day	Action	Action, Fantasy	36482	2015
Ghost Hunt	Comedy	Comedy, Horror, Mystery, Supernatural	36431	2006
Tsuritama	Comedy	Comedy, Sci-Fi, Slice of Life, Sports	36327	2012
Prince of Stride: Alternative	Sports	Sports	36321	2016
Pokémon the Series: XYZ	Action	Action, Adventure, Comedy, Fantasy	36262	2015
Triage X	Action	Action, Drama, Ecchi	36237	2015
Baccano! Specials	Action	Action, Comedy, Mystery, Supernatural	36194	2008
Gintama - The Movie	Action	Action, Comedy, Sci-Fi	36188	2010
You and Me.	Comedy	Comedy, Drama, Romance, Slice of Life	36150	2011
Ace Attorney	Comedy	Comedy, Drama, Mystery, Supernatural	36116	2016
Urara Meirocho	Comedy	Comedy, Fantasy, Slice of Life	36097	2017
Oreimo 2 (ONA)	Comedy	Comedy, Romance, Slice of Life	36086	2013
Love Live! Sunshine!! Season 2	Music	Music, Slice of Life	36073	2017
Horizon in the Middle of Nowhere	Action	Action, Comedy, Drama, Fantasy, Romance, Sci-Fi	36038	2011
Maria†Holic	Comedy	Comedy	36025	2009
Fate/kaleid liner Prisma☆Illya 2wei! Herz!	Action	Action, Comedy, Ecchi, Fantasy, Mahou Shoujo	36014	2015
Harukana Receive	Ecchi	Ecchi, Slice of Life, Sports	35970	2018
Strike Witches	Action	Action, Ecchi, Sci-Fi	35955	2008
Ghost in the Shell 2: Innocence	Action	Action, Psychological, Sci-Fi	35946	2004
BanG Dream!	Comedy	Comedy, Drama, Music, Slice of Life	35916	2017
Hyperdimension Neptunia	Action	Action, Comedy, Ecchi, Mahou Shoujo, Sci-Fi, Supernatural	35901	2013
Digimon: Digital Monsters 02	Action	Action, Adventure, Comedy, Drama, Fantasy, Sci-Fi	35897	2000
Fullmetal Alchemist: The Sacred Star of Milos	Action	Action, Adventure, Comedy, Drama, Fantasy	35858	2011
She and Her Cat -Everything Flows-	Drama	Drama, Slice of Life	35850	2016
Cop Craft	Action	Action, Fantasy, Sci-Fi	35805	2019
Inari Kon Kon	Comedy	Comedy, Romance, Supernatural	35791	2014
How clumsy you are, Miss Ueno.	Comedy	Comedy, Ecchi, Romance, Slice of Life	35784	2019
HAIKYU!!: Lev Appears!	Comedy	Comedy, Drama, Sports	35780	2014
Tenchi Muyo! War on Geminar	Action	Action, Comedy, Ecchi, Fantasy, Mecha	35716	2009
Laid-Back Camp The Movie	Comedy	Comedy, Slice of Life	35713	2022
My Sister, My Writer	Comedy	Comedy, Ecchi, Romance	35711	2018
Pokémon 4Ever	Action	Action, Adventure, Comedy, Drama, Fantasy	35701	2001
Sagrada Reset	Fantasy	Fantasy, Mystery, Romance, Sci-Fi, Supernatural	35620	2017
Made in Abyss: Journey's Dawn	Adventure	Adventure, Drama, Fantasy, Horror, Mystery, Sci-Fi	35612	2019
My Wife is the Student Council President+!	Comedy	Comedy, Ecchi	35602	2016
Shugo Chara!	Comedy	Comedy, Mahou Shoujo, Romance	35591	2007
Vision of Escaflowne	Adventure	Adventure, Fantasy, Mecha, Romance	35555	1996
The Daily Life of the Immortal King Season 3	Action	Action, Comedy, Fantasy, Slice of Life	35551	
The Twelve Kingdoms	Action	Action, Adventure, Fantasy, Supernatural	35545	2002
Junjo Romantica	Comedy	Comedy, Drama, Romance	35476	2008
Assassination Classroom the Movie: 365 Days‘ Time	Action	Action, Comedy, Supernatural	35461	2016
Skull-face Bookseller Honda-san	Comedy	Comedy, Slice of Life	35411	2018
selector infected WIXOSS	Drama	Drama, Psychological, Thriller	35408	2014
Valvrave the Liberator	Action	Action, Mecha	35404	2013
Is the Order a Rabbit?? Season 2	Slice of Life	Slice of Life	35376	2015
Digimon Tamers	Action	Action, Adventure, Drama, Fantasy, Sci-Fi	35353	2001
Gungrave	Action	Action, Drama, Sci-Fi	35319	2003
11eyes	Action	Action, Ecchi, Supernatural	35258	2009
Angels of Death (ONA)	Adventure	Adventure, Horror, Psychological, Thriller	35256	2018
Rozen Maiden	Action	Action, Comedy, Drama, Supernatural	35237	2004
The Great Passage	Drama	Drama, Romance, Slice of Life	35218	2016
Beyond the Boundary: Daybreak	Drama	Drama, Fantasy, Mystery, Supernatural	35173	2014
Mysteria Friends	Fantasy	Fantasy, Romance, Slice of Life	35172	2019
Dog Days	Action	Action, Adventure, Fantasy	35044	2011
Love, Chunibyo & Other Delusions Lite	Comedy	Comedy	35038	2012
Saint Seiya: Knights of the Zodiac	Action	Action, Adventure, Fantasy, Sci-Fi	35032	1986
TONIKAWA: Over The Moon For You ~Uniform~	Comedy	Comedy, Romance, Slice of Life	35012	2022
Initial D Final Stage	Action	Action, Sports	34902	2014
Amagami SS+ plus	Comedy	Comedy, Romance, Slice of Life	34828	2012
Seraph of the End: Kyuuketsuki Shahal	Action	Action, Drama, Fantasy, Supernatural	34825	2016
We Were There	Drama	Drama, Romance, Slice of Life	34777	2006
Hi Score Girl II	Comedy	Comedy, Drama, Romance	34746	2019
Chio's School Road	Comedy	Comedy, Slice of Life	34671	2018
Karakuri Circus	Adventure	Adventure, Mystery	34638	2018
Wandering Son	Drama	Drama, Romance, Slice of Life	34637	2011
Eromanga Sensei OVA	Comedy	Comedy, Drama, Ecchi, Romance	34621	2019
Burning Kabaddi	Action	Action, Drama, Sports	34578	2021
Akiba's Trip the Animation	Action	Action, Comedy, Ecchi, Fantasy, Supernatural	34560	2017
Higurashi: When They Cry - SOTSU	Horror	Horror, Mystery, Psychological, Supernatural, Thriller	34481	2021
Asteroid in Love	Comedy	Comedy, Slice of Life	34473	2020
Mobile Suit GUNDAM Iron Blooded Orphans 2	Action	Action, Drama, Mecha, Sci-Fi	34463	2016
Valkyrie Drive: Mermaid	Action	Action, Ecchi, Fantasy, Romance, Sci-Fi	34395	2015
Is It Wrong to Try to Pick Up Girls in a Dungeon? II: Is It Wrong to Go Searching for Herbs on a Deserted Island?	Adventure	Adventure, Comedy, Ecchi, Fantasy, Romance	34392	2020
Tales of Zestiria the X Season 2	Action	Action, Adventure, Fantasy	34379	2017
Re: Hamatora	Comedy	Comedy, Mystery	34374	2014
D.Gray-man HALLOW	Action	Action, Adventure, Comedy	34356	2016
Our Last Crusade or the Rise of a New World Season 2	Action	Action, Fantasy, Romance	34337	2024
Kannagi: Crazy Shrine Maidens	Comedy	Comedy, Supernatural	34291	2008
World Conquest Zvezda Plot	Action	Action, Comedy, Fantasy	34251	2014
Heavy Object	Action	Action, Comedy, Mecha, Sci-Fi	34245	2015
Bungo Stray Dogs WAN!	Comedy	Comedy, Slice of Life, Supernatural	34239	2021
Fate/kaleid liner Prisma☆Illya 3rei!!	Action	Action, Comedy, Ecchi, Fantasy, Mahou Shoujo	34215	2016
Puella Magi Madoka Magica the Movie -Walpurgisnacht: Rising-	Mahou Shoujo	Mahou Shoujo	34209	
Tsubasa RESERVoir CHRoNiCLE	Adventure	Adventure, Fantasy, Romance	34189	2005
Aggretsuko: Season 2	Comedy	Comedy, Music, Slice of Life	34139	2019
WWW.WAGNARIA!!	Comedy	Comedy, Romance, Slice of Life	34077	2016
Super Crooks	Action	Action, Drama, Supernatural, Thriller	34020	2021
Steins;Gate 0: Valentine's of Crystal Polymorphism -Bittersweet Intermedio-	Comedy	Comedy, Sci-Fi	33996	2019
Electromagnetic Girlfriend	Horror	Horror, Mystery, Thriller	33993	2009
UzaMaid!	Comedy	Comedy, Slice of Life	33983	2018
Forest of Piano	Drama	Drama, Music	33977	2018
Full-Time Magister	Action	Action, Fantasy	33914	
Dragon Ball Z: Cooler's Revenge	Action	Action, Adventure, Sci-Fi	33887	1991
Recovery of an MMO Junkie OVA	Comedy	Comedy, Fantasy, Romance, Slice of Life	33872	2017
Divine Gate	Action	Action, Fantasy, Sci-Fi	33858	2016
ARIA The ORIGINATION	Fantasy	Fantasy, Sci-Fi, Slice of Life	33810	2008
Hal	Drama	Drama, Romance, Sci-Fi	33750	2013
Trinity Seven: Heavens Library & Crimson Lord	Action	Action, Comedy, Ecchi, Fantasy, Romance	33637	2019
The Honor at Magic High School	Fantasy	Fantasy, Sci-Fi	33578	2021
Baki the Grappler	Action	Action, Sports	33520	2001
Ms. vampire who lives in my neighborhood.	Comedy	Comedy, Slice of Life	33450	2018
Code Geass: Akito the Exiled - The Wyvern Arrives	Action	Action, Mecha, Sci-Fi	33431	2012
Boku no Hero Academia: Training of the Dead	Action	Action, Adventure, Comedy, Supernatural	33423	2017
Mob Psycho 100 REIGEN The Miraculous Unknown Psychic	Action	Action, Comedy, Supernatural	33408	2018
Yashahime: Princess Half-Demon	Action	Action, Adventure, Fantasy	33407	2020
Voices of a Distant Star	Drama	Drama, Mecha, Romance, Sci-Fi	33386	2002
Tomorrow's Joe	Action	Action, Drama, Slice of Life, Sports	33373	1970
Little Busters! Refrain	Drama	Drama, Mystery, Supernatural	33315	2013
RIN ~Daughters of Mnemosyne~	Action	Action, Ecchi, Horror, Sci-Fi, Supernatural	33308	2008
The Testament of Sister New Devil: Tojo Basara's Hard, Sweet Daily Life	Action	Action, Ecchi, Fantasy, Romance	33294	2015
Kamisama Kiss◎ OVA	Comedy	Comedy, Fantasy, Romance, Supernatural	33292	2015
BEASTARS Final Season Part 1	Drama	Drama, Mystery, Psychological, Slice of Life	33287	2024
Cromartie High School	Comedy	Comedy	33271	2003
The Moment You Fall in Love	Drama	Drama, Romance, Slice of Life	33236	2016
Masamune-kun's Revenge OAD	Comedy	Comedy, Romance, Slice of Life	33150	2018
AOKANA: Four Rhythm Across the Blue	Drama	Drama, Sci-Fi, Sports	33149	2016
Minami-ke	Comedy	Comedy, Slice of Life	33148	2007
Mitsuboshi Colors	Comedy	Comedy, Slice of Life	33087	2018
A Certain Magical Index: The Miracle of Endymion	Action	Action, Music, Sci-Fi	32980	2013
Pokémon the Series: Sun & Moon	Action	Action, Adventure, Comedy, Fantasy, Slice of Life	32931	2016
The Seven Deadly Sins: Cursed by Light	Action	Action, Adventure, Comedy, Ecchi, Fantasy	32896	2021
Samurai Flamenco	Action	Action, Comedy	32890	2013
Glasslip	Romance	Romance, Slice of Life, Supernatural	32849	2014
The Royal Tutor	Comedy	Comedy, Slice of Life	32823	2017
FAIRY TAIL OVA	Action	Action, Adventure, Comedy, Fantasy	32820	2011
FLCL Alternative	Action	Action, Comedy, Mecha, Sci-Fi	32810	2018
Strike the Blood III	Action	Action, Ecchi, Fantasy, Supernatural	32791	2018
Elfen Lied: Just How Did the Young Girl Arrive at Those Feelings?	Action	Action, Drama, Ecchi, Horror, Psychological, Romance, Supernatural	32789	2005
Magical Destroyers	Action	Action, Comedy, Ecchi, Mahou Shoujo	32781	2023
The Disappearance of Nagato Yuki-chan	Comedy	Comedy, Romance, Slice of Life	32766	2015
Chrome Shelled Regios	Action	Action, Adventure, Fantasy, Sci-Fi	32764	2009
The Prince of Tennis	Action	Action, Comedy, Sports	32747	2001
Yozakura Quartet: Hana no Uta	Action	Action, Ecchi, Fantasy, Slice of Life, Supernatural	32737	2013
Maria the Virgin Witch	Comedy	Comedy, Fantasy, Romance	32699	2015
The Sacred Blacksmith	Action	Action, Adventure, Fantasy	32655	2009
the Garden of sinners -recalled out summer-	Drama	Drama, Mystery, Supernatural	32647	2013
Persona 3 the Movie: #1 Spring of Birth	Action	Action, Adventure, Drama, Psychological, Sci-Fi, Supernatural	32594	2013
Unlimited Fafnir	Action	Action, Ecchi, Fantasy, Romance	32593	2015
Assault Lily BOUQUET	Action	Action, Fantasy	32541	2020
Fate/Grand Order Divine Realm of the Round Table: Camelot - Wandering; Agateram	Action	Action, Fantasy	32476	2020
Dies irae	Action	Action	32442	2017
Umamusume: Pretty Derby Season 2	Drama	Drama, Slice of Life, Sports	32441	2021
Scarlet Nexus	Action	Action, Adventure, Fantasy, Sci-Fi, Supernatural	32419	2021
Kageki Shojo!!	Drama	Drama, Slice of Life	32408	2021
The Heike Story	Drama	Drama, Supernatural	32390	2021
Utawarerumono	Action	Action, Drama, Fantasy, Sci-Fi	32379	2006
Endo and Kobayashi Live! The Latest on Tsundere Villainess Lieselotte	Comedy	Comedy, Fantasy, Romance	32315	2023
Inferno Cop	Action	Action, Comedy	32308	2012
SAKUGAN	Adventure	Adventure, Mecha, Sci-Fi	32282	2021
Dragon Ball Z: Wrath of the Dragon	Action	Action, Adventure, Sci-Fi	32270	1995
C3	Action	Action, Comedy, Ecchi, Supernatural	32266	2011
Ultimate Otaku Teacher	Comedy	Comedy, Romance	32255	2015
Mary and The Witch's Flower	Adventure	Adventure, Fantasy	32247	2017
Sailor Moon R	Action	Action, Fantasy, Mahou Shoujo, Romance, Supernatural	32208	1993
Tokyo ESP	Action	Action, Fantasy, Supernatural	32191	2014
PSYCHO-PASS Sinners of the System: Case.1 Crime and Punishment	Action	Action, Psychological, Sci-Fi, Thriller	32190	2019
YuruYuri Season 3	Comedy	Comedy, Slice of Life	32159	2015
Ninja Scroll	Action	Action, Adventure, Fantasy, Horror, Romance	32110	1993
Food Wars! Shokugeki no Soma OVA	Comedy	Comedy, Ecchi	32108	2016
Pokémon Journeys: The Series	Action	Action, Adventure, Comedy, Fantasy	32096	2019
Durarara!! Specials	Action	Action, Comedy, Supernatural	32091	2010
Eden of the East the Movie I: The King of Eden	Action	Action, Comedy, Drama, Mystery, Romance, Slice of Life	32075	2009
Outlaw Star	Action	Action, Adventure, Comedy, Sci-Fi	32057	1998
MUSHI-SHI OVA	Adventure	Adventure, Fantasy, Mystery, Psychological, Slice of Life, Supernatural	32034	2014
Kobato	Comedy	Comedy, Drama, Fantasy, Romance	32027	2009
Lunar Legend Tsukihime	Action	Action, Horror, Mystery, Romance, Supernatural	32009	2003
Sound! Euphonium: The Movie - Our Promise: A Brand New Day	Drama	Drama, Music, Slice of Life	31998	2019
Iwakakeru -Sport Climbing Girls-	Comedy	Comedy, Drama, Sports	31986	2020
Samurai Girls	Action	Action, Comedy, Ecchi, Romance	31984	2010
Dragon Ball Z: Broly - Second Coming	Action	Action, Adventure, Sci-Fi	31959	1994
Yuyushiki	Comedy	Comedy, Slice of Life	31910	2013
Kuromukuro	Action	Action, Mecha	31868	2016
A Bridge to the Starry Skies	Ecchi	Ecchi, Romance	31810	2011
Dog & Scissors	Comedy	Comedy, Supernatural	31807	2013
Overflow	Comedy	Comedy, Hentai, Romance	31788	2020
.hack//SIGN	Adventure	Adventure, Fantasy, Mystery, Sci-Fi	31734	2002
NANBAKA - Part Two	Action	Action, Comedy, Drama	31718	2017
Trinity Seven: Nanatsu no Taizai to Nana Madoushi	Action	Action, Comedy, Ecchi, Fantasy, Romance	31678	2015
Himegoto	Comedy	Comedy, Ecchi, Slice of Life	31623	2014
Dawang Raoming	Action	Action, Fantasy	31613	
Poco's Udon World	Fantasy	Fantasy, Slice of Life	31607	2016
Sailor Moon Crystal	Action	Action, Fantasy, Mahou Shoujo, Romance	31589	2014
ROOM CAMP	Comedy	Comedy, Slice of Life	31565	2020
Aura	Comedy	Comedy, Drama, Romance	31533	2013
Ghost Hound	Horror	Horror, Mystery, Psychological, Sci-Fi, Supernatural	31455	2007
Super Danganronpa 2.5 Komaeda Nagito to Sekai no Hakaimono	Action	Action, Mystery, Psychological, Sci-Fi	31384	2017
Last Exile	Action	Action, Adventure, Sci-Fi	31375	2003
Monthly Girls' Nozaki-kun Specials	Comedy	Comedy, Romance	31356	2014
Sekai Ichi Hatsukoi - The World's Greatest First Love	Comedy	Comedy, Romance	31348	2011
Strawberry Marshmallow	Comedy	Comedy, Slice of Life	31320	2005
World Trigger 3rd Season	Action	Action, Sci-Fi	31317	2021
Arakawa Under the Bridge x Bridge	Comedy	Comedy, Romance	31262	2010
HAIKYU!!: VS Failing Marks	Comedy	Comedy, Drama, Sports	31261	2015
High School DxD BorN: Yomigaeranai Fushichou	Action	Action, Comedy, Ecchi, Fantasy	31252	2015
Arpeggio of Blue Steel	Action	Action, Sci-Fi	31227	2013
Silver Spoon Season 2	Comedy	Comedy, Drama, Slice of Life	31161	2014
Encouragement of Climb	Adventure	Adventure, Comedy, Slice of Life	31119	2013
Hinako Note	Comedy	Comedy, Slice of Life	31033	2017
Senran Kagura: Ninja Flash!	Action	Action, Ecchi	31013	2013
Tekkonkinkreet	Action	Action, Psychological, Supernatural	31005	2006
Yurikuma Arashi	Drama	Drama, Fantasy, Mahou Shoujo, Psychological, Romance	30989	2015
Eyeshield 21	Action	Action, Comedy, Sports	30975	2005
The World God Only Knows: Tenri Arc	Comedy	Comedy, Romance, Supernatural	30938	2012
ONE PIECE: The Movie	Action	Action, Adventure, Comedy, Fantasy	30908	2000
Attack on Titan ~Chronicle~	Action	Action, Drama, Fantasy, Mystery	30873	2020
Fate/Prototype	Action	Action, Fantasy, Romance	30763	2011
UN-GO	Drama	Drama, Mystery, Psychological, Sci-Fi, Supernatural	30666	2011
Chrono Crusade	Action	Action, Romance, Supernatural	30659	2003
A.I.C.O. -Incarnation-	Action	Action, Sci-Fi	30626	2018
Lady Oscar: The Rose of Versailles	Adventure	Adventure, Drama, Romance	30611	1979
Daily Lives of High School Boys Specials	Comedy	Comedy, Slice of Life	30582	2012
Metropolis	Adventure	Adventure, Drama, Romance, Sci-Fi	30582	2001
DENKI-GAI	Comedy	Comedy, Slice of Life	30561	2014
La Storia Della Arcana Famiglia	Comedy	Comedy, Romance, Supernatural	30542	2012
Anonymous Noise	Music	Music, Romance	30495	2017
Deaimon: Recipe for Happiness	Slice of Life	Slice of Life	30490	2022
Maken-Ki! Battling Venus 2	Action	Action, Ecchi	30488	2014
DAYS	Comedy	Comedy, Drama, Sports	30481	2016
pet	Drama	Drama, Psychological, Supernatural	30457	2020
Cardcaptor Sakura: Clear Card	Adventure	Adventure, Comedy, Fantasy, Mahou Shoujo, Romance	30451	2018
Love, Chunibyo & Other Delusions: Rikka Version	Comedy	Comedy, Drama, Romance, Slice of Life	30433	2013
Yuuri!!! on ICE The Movie: ICE ADOLESCENCE	Sports	Sports	30427	
Sound! Euphonium 3	Drama	Drama, Music, Slice of Life	30332	2024
Katsugeki TOUKEN RANBU	Action	Action, Drama, Fantasy	30317	2017
HaNaYaMaTa	Comedy	Comedy, Slice of Life	30282	2014
The Irregular at Magic High School: Reminiscence Arc	Action	Action, Romance, Sci-Fi, Supernatural	30250	2022
DRAMAtical Murder	Action	Action, Drama, Mystery, Psychological, Sci-Fi	30243	2014
Love Live! Nijigasaki High School Idol Club	Music	Music, Slice of Life	30240	2020
HUNTER×HUNTER: Greed Island	Action	Action, Adventure, Fantasy	30216	2003
Conception	Action	Action, Adventure, Fantasy, Romance	30181	2018
Alice & Zoroku	Action	Action, Adventure, Fantasy, Mystery, Sci-Fi, Supernatural	30174	2017
A Good Librarian Like a Good Shepherd	Comedy	Comedy, Romance	30154	2014
The Vampire Dies in No Time	Comedy	Comedy, Supernatural	30149	2021
Pokémon Heroes	Action	Action, Adventure, Comedy, Drama, Fantasy	30131	2002
The Ancient Magus' Bride: The Boy from the West and the Knight of the Blue Storm	Drama	Drama, Fantasy, Supernatural	30089	2021
Chaos;Child	Horror	Horror, Mystery, Psychological, Sci-Fi, Supernatural	30085	2017
Date A Bullet: Dead or Bullet & Nightmare or Queen	Sci-Fi	Sci-Fi	30046	2020
Baby Steps	Romance	Romance, Sports	30035	2014
Miss Kobayashi's Dragon Something	Comedy	Comedy, Fantasy, Slice of Life	30030	2017
Dragon Ball Z: The Return of Cooler	Action	Action, Adventure, Sci-Fi	29975	1992
Girlish Number	Comedy	Comedy, Slice of Life	29912	2016
Hajime no Ippo: The Fighting! - Champion Road	Comedy	Comedy, Sports	29905	2003
Golden Kamuy Season 4	Action	Action, Adventure, Comedy	29899	2022
Code Geass: Rozé of the Recapture	Action	Action, Drama, Mecha, Sci-Fi, Thriller	29875	2024
Unlimited Psychic Squad	Action	Action, Sci-Fi	29816	2013
Samurai Harem	Comedy	Comedy, Ecchi, Romance	29811	2009
Midori Days	Comedy	Comedy, Drama, Ecchi, Romance, Slice of Life, Supernatural	29759	2004
Dragon Ball Z: Bojack Unbound	Action	Action, Adventure, Sci-Fi	29756	1993
Basilisk	Action	Action, Adventure, Drama, Romance	29755	2005
Dragon Ball Z: Bio-Broly	Action	Action, Adventure, Sci-Fi	29724	1994
A Town Where You Live	Drama	Drama, Romance, Slice of Life	29719	2013
Brothers Conflict	Romance	Romance	29688	2013
High School Fleet	Action	Action, Comedy, Slice of Life	29640	2016
Kill Me Baby	Comedy	Comedy	29619	2012
Your lie in April: Moments	Music	Music, Slice of Life	29608	2015
One Piece: Baron Omatsuri and the Secret Island	Adventure	Adventure, Comedy, Fantasy	29570	2005
Sailor Moon S	Action	Action, Adventure, Drama, Fantasy, Mahou Shoujo, Romance	29555	1994
Lupin The 3rd: The Castle of Cagliostro	Action	Action, Adventure, Comedy, Mystery	29541	1979
Tenjho Tenge	Action	Action, Drama, Ecchi	29491	2004
Drifting Home	Adventure	Adventure, Drama, Mystery, Supernatural	29487	2022
Hinomaru Sumo	Action	Action, Sports	29466	2018
PSYCHO-PASS Sinners of the System: Case.2 First Guardian	Action	Action, Psychological, Sci-Fi, Thriller	29445	2019
Ao Haru Ride: unwritten	Romance	Romance, Slice of Life	29432	2014
Lupin the 3rd	Adventure	Adventure, Comedy	29428	1971
Ace of the Diamond Second Season	Sports	Sports	29409	2015
Steins;Gate: Soumei Eichi no Cognitive Computing	Comedy	Comedy, Sci-Fi	29391	2014
Fist of the North Star	Action	Action, Drama, Sci-Fi	29376	1984
MUSHI-SHI Special: Bell Droplets	Adventure	Adventure, Fantasy, Mystery, Psychological, Slice of Life, Supernatural	29364	2015
Code Geass: Lelouch of the Rebellion I - Initiation	Action	Action, Drama, Mecha, Sci-Fi, Thriller	29360	2017
Tokyo Mew Mew	Adventure	Adventure, Comedy, Fantasy, Mahou Shoujo, Romance, Sci-Fi	29358	2002
PSYCHO-PASS 3: First Inspector	Action	Action, Psychological, Sci-Fi, Thriller	29354	2020
Pokémon: Black & White	Action	Action, Adventure, Comedy, Fantasy	29336	2010
Isuca	Action	Action, Comedy, Ecchi, Romance, Supernatural	29309	2015
Celestial Method	Drama	Drama, Fantasy, Slice of Life	29285	2014
Dragon Ball Z: The Tree of Might	Action	Action, Adventure, Sci-Fi	29256	1990
Zoku Sayonara, Zetsubou-Sensei	Comedy	Comedy	29239	2008
Show Me Your Panties While You Give Me That Disgusted Look!	Ecchi	Ecchi	29182	2018
Pokémon: Lucario and the Mystery of Mew	Action	Action, Adventure, Drama, Fantasy	29161	2005
given: on the other hand	Drama	Drama, Music, Romance, Slice of Life	29128	2021
Astarotte's Toy	Comedy	Comedy, Ecchi, Fantasy, Romance	29128	2011
Pom Poko	Comedy	Comedy, Drama, Fantasy	29040	1994
BLACKFOX	Action	Action, Sci-Fi	29038	2019
Hozuki's Coolheadedness	Comedy	Comedy, Fantasy, Supernatural	28982	2014
Yu-Gi-Oh! 5D's	Action	Action, Sci-Fi	28968	2008
Clannad: The Motion Picture	Drama	Drama, Fantasy, Romance	28925	2007
Diabolik Lovers Ⅱ : More,blood	Drama	Drama, Horror, Romance, Supernatural	28884	2015
Vampire in the Garden	Action	Action, Adventure, Drama, Fantasy, Music, Sci-Fi	28871	2022
Seitokai Yakuindomo OVA	Comedy	Comedy, Slice of Life	28869	2011
KENGAN ASHURA Part II	Action	Action, Sports	28863	2019
Fate/kaleid liner Prisma☆Illya: Vow in the Snow	Action	Action, Drama, Fantasy, Psychological	28851	2017
Dragon Ball: Episode of Bardock	Action	Action, Adventure, Comedy, Sci-Fi	28838	2011
Battle Vixens: Ikki Tousen	Action	Action, Ecchi	28809	2003
Dragon Crisis	Action	Action, Romance, Supernatural	28784	2011
Girls und Panzer der Film	Action	Action, Sports	28742	2015
Yasuke	Action	Action, Fantasy, Mecha, Sci-Fi	28719	2021
Ayakashi Triangle	Action	Action, Comedy, Ecchi, Romance, Supernatural	28671	2023
Myself; Yourself	Drama	Drama, Romance	28664	2007
Migi&Dali	Drama	Drama, Mystery, Slice of Life	28638	2023
Medaka Box Abnormal	Action	Action, Comedy	28622	2012
White Album	Drama	Drama, Music, Romance	28621	2009
The King's Avatar S2	Action	Action, Drama	28620	
Restaurant to Another World 2	Fantasy	Fantasy, Slice of Life	28618	2021
Romeo x Juliet	Drama	Drama, Fantasy, Romance	28609	2007
Mashiroiro Symphony	Drama	Drama, Romance	28589	2011
JORAN THE PRINCESS OF SNOW AND BLOOD	Action	Action, Supernatural	28569	2021
Strawberry Panic	Drama	Drama, Romance	28561	2006
Miss Kobayashi’s Dragon Maid S: Japanese Hospitality (The Attendant Is a Dragon)	Comedy	Comedy, Fantasy, Slice of Life	28539	2022
Pokémon: The Rise of Darkrai	Action	Action, Adventure, Comedy, Drama, Fantasy	28528	2007
PSYCHO-PASS Sinners of the System: Case.3 Beyond the Pale of Vengeance	Action	Action, Psychological, Sci-Fi, Thriller	28522	2019
Amagi Brilliant Park: No Time to Take It Easy!	Comedy	Comedy, Fantasy	28489	2015
Mobile Suit Gundam Seed	Action	Action, Drama, Mecha, Sci-Fi	28477	2002
RADIANT Season 2	Action	Action, Adventure, Comedy, Fantasy	28470	2019
Devil Survivor 2: The Animation	Action	Action, Supernatural	28447	2013
ef ~ A Tale of Melodies	Drama	Drama, Mystery, Psychological, Romance, Supernatural	28397	2008
The Founder of Diabolism 2	Action	Action, Adventure, Drama, Fantasy, Mystery, Supernatural	28395	
Macross	Action	Action, Drama, Mecha, Music, Romance, Sci-Fi	28394	1982
Haven't You Heard? I'm Sakamoto: Haven’t You Heard? I was Sakamoto	Comedy	Comedy, Slice of Life	28376	2016
Uta no Prince Sama	Comedy	Comedy, Music, Romance	28371	2011
As Miss Beelzebub Likes it.	Comedy	Comedy, Fantasy, Romance, Slice of Life, Supernatural	28347	2018
Star Blazers: Space Battleship Yamato 2199	Action	Action, Drama, Sci-Fi	28344	2012
Mobile Suit Gundam Wing	Action	Action, Adventure, Drama, Mecha, Sci-Fi	28329	1995
Black★Rock Shooter (OVA)	Action	Action, Drama, Slice of Life	28305	2010
Dance Dance Danseur	Drama	Drama, Romance, Slice of Life, Sports	28301	2022
The Girl from the Other Side	Drama	Drama, Fantasy, Mystery	28292	2022
Magic Kaito 1412	Action	Action, Adventure, Comedy, Mystery	28290	2014
Please☆Teacher!	Comedy	Comedy, Drama, Romance, Sci-Fi	28243	2002
The Mystic Archives of Dantalian	Action	Action, Mystery, Supernatural	28227	2011
Freezing Vibration	Action	Action, Comedy, Drama, Ecchi, Romance, Sci-Fi	28223	2013
Xam'd: Lost Memories	Action	Action, Sci-Fi	28202	2008
Noblesse: Awakening	Action	Action, Supernatural	28196	2016
VAMPIRE HUNTER D	Action	Action, Fantasy, Horror, Sci-Fi, Supernatural	28184	1985
Pokémon: Destiny Deoxys	Action	Action, Adventure, Comedy, Fantasy, Sci-Fi, Supernatural	28159	2004
Omoi, Omoware, Furi, Furare	Drama	Drama, Romance	28138	2020
The Slayers	Adventure	Adventure, Comedy, Fantasy	28116	1995
Corpse Party: Missing Footage	Horror	Horror	28069	2012
Lucky☆Star OVA	Comedy	Comedy, Slice of Life	28029	2008
The Morose Mononokean	Supernatural	Supernatural	28018	2016
Take My Brother Away!	Comedy	Comedy, Slice of Life	27993	2017
Darker than Black: Beneath Cherry Blossoms in Full Bloom	Comedy	Comedy, Sci-Fi	27990	2008
Cencoroll	Action	Action, Sci-Fi	27949	2009
Planetarian	Drama	Drama, Fantasy, Sci-Fi	27948	2016
Maid-Sama! It's an extra!	Comedy	Comedy	27917	2011
Haganai: Episode 0	Comedy	Comedy, Romance	27900	2011
Akagi	Psychological	Psychological, Sports, Thriller	27867	2005
Assassination Classroom: Meeting Time	Action	Action, Comedy, Supernatural	27848	2014
Gintama: THE SEMI-FINAL	Action	Action, Comedy	27839	2021
Garo: The Animation	Action	Action, Fantasy, Supernatural	27826	2014
Photo Kano	Ecchi	Ecchi, Romance	27805	2013
Val x Love	Comedy	Comedy, Ecchi, Romance, Supernatural	27786	2019
Dragon Ball Z: Super Android 13!	Action	Action, Adventure, Sci-Fi	27785	1992
Momokuri	Comedy	Comedy, Romance, Slice of Life	27780	2016
Classroom☆Crisis	Comedy	Comedy, Romance, Sci-Fi	27737	2015
Boruto: Naruto the Movie - The Day Naruto Became Hokage	Action	Action, Comedy	27676	2016
Urusei Yatsura	Comedy	Comedy, Drama, Romance, Sci-Fi, Slice of Life	27675	1981
Sacrificial Princess and the King of Beasts	Drama	Drama, Fantasy, Romance	27602	2023
07-Ghost	Action	Action, Fantasy	27579	2009
Love Live! Superstar!!	Music	Music, Slice of Life	27530	2021
SUPER LOVERS	Comedy	Comedy, Drama, Romance, Slice of Life	27519	2016
To LOVE-Ru Darkness OVA	Comedy	Comedy, Ecchi, Romance, Sci-Fi	27503	2012
MF GHOST	Sci-Fi	Sci-Fi, Sports	27484	2023
Trigun: Badlands Rumble	Action	Action, Comedy, Sci-Fi	27470	2010
Fate/Grand Order Divine Realm of the Round Table: Camelot - Paladin; Agateram	Action	Action, Fantasy	27402	2021
Walkure Romanze	Ecchi	Ecchi, Romance, Sports	27352	2013
Summer Pockets	Drama	Drama, Romance, Slice of Life, Supernatural	27318	2025
Attack on Titan Part II: Wings of Freedom	Action	Action, Drama, Fantasy	27298	2015
BLAME!	Action	Action, Drama, Horror, Psychological, Sci-Fi	27294	2017
The Duke of Death and His Maid Season 2	Comedy	Comedy, Drama, Romance, Supernatural	27249	2023
Dragon Ball Z: Lord Slug	Action	Action, Adventure, Sci-Fi	27221	1991
Hunter x Hunter: Yorknew City	Action	Action, Adventure, Fantasy	27190	2002
ENDRO!	Comedy	Comedy, Fantasy, Slice of Life	27189	2019
Girls Beyond the Wasteland	Comedy	Comedy, Romance, Slice of Life	27183	2016
Dragon Ball Z: Dead Zone	Action	Action, Adventure, Sci-Fi	27177	1989
IS: Infinite Stratos Encore: A Sextet Yearning for Love	Comedy	Comedy, Romance, Slice of Life	27142	2011
Onee-chan ga Kita	Comedy	Comedy, Romance	27125	2014
Shironeko Project ZERO CHRONICLE	Action	Action, Adventure, Fantasy, Romance	27112	2020
Time of Eve: The Movie	Sci-Fi	Sci-Fi, Slice of Life	27112	2010
Dragon Pilot: Hisone & Masotan	Action	Action, Comedy, Drama, Fantasy, Romance	27086	2018
Cross Game	Comedy	Comedy, Drama, Romance, Sports	27051	2009
Fullmetal Alchemist: Brotherhood OVA Collection	Adventure	Adventure, Drama, Fantasy	27040	2009
Macross Frontier	Action	Action, Mecha, Music, Romance, Sci-Fi	27021	2008
Mind Game	Adventure	Adventure, Comedy, Psychological, Romance	26977	2004
Monster Musume: Everyday Life With Monster Girls OVA	Comedy	Comedy, Ecchi, Fantasy, Romance	26969	2016
Fate/Grand Order Final Singularity - Grand Temple of Time: Solomon	Action	Action, Fantasy, Supernatural	26951	2021
Saint☆Onii-san	Comedy	Comedy, Slice of Life, Supernatural	26905	2013
Final Fantasy VII: Advent Children	Action	Action, Fantasy, Sci-Fi	26891	2005
Laughing Under the Clouds	Action	Action	26811	2014
The Heroic Legend of Arslan: Dust Storm Dance	Action	Action, Adventure, Fantasy	26786	2016
Eden of the East the Movie II: Paradise Lost	Action	Action, Comedy, Drama, Mystery, Romance	26784	2010
Code Geass: Akito the Exiled - The Wyvern Divided	Action	Action, Mecha, Sci-Fi	26773	2013
The Girl From the Other Side: Siúil, a Rún	Fantasy	Fantasy, Mystery	26766	2019
Tsugumomo2	Action	Action, Comedy, Ecchi, Supernatural	26698	2020
Haikyu!! The Movie: Battle of Concepts	Comedy	Comedy, Drama, Sports	26651	2017
Digimon Frontier	Action	Action, Adventure, Drama, Fantasy, Sci-Fi	26629	2002
Amanchu!	Comedy	Comedy, Slice of Life	26626	2016
Rampo Kitan: Game of Laplace	Drama	Drama, Mystery, Psychological	26597	2015
Wave, Listen to Me!	Comedy	Comedy, Drama, Romance, Slice of Life	26588	2020
Blue Exorcist: Runaway Kuro	Action	Action, Comedy, Fantasy, Supernatural	26586	2011
Aggretsuko: Season 3	Comedy	Comedy, Music, Slice of Life	26533	2020
Haganai: Add-on Disc	Comedy	Comedy, Romance	26495	2012
Slow Loop	Slice of Life	Slice of Life, Sports	26493	2022
Attack on Titan Part I: Crimson Bow and Arrow	Action	Action, Drama, Fantasy	26460	2014
Desert Punk	Action	Action, Adventure, Comedy, Ecchi, Sci-Fi	26458	2004
Nichijou - My Ordinary Life: Episode 0	Comedy	Comedy, Slice of Life	26448	2011
Karakai Jouzu no Takagi-san: Water Slide	Comedy	Comedy, Romance, Slice of Life	26418	2018
Code Geass: Lelouch of the Rebellion III - Glorification	Action	Action, Drama, Mecha, Sci-Fi, Thriller	26403	2018
Kuma Kuma Kuma Bear - Punch!	Adventure	Adventure, Comedy, Fantasy, Slice of Life	26309	2023
Blood Lad: Wagahai wa Neko de wa Nai	Action	Action, Comedy, Supernatural	26282	2013
Food Wars! The Third Plate: Erina at Polar Star Dormitory	Drama	Drama, Ecchi	26238	2018
Slow Start	Comedy	Comedy, Slice of Life	26226	2018
Yowamushi Pedal: Grande Road	Comedy	Comedy, Drama, Sports	26226	2014
Baka and Test - Summon the Beasts: Matsuri	Comedy	Comedy, Romance, Slice of Life	26214	2011
B: The Beginning: Succession	Action	Action, Mystery, Psychological, Supernatural, Thriller	26208	2021
Isekai Quartet The Movie: Another World	Comedy	Comedy, Fantasy	26205	2022
Pompo: The Cinéphile	Comedy	Comedy, Drama	26199	2021
The Testament of Sister New Devil DEPARTURES	Action	Action, Ecchi, Fantasy, Romance	26192	2018
Danchigai	Comedy	Comedy, Slice of Life	26173	2015
Teasing Master Takagi-san: The Movie	Comedy	Comedy, Romance, Slice of Life	26110	2022
Dragon Ball Z: Bardock – The Father of Goku	Action	Action, Adventure, Sci-Fi	26110	1990
RahXephon	Drama	Drama, Mecha, Music, Mystery, Psychological, Romance, Sci-Fi	26108	2002
MUSHI-SHI The Next Passage Special - Path of Thorns	Adventure	Adventure, Fantasy, Mystery, Psychological, Slice of Life, Supernatural	26091	2014
Hidamari Sketch	Comedy	Comedy, Slice of Life	26060	2007
THE FIRST SLAM DUNK	Sports	Sports	26050	2022
Theatre of Darkness: Yamishibai	Horror	Horror, Supernatural	26029	2013
Magi: Adventure of Sinbad (OVA)	Action	Action, Adventure, Comedy, Fantasy	25972	2014
Hajime no Ippo: The Fighting! - Mashiba vs Kimura	Comedy	Comedy, Sports	25923	2003
Is this a Zombie? OVA	Action	Action, Comedy, Ecchi, Supernatural	25893	2011
Is It Wrong to Try to Pick Up Girls in a Dungeon? III: Is It Wrong to Try to Find a Hot Spring in Orario? -Bath God Forever-	Action	Action, Adventure, Comedy, Ecchi, Fantasy, Romance	25866	2021
Beyblade: Metal Fusion	Adventure	Adventure, Comedy, Sports	25852	2009
Scissor Seven Season 2	Action	Action, Comedy, Drama, Mystery, Supernatural	25847	
Magical Girl Lyrical Nanoha	Action	Action, Comedy, Drama, Fantasy, Mahou Shoujo	25823	2004
Coppelion	Action	Action, Sci-Fi	25807	2013
The Demon Girl Next Door Season 2	Comedy	Comedy, Fantasy, Mahou Shoujo, Slice of Life	25800	2022
Dragon Ball Z: The History of Trunks	Action	Action, Adventure, Drama	25778	1993
Dream Eater Merry	Action	Action, Supernatural	25747	2011
Mayoi Neko Overrun!	Comedy	Comedy, Romance	25687	2010
Zatch Bell!	Adventure	Adventure, Comedy, Supernatural	25650	2003
The Rolling Girls	Action	Action, Adventure, Sci-Fi	25645	2015
Non Non Biyori Vacation	Comedy	Comedy, Slice of Life	25636	2018
Strike the Blood IV	Action	Action, Ecchi, Fantasy, Supernatural	25633	2020
Salaryman's Club	Drama	Drama, Sports	25623	2022
RELEASE THE SPYCE	Action	Action, Adventure	25620	2018
The World Ends with You The Animation	Action	Action, Supernatural	25612	2021
Trinity Blood	Action	Action, Drama, Horror, Sci-Fi, Supernatural	25589	2005
Sweet Blue Flowers	Drama	Drama, Romance, Slice of Life	25584	2009
Fate/Grand Order Absolute Demonic Front: Babylonia - Initium Iter	Action	Action, Fantasy, Supernatural	25577	2019
Dr. Ramune -Mysterious Disease Specialist-	Drama	Drama, Psychological, Supernatural	25558	2021
High Speed! -Free! Starting Days-	Comedy	Comedy, Drama, Slice of Life, Sports	25549	2015
Bakugan Battle Brawlers	Action	Action, Fantasy	25548	2007
Welcome to Irabu's Office	Comedy	Comedy, Drama, Psychological	25497	2009
PUPARIA	Fantasy	Fantasy, Psychological	25470	2020
Senyuu	Action	Action, Adventure, Comedy, Fantasy	25455	2013
Shigurui: Death Frenzy	Action	Action, Drama, Psychological	25438	2007
BIRDIE WING -Golf Girls' Story-	Drama	Drama, Slice of Life, Sports	25437	2022
Heaven's Lost Property the Movie: The Angeloid of Clockwork	Comedy	Comedy, Drama, Ecchi, Romance, Sci-Fi	25357	2011
Yuri on Ice Side Story: Welcome to The Madness	Music	Music, Sports	25345	2017
Miss Kobayashi's Dragon Maid S: Miniature Dragon	Comedy	Comedy, Slice of Life	25299	2021
Negima!	Comedy	Comedy, Ecchi, Fantasy, Romance	25290	2005
Hikaru no Go	Comedy	Comedy, Sports, Supernatural	25273	2001
Concrete Revolutio	Action	Action, Drama, Fantasy, Mystery, Sci-Fi, Supernatural	25233	2015
Cat Soup	Comedy	Comedy, Horror, Psychological	25211	2001
Sankarea (OVA)	Comedy	Comedy, Ecchi, Horror, Romance, Supernatural	25206	2012
The World God Only Knows: 4 Girls and an Idol	Comedy	Comedy, Romance, Supernatural	25199	2011
Magical Girl Spec-Ops Asuka	Action	Action, Drama, Ecchi, Horror, Mahou Shoujo	25159	2019
Quanzhi Gaoshou Specials	Action	Action, Comedy	25140	
HUNTER×HUNTER: Greed Island Final	Action	Action, Adventure, Fantasy	25091	2004
Noir	Action	Action, Drama, Mystery	25060	2001
Expelled From Paradise	Action	Action, Mecha, Sci-Fi	25022	2014
Orenchi no Furo Jijo	Comedy	Comedy, Fantasy, Slice of Life	25020	2014
Chain Chronicle - The Light of Haecceitas -	Action	Action, Adventure, Fantasy	24921	2017
Date A Bullet: Dead or Bullet & Nightmare or Queen	Sci-Fi	Sci-Fi	24899	2020
Hell Girl: Two Mirrors	Horror	Horror, Psychological, Supernatural	24898	2006
Dance with Devils	Romance	Romance, Supernatural	24896	2015
Karin: Chibi Vampire	Comedy	Comedy, Romance, Supernatural	24870	2005
Kemono Friends	Adventure	Adventure, Comedy, Fantasy	24856	2017
Hand Shakers	Action	Action	24842	2017
The Big O	Action	Action, Mecha, Mystery, Psychological, Sci-Fi	24832	1999
Nura: Rise of the Yokai Clan - Demon Capital	Action	Action, Supernatural	24826	2011
Convenience Store Boy Friends	Romance	Romance, Slice of Life	24821	2017
Haikyu!! The Movie: Talent and Sense	Comedy	Comedy, Drama, Sports	24819	2017
Legend of the Galactic Heroes: Die Neue These	Action	Action, Drama, Sci-Fi	24754	2018
Pokémon: Jirachi Wish Maker	Action	Action, Adventure, Comedy, Drama, Fantasy	24745	2003
Show By Rock!!	Comedy	Comedy, Fantasy, Music	24736	2015
Heaven’s Design Team	Comedy	Comedy, Fantasy, Slice of Life	24647	2021
Arms Alchemy	Action	Action, Comedy, Fantasy, Supernatural	24638	2006
House of Five Leaves	Drama	Drama, Mystery	24625	2010
Schwarzes Marken	Action	Action, Mecha, Psychological, Sci-Fi	24599	2016
Pokémon: Giratina and the Sky Warrior	Action	Action, Adventure, Fantasy	24585	2008
AIURA	Comedy	Comedy, Slice of Life	24539	2013
Dead Leaves	Action	Action, Adventure, Comedy, Psychological, Sci-Fi	24534	2004
Boku no Pico	Hentai	Hentai, Romance	24500	2006
Gantz: Second Stage	Action	Action, Drama, Ecchi, Horror, Psychological, Sci-Fi, Supernatural	24468	2004
Beyblade	Action	Action, Adventure, Comedy, Sci-Fi, Sports	24406	2001
Sengoku Basara: Samurai Kings	Action	Action, Drama, Fantasy	24396	2009
Sword Art Online Movie: Ordinal Scale - Sword Art Offline	Comedy	Comedy, Fantasy	24368	2017
Mobile Suit Zeta Gundam	Drama	Drama, Mecha, Sci-Fi	24355	1985
Gunsmith Cats	Action	Action, Comedy	24297	1995
Rewrite: Moon and Terra	Action	Action, Drama, Mystery, Romance, Supernatural	24289	2017
Blade of the Immortal (ONA)	Action	Action, Adventure, Supernatural	24267	2019
Digimon Adventure tri. Chapter 1: Reunion	Action	Action, Adventure, Drama, Fantasy, Sci-Fi	24259	2015
Kamigami no Asobi	Fantasy	Fantasy, Romance, Supernatural	24258	2014
Pokémon: Arceus and the Jewel of Life	Action	Action, Adventure, Comedy, Fantasy	24255	2009
NEW GAME!: Watashi, Shainryokoutte Hajimete na no de...	Comedy	Comedy	24249	2017
Toriko	Action	Action, Adventure, Comedy, Fantasy	24245	2011
Free! -Take Your Marks-	Comedy	Comedy, Slice of Life, Sports	24199	2017
Trickster	Adventure	Adventure, Drama, Mystery, Psychological, Sci-Fi	24174	2016
Lord El-Melloi II's Case Files {Rail Zeppelin} Grace note - A Grave Keeper, a Cat, and a Mage	Drama	Drama, Fantasy, Mystery, Supernatural	24169	2018
Mobile Suit Gundam 00 Second Season	Action	Action, Drama, Mecha, Sci-Fi	24138	2008
Case File nº221: Kabukicho	Comedy	Comedy, Drama, Mystery, Psychological	24127	2019
Accel World EX	Action	Action, Romance, Sci-Fi	24071	2012
Zan Sayonara Zetsubou Sensei	Comedy	Comedy	24065	2009
Dragon Ball Z: The World's Strongest	Action	Action, Adventure, Sci-Fi	24062	1990
Kuroko's Basketball: Tip Off	Comedy	Comedy, Sports	24038	2013
Record of Lodoss War	Action	Action, Adventure, Fantasy, Supernatural	24007	1990
Diary of Our Days at the Breakwater	Comedy	Comedy, Slice of Life, Sports	24004	2020
EX-ARM	Action	Action, Sci-Fi	24000	2021
BLOOD-C: The Last Dark	Action	Action, Horror, Supernatural	23999	2012
City Hunter	Action	Action, Comedy, Mystery	23907	1987
The Wallflower	Comedy	Comedy	23902	2006
HYPNOSISMIC -Division Rap Battle- Rhyme Anima	Action	Action, Music, Sci-Fi	23878	2020
One Piece: Clockwork Island Adventure	Action	Action, Adventure, Comedy, Fantasy	23862	2001
Yamada and the Seven Witches (OVA)	Comedy	Comedy, Romance, Supernatural	23860	2015
Girls Bravo	Comedy	Comedy, Ecchi, Romance	23839	2004
Deadman Wonderland: The Red Knife Wielder	Action	Action, Horror, Sci-Fi	23834	2011
IDOLiSH7	Comedy	Comedy, Drama, Music, Slice of Life	23817	2018
Ace of the Diamond act II	Sports	Sports	23806	2019
Saki	Slice of Life	Slice of Life, Sports	23787	2009
The Silver Guardian	Action	Action, Comedy, Fantasy, Supernatural	23768	2017
Code Geass: Akito the Exiled - The Brightness Falls	Action	Action, Mecha, Sci-Fi	23761	2015
Gunbuster 2: Diebuster	Action	Action, Comedy, Mecha, Sci-Fi	23753	2004
Nabari no Ou	Action	Action, Drama, Psychological, Supernatural	23742	2008
KADO: The Right Answer	Sci-Fi	Sci-Fi, Supernatural, Thriller	23738	2017
Zetman	Action	Action, Drama, Horror, Romance, Sci-Fi, Supernatural	23734	2012
Kingdom Season 2	Action	Action	23720	2013
Management of a Novice Alchemist	Fantasy	Fantasy, Slice of Life	23676	2022
Grisaia: Phantom Trigger THE ANIMATION	Action	Action	23654	2019
Persona 3 the Movie: #2 Midsummer Knight's Dream	Action	Action, Adventure, Drama, Psychological, Sci-Fi, Supernatural	23645	2014
To Love Ru Darkness 2 Specials	Comedy	Comedy, Ecchi, Romance, Sci-Fi	23639	2015
Aishen Qiaokeli-ING...	Comedy	Comedy, Ecchi, Romance	23636	
<DOGEZA>I Tried Asking While Kowtowing.	Comedy	Comedy, Ecchi	23626	2020
Malevolent Spirits: Mononogatari	Action	Action, Supernatural	23624	2023
Ushio and Tora 2 (TV)	Action	Action, Adventure, Comedy, Supernatural	23597	2016
Code Geass: Lelouch of the Rebellion II - Transgression	Action	Action, Drama, Mecha, Sci-Fi, Thriller	23570	2018
Star Driver	Action	Action, Mecha	23561	2010
THE IDOLM@STER CINDERELLA GIRLS	Comedy	Comedy, Music, Slice of Life	23551	2015
All Out!!	Sports	Sports	23541	2016
Idoly Pride	Drama	Drama, Music, Slice of Life, Supernatural	23527	2021
JoJo's Bizarre Adventure (2000)	Action	Action, Adventure, Drama, Horror, Supernatural	23514	2000
Birdy the Mighty: Decode	Action	Action, Comedy, Sci-Fi	23482	2008
Bartender	Drama	Drama, Slice of Life	23472	2006
Luck & Logic	Action	Action, Fantasy	23436	2016
Utawarerumono The False Faces	Action	Action, Drama, Fantasy, Sci-Fi	23421	2015
Super Dragon Ball Heroes	Action	Action, Adventure	23386	2018
Corpse Princess: Aka	Action	Action, Drama, Horror, Supernatural	23382	2008
FAIRY TAIL × RAVE	Action	Action, Adventure, Comedy, Fantasy	23354	2013
The Qwaser of Stigmata II	Action	Action, Ecchi, Supernatural	23353	2011
Full Metal Panic! Invisible Victory	Action	Action, Mecha, Sci-Fi	23347	2018
High School DxD BorN: Maximum Titillation OVA	Comedy	Comedy, Ecchi	23333	2015
Oh! My Goddess (TV)	Comedy	Comedy, Romance, Supernatural	23285	2005
Sound! Euphonium: Ready, Set, Monaka	Drama	Drama, Music, Slice of Life	23186	2015
Mitsudomoe	Comedy	Comedy, Slice of Life	23178	2010
Haikyu!! the Movie: The End and the Beginning	Comedy	Comedy, Drama, Sports	23172	2015
Sailor Moon SuperS	Action	Action, Adventure, Drama, Fantasy, Mahou Shoujo, Romance	23172	1995
Rumbling Hearts	Drama	Drama, Romance, Slice of Life	23167	2003
Interviews with Monster Girls: The Demi-chans' Summer Break	Comedy	Comedy, Slice of Life, Supernatural	23159	2017
Needless	Action	Action, Comedy, Ecchi, Sci-Fi	23150	2009
Magical Girl Ore	Action	Action, Comedy, Fantasy, Mahou Shoujo	23134	2018
The Tatami Time Machine Blues	Comedy	Comedy, Mystery, Psychological, Romance, Sci-Fi	23130	2022
Ulysses: Jeanne d'Arc and the Alchemist Knight	Action	Action, Adventure, Fantasy, Romance	23121	2018
Scissor Seven Season 3	Action	Action, Comedy	23105	
Maison Ikkoku	Comedy	Comedy, Drama, Romance, Slice of Life	23097	1986
Tokyo 24th Ward	Mystery	Mystery, Sci-Fi	23080	2022
Honobono Log	Romance	Romance, Slice of Life	23047	2016
Over the Sky	Fantasy	Fantasy	23019	2020
A Dark Rabbit has Seven Lives	Comedy	Comedy, Ecchi, Romance, Supernatural	23017	2011
Persona4 the Golden ANIMATION	Action	Action, Adventure, Mystery, Sci-Fi, Supernatural	23010	2014
School Rumble 2nd Term	Comedy	Comedy, Romance, Slice of Life	22994	2006
Cardcaptor Sakura the Movie 2: The Sealed Card	Drama	Drama, Fantasy, Mahou Shoujo, Romance	22985	2000
Digimon Adventure (Movie)	Fantasy	Fantasy, Sci-Fi	22984	1999
Why the hell are you here, Teacher!?: Thirteenth Period	Comedy	Comedy, Ecchi, Romance	22949	2019
UNDER NINJA	Action	Action, Comedy	22923	2023
Chaos Dragon	Action	Action, Fantasy, Supernatural	22917	2015
The Seven Deadly Sins: Revival of the Commandments OVA	Action	Action, Adventure, Fantasy	22894	2018
Katana Maidens ~ Toji No Miko	Action	Action, Fantasy	22869	2018
Free! the Final Stroke: The First Volume	Drama	Drama, Slice of Life, Sports	22868	2021
Love, Chunibyo & Other Delusions - Heart Throb - Lite	Comedy	Comedy	22842	2014
Hakuoki ~Demon of the Fleeting Blossom~	Action	Action, Drama, Supernatural	22840	2010
A Centaur's Life	Comedy	Comedy, Fantasy, Slice of Life	22814	2017
Nekopara OVA	Comedy	Comedy, Romance, Slice of Life	22797	2017
Wagnaria!!3: Lord of the Takanashi	Comedy	Comedy, Romance, Slice of Life	22773	2015
Listeners	Action	Action, Adventure, Mecha, Music, Sci-Fi	22757	2020
Kamisama Hajimemashita OVA	Comedy	Comedy, Fantasy, Romance, Supernatural	22744	2013
Rec	Comedy	Comedy, Drama, Romance	22724	2006
Squid Girl 2	Comedy	Comedy, Slice of Life	22719	2011
Gourmet Girl Graffiti	Slice of Life	Slice of Life	22710	2015
One Piece The Movie: The Dead End Adventure	Action	Action, Adventure, Comedy, Fantasy	22710	2003
Love, Chunibyo & Other Delusions: Depth of Field - Ai to Nikushimi Gekijou	Comedy	Comedy, Mecha	22645	2013
Arifureta: From Commonplace to World's Strongest Specials	Action	Action, Adventure, Fantasy	22634	2019
ARIA The NATURAL	Fantasy	Fantasy, Sci-Fi, Slice of Life	22620	2006
THE LAST SUMMONER	Action	Action, Fantasy	22617	
Bikini Warriors	Action	Action, Comedy, Ecchi, Fantasy	22614	2015
Macross Delta	Action	Action, Mecha, Music, Romance, Sci-Fi	22610	2016
My First Girlfriend is a Gal OVA	Comedy	Comedy, Ecchi, Romance	22560	2017
Hanasaku Iroha the Movie ~ HOME SWEET HOME ~	Comedy	Comedy, Drama, Slice of Life	22559	2013
Junjo Romantica 2	Comedy	Comedy, Drama, Romance	22556	2008
ViVid Strike!	Action	Action, Drama, Mahou Shoujo, Sports	22532	2016
Nadia: The Secret of Blue Water	Adventure	Adventure, Comedy, Romance, Sci-Fi	22530	1990
My Friend's Little Sister Has It In for Me!	Comedy	Comedy, Romance, Slice of Life	22463	2025
Mobile Suit Gundam UC	Action	Action, Drama, Mecha, Sci-Fi	22413	2010
Psychic School Wars	Romance	Romance, Sci-Fi	22384	2012
Girly Air Force	Action	Action, Drama, Sci-Fi	22380	2019
Attack on Titan: The Roar of Awakening	Action	Action, Drama, Fantasy, Mystery	22378	2018
Overlord: The Undead King	Action	Action, Adventure, Fantasy	22369	2017
Erin	Drama	Drama, Fantasy	22360	2009
The Testament of Sister New Devil BURST: Tojo Basara’s Perfectly Peaceful Daily Life	Action	Action, Ecchi, Fantasy, Romance	22345	2016
Noein: To Your Other Self	Adventure	Adventure, Drama, Psychological, Sci-Fi, Slice of Life	22328	2005
Kodomo no Jikan	Comedy	Comedy, Drama, Ecchi	22314	2007
The Hill Dyed Rose Madder	Comedy	Comedy, Romance	22293	2008
Hakumei and Mikochi	Fantasy	Fantasy, Slice of Life	22280	2018
NiNoKuni	Action	Action, Adventure, Fantasy, Romance	22272	2019
Haikyuu!! the Movie: The Winner and the Loser	Comedy	Comedy, Drama, Sports	22266	2015
HELLSING: THE DAWN	Action	Action, Horror, Supernatural	22230	2011
Heroines Run the Show	Drama	Drama, Music, Slice of Life	22195	2022
Inazuma Eleven GO	Sports	Sports, Supernatural	22175	2011
We Never Learn OVAs	Comedy	Comedy, Ecchi, Romance, Slice of Life	22134	2019
Teekyuu	Comedy	Comedy, Slice of Life, Sports	22133	2012
Symphogear G	Action	Action, Drama, Mahou Shoujo, Music, Sci-Fi	22116	2013
Knights of Sidonia: Battle for Planet Nine	Action	Action, Fantasy, Mecha, Sci-Fi	22114	2015
Haruka Nogizaka's Secret	Comedy	Comedy, Ecchi, Romance	22094	2008
Mobile Suit Gundam: The Origin	Action	Action, Mecha, Sci-Fi	22086	2015
The Gymnastics Samurai	Drama	Drama, Sports	22082	2020
Speed Grapher	Action	Action, Drama, Ecchi, Mystery, Psychological, Supernatural	22051	2005
Code Geass: Akito the Exiled - Memories of Hatred	Action	Action, Mecha, Sci-Fi	22040	2015
The Founder of Diabolism: Final Season	Action	Action, Adventure, Drama, Fantasy, Mystery, Supernatural	22017	
Sailor Moon Sailor Stars	Action	Action, Adventure, Comedy, Drama, Fantasy, Mahou Shoujo, Romance	21983	1996
Red Data Girl	Drama	Drama, Romance, Supernatural	21975	2013
Comet Lucifer	Action	Action, Adventure, Fantasy, Mecha	21965	2015
No Guns Life Season 2	Action	Action, Drama, Sci-Fi	21946	2020
DearS	Comedy	Comedy, Ecchi, Romance, Sci-Fi	21931	2004
Hello!! KINMOZA!	Comedy	Comedy, Slice of Life	21915	2015
Haruchika - Haruta & Chika	Music	Music, Mystery, Romance, Slice of Life	21862	2016
Guilty Crown: Lost Christmas	Action	Action, Drama, Sci-Fi	21857	2012
La Maison en Petits Cubes	Drama	Drama	21847	2008
Hi Score Girl: Extra Stage	Comedy	Comedy, Drama, Romance, Slice of Life	21815	2019
Problem Children Are Coming From Another World, Aren't They? OVA	Comedy	Comedy, Ecchi, Fantasy, Supernatural	21787	2013
Aria the Scarlet Ammo AA	Action	Action, Adventure, Comedy	21785	2015
She and Her Cat: Their Standing Points	Romance	Romance, Slice of Life	21781	
To LOVE-Ru Darkness 2nd OVA	Comedy	Comedy, Ecchi, Romance, Sci-Fi	21772	2016
Dragon Quest: The Adventure of Dai	Action	Action, Adventure, Fantasy	21768	2020
Black Butler: His Butler, Performer	Comedy	Comedy, Fantasy, Supernatural	21687	2009
Anime-Gataris	Comedy	Comedy	21677	2017
Pokémon Ranger and the Temple of the Sea	Action	Action, Adventure, Fantasy	21660	2006
Cross Road	Slice of Life	Slice of Life	21655	2014
Yuru Camp△ OVA	Comedy	Comedy, Slice of Life	21617	2018
One Piece 3D2Y: Overcome Ace’s Death! Luffy’s Vow to his Friends	Action	Action, Comedy, Fantasy	21615	2014
Magia Record: Puella Magi Madoka Magica Side Story Season 2 -The Eve of Awakening-	Drama	Drama, Mahou Shoujo, Mystery, Psychological, Thriller	21593	2021
The Severing Crime Edge	Action	Action, Fantasy, Romance	21578	2013
Aki-Sora	Ecchi	Ecchi, Romance	21577	2009
First Love Monster	Comedy	Comedy, Romance	21574	2016
Alice in Borderland	Action	Action, Horror, Psychological, Supernatural	21566	2014
GANTZ:O	Action	Action, Drama, Ecchi, Horror, Psychological, Sci-Fi, Supernatural	21484	2016
Hanamaru Kindergarten	Comedy	Comedy, Romance, Slice of Life	21483	2010
xxxHOLiC◆Kei	Comedy	Comedy, Drama, Horror, Mystery, Psychological, Supernatural	21480	2008
JoJo no Kimyou na Bouken: Phantom Blood	Action	Action, Adventure, Horror	21477	2007
YuruYuri Nachuyachumi!	Comedy	Comedy, Slice of Life	21470	2015
Kingdom Season 3	Action	Action	21444	2020
Re:ZERO ~Starting Break Time From Zero~	Adventure	Adventure, Comedy, Fantasy	21430	2016
Godzilla Singular Point	Action	Action, Mecha, Mystery, Sci-Fi	21393	2021
Tonari no Kaibutsu-kun: Tonari no Gokudou-kun	Comedy	Comedy, Romance, Slice of Life	21375	2013
Persona 3 the Movie: #3 Falling Down	Action	Action, Adventure, Drama, Psychological, Sci-Fi, Supernatural	21361	2015
Gabriel Dropout Specials	Comedy	Comedy, Supernatural	21347	2017
Excel Saga	Comedy	Comedy, Sci-Fi	21334	1999
The Empire of Corpses	Action	Action, Adventure, Psychological, Sci-Fi	21320	2015
In the Heart of Kunoichi Tsubaki	Comedy	Comedy, Supernatural	21272	2022
Major S1	Comedy	Comedy, Drama, Sports	21270	2004
Nobunaga teacher's young bride	Comedy	Comedy, Ecchi, Romance, Supernatural	21268	2019
Big Windup!	Comedy	Comedy, Sports	21267	2007
Mobile Suit Gundam: The 08th MS Team	Adventure	Adventure, Drama, Mecha, Romance, Sci-Fi	21262	1996
Blood: The Last Vampire	Horror	Horror, Supernatural	21252	2000
D.N.Angel	Action	Action, Comedy, Fantasy, Romance	21235	2003
Sonic X	Action	Action, Adventure, Comedy, Fantasy, Mecha, Sci-Fi	21232	2003
A-Channel	Comedy	Comedy, Slice of Life	21213	2011
Valkyria Chronicles	Action	Action, Romance	21204	2009
KING's RAID: Successors of the Will	Action	Action, Adventure, Fantasy	21201	2020
Black God	Action	Action	21200	2009
Is This a Zombie? Of the Dead: Yes, This Suits Me Just Fine	Action	Action, Comedy, Ecchi, Supernatural	21176	2012
Brave 10	Action	Action, Adventure	21158	2012
Ao no Exorcist: Kyoto Fujouou-hen OVA	Action	Action, Fantasy, Supernatural	21126	2017
In Search of the Lost Future	Drama	Drama, Romance, Sci-Fi, Supernatural	21102	2014
Witch on the Holy Night	Action	Action, Drama, Fantasy	21097	
Dorohedoro: Ma no Omake	Comedy	Comedy, Fantasy, Horror	21089	2020
Sankarea: I, Too, Am... A Zombie...	Comedy	Comedy, Ecchi, Horror, Romance, Supernatural	21072	2012
Yarichin☆Bitch-bu	Comedy	Comedy, Hentai, Romance	21042	2018
Joshi Kausei	Comedy	Comedy, Slice of Life	21037	2019
Spiritpact	Action	Action, Supernatural	21013	
Saga of Tanya the Evil: Operation Desert Pasta	Action	Action, Fantasy	20994	2021
Sasami-san@Ganbaranai	Comedy	Comedy, Drama, Psychological, Romance, Supernatural	20975	2013
The Fruit of Grisaia: Grisaia no Tokuten	Ecchi	Ecchi, Romance	20952	2015
Hortensia SAGA	Action	Action, Adventure, Drama, Fantasy	20923	2021
AFTERLOST	Action	Action, Adventure, Drama, Fantasy, Mystery, Sci-Fi, Thriller	20895	2019
Psychic Detective Yakumo	Horror	Horror, Mystery, Romance, Supernatural	20885	2010
Chika Gentou Gekiga: Shoujo Tsubaki	Drama	Drama, Horror, Psychological	20872	1992
Anne-Happy	Comedy	Comedy, Slice of Life	20839	2016
Persona 3 the Movie: #4 Winter of Rebirth	Action	Action, Adventure, Drama, Psychological, Sci-Fi, Supernatural	20837	2016
One Piece: Heart of Gold	Action	Action, Adventure, Comedy, Drama, Fantasy	20818	2016
Pokémon: Zoroark—Master of Illusions	Action	Action, Adventure, Fantasy	20815	2010
Himouto! Umaru-chanS	Comedy	Comedy, Slice of Life	20803	2015
Magical Shopping Arcade Abenobashi	Comedy	Comedy, Ecchi, Fantasy	20801	2002
GRANBELM	Action	Action, Adventure, Drama, Fantasy, Mahou Shoujo, Mecha	20788	2019
Witch Hunter ROBIN	Action	Action, Drama, Mystery, Supernatural	20772	2002
Is the Order a Rabbit? BLOOM	Comedy	Comedy, Slice of Life	20736	2020
Sorcerous Stabber Orphen	Action	Action, Adventure, Fantasy	20732	2020
Ixion Saga DT	Action	Action, Comedy, Fantasy	20720	2012
Letter Bee	Adventure	Adventure, Fantasy, Supernatural	20688	2009
And Yet The Town Moves	Comedy	Comedy, Slice of Life	20665	2010
Blade & Soul	Action	Action, Adventure, Fantasy	20662	2014
Toradora!: SOS! Hurray for Foodies	Comedy	Comedy	20653	2009
NARUTO: Honoo no Chuunin Shiken! Naruto vs Konohamaru!!	Action	Action, Adventure	20642	2011
Mikagura School Suite	Action	Action, Comedy, Fantasy	20629	2015
Black Butler II OVA	Fantasy	Fantasy, Supernatural	20594	2010
Fragtime	Drama	Drama, Romance, Slice of Life, Supernatural	20592	2019
Queen's Blade: The Exiled Virgin	Action	Action, Adventure, Ecchi, Fantasy	20586	2009
Code Geass: Akito the Exiled - To Beloved Ones	Action	Action, Mecha, Sci-Fi	20560	2016
Sekai Ichi Hatsukoi - The World's Greatest First Love Season 2	Comedy	Comedy, Romance	20531	2011
Lu Over the Wall	Adventure	Adventure, Fantasy, Music, Supernatural	20510	2017
Nyanko Days	Comedy	Comedy, Slice of Life	20484	2017
Polar Bear's Café	Comedy	Comedy, Slice of Life	20465	2012
SK8 the Infinity EXTRA PART	Action	Action, Comedy, Drama, Slice of Life, Sports	20464	2025
number24	Sports	Sports	20432	2020
Tawawa on Monday 2	Ecchi	Ecchi, Slice of Life	20419	2021
Shigofumi	Drama	Drama, Fantasy, Psychological, Supernatural, Thriller	20411	2008
SANRIO BOYS	Drama	Drama, Slice of Life	20393	2018
Don’t Hurt Me, My Healer!	Adventure	Adventure, Comedy, Fantasy, Slice of Life	20391	2022
Cerberus	Action	Action, Fantasy	20381	2016
BEM	Action	Action, Horror, Supernatural	20365	2019
LINK CLICK Episode 5.5	Mystery	Mystery, Supernatural	20364	
One Piece: Chopper’s Kingdom on the Island of Strange Animals	Action	Action, Adventure, Comedy, Fantasy	20325	2002
Digimon Adventure:	Action	Action, Adventure, Fantasy, Sci-Fi	20281	2020
Lupin the Third: The Woman Called Fujiko Mine	Action	Action, Adventure, Comedy, Drama, Ecchi, Psychological, Thriller	20275	2012
Koe de Oshigoto	Comedy	Comedy, Ecchi	20235	2010
Blue Giant	Drama	Drama, Music	20229	2023
Heaven Official's Blessing Season 2	Adventure	Adventure, Drama, Fantasy, Romance	20226	
The Case Files of Jeweler Richard	Drama	Drama, Mystery, Slice of Life	20225	2020
Requiem of the Rose King	Action	Action, Drama, Supernatural	20215	2022
Overlord: The Dark Hero	Action	Action, Adventure, Fantasy	20206	2017
Non Non Biyori: Okinawa e Ikukoto ni Natta	Slice of Life	Slice of Life	20202	2014
Caligula	Action	Action, Mystery, Sci-Fi	20200	2018
Fate/Grand Order -MOONLIGHT/LOSTROOM-	Action	Action, Fantasy	20170	2017
Mr Love: Queen's Choice	Drama	Drama, Romance, Sci-Fi	20162	2020
Samurai 7	Action	Action, Mecha, Sci-Fi	20129	2004
Seitokai Yakuindomo Season 2 OVA	Comedy	Comedy, Slice of Life	20108	2014
Cuticle Detective Inaba	Action	Action, Comedy, Mystery, Supernatural	20106	2013
Strike the Blood: Kingdom of the Valkyria	Action	Action, Ecchi, Fantasy	20105	2015
A Letter to Momo	Drama	Drama, Supernatural	20094	2011
Nodame Cantabile Finale	Comedy	Comedy, Music, Romance	20088	2010
Zakuro	Romance	Romance, Supernatural	20063	2010
Bloodivores	Action	Action, Mystery, Supernatural	20056	
Maid-Sama! LaLa Special	Comedy	Comedy	20013	2010
The Law of Ueki	Action	Action, Adventure, Comedy, Drama, Supernatural	19967	2005
SWORDGAI The Animation	Action	Action, Supernatural	19962	2018
Midnight Occult Civil Servants	Fantasy	Fantasy, Supernatural	19960	2019
Heaven Official's Blessing Special Episode	Drama	Drama, Fantasy, Romance	19957	
Watashi ga Motenai no wa Dou Kangaetemo Omaera ga Warui!: Motenaishi, Nazomeite Miru	Comedy	Comedy, Slice of Life	19924	2014
Looking for the Full Moon	Comedy	Comedy, Drama, Mahou Shoujo, Music, Romance, Supernatural	19920	2002
Heaven's Lost Property OVA	Comedy	Comedy, Ecchi, Sci-Fi, Supernatural	19907	2010
Higurashi no Naku Koro ni Kira	Comedy	Comedy, Ecchi, Mahou Shoujo, Mystery, Romance, Supernatural	19873	2011
Grappler Baki Maximum Tournament	Action	Action, Sports	19866	2001
Cardcaptor Sakura: The Movie	Comedy	Comedy, Fantasy, Mahou Shoujo	19858	1999
Touken Ranbu - Hanamaru	Action	Action, Comedy, Drama, Fantasy, Slice of Life	19852	2016
Gintama: Love Incense Arc	Comedy	Comedy	19833	2016
Nodame Cantabile: Paris-hen	Comedy	Comedy, Music, Romance, Slice of Life	19827	2008
Belladonna of Sadness	Drama	Drama, Psychological	19816	1973
selector spread WIXOSS	Drama	Drama, Psychological, Thriller	19814	2014
Afro Samurai: Resurrection	Action	Action	19806	2009
Bottom-Tier Character Tomozaki OVA	Comedy	Comedy, Romance	19779	2021
GIBIATE	Action	Action, Horror	19733	2020
Pokémon: Mewtwo Returns	Action	Action, Adventure, Comedy, Drama, Fantasy, Sci-Fi	19722	2001
Mobile Suit Gundam 0080: War in the Pocket	Adventure	Adventure, Drama, Mecha, Sci-Fi	19692	1989
Fuuto PI	Action	Action, Drama, Mystery, Supernatural	19684	2022
Komori-san Can't Decline!	Comedy	Comedy, Slice of Life	19670	2015
Fate/Grand Carnival	Comedy	Comedy, Fantasy, Supernatural	19661	2021
Dragon Raja -The Blazing Dawn-	Action	Action, Drama, Fantasy	19661	
Bludgeoning Angel Dokuro-chan 2	Comedy	Comedy, Ecchi, Supernatural	19632	2007
TO BE HERO	Comedy	Comedy	19615	
Dog Days Season 2	Action	Action, Adventure, Fantasy	19614	2012
Towanoquon: The Ephemeral Petala	Action	Action, Sci-Fi, Supernatural	19595	2011
Valvrave the Liberator 2	Action	Action, Mecha	19583	2013
Himouto! Umaru-chan OVA	Comedy	Comedy, Slice of Life	19563	2015
Hayate the Combat Butler!!	Action	Action, Comedy, Romance	19552	2009
Saint☆Onii-san	Comedy	Comedy, Slice of Life, Supernatural	19544	2012
Suzuka	Drama	Drama, Romance, Sports	19542	2005
Batman Ninja	Action	Action, Mecha, Sci-Fi	19507	2018
My-HiME	Action	Action, Comedy, Drama, Fantasy, Mecha, Romance	19458	2004
Bobobo-bo Bo-bobo	Adventure	Adventure, Comedy, Sci-Fi	19435	2003
Hakkenden: Eight Dogs of the East	Action	Action, Fantasy, Supernatural	19418	2013
Love To-LIE-Angle	Comedy	Comedy, Ecchi, Slice of Life	19414	2018
Bananya	Comedy	Comedy, Fantasy, Slice of Life	19364	2016
Tales of the Abyss	Adventure	Adventure, Drama, Fantasy	19363	2008
Kumamiko -Girl Meets Bear	Comedy	Comedy, Slice of Life	19352	2016
Level E	Comedy	Comedy, Sci-Fi	19347	2011
A Destructive God Sits Next to Me	Comedy	Comedy, Slice of Life	19321	2020
Wu Shan Wu Xing: Zhuo Yuan Shen Huo	Action	Action, Drama, Fantasy	19319	
Dareka no Manazashi	Drama	Drama, Slice of Life	19296	2013
Nisekoi: OVA	Comedy	Comedy, Mahou Shoujo, Romance	19281	2016
Kakegurui Picture Drama	Comedy	Comedy	19275	2017
Kemonozume	Action	Action, Horror, Romance, Supernatural	19269	2006
The Pilot's Love Song	Adventure	Adventure, Drama, Romance	19264	2014
NARUTO: Shippuuden - Sunny Side Battle!!!	Action	Action, Comedy	19248	2013
Witchblade	Action	Action, Sci-Fi	19240	2006
Fushigi Yugi: The Mysterious Play	Adventure	Adventure, Comedy, Drama, Fantasy, Romance	19214	1995
Snow White with the Red Hair: Nandemonai Takaramono, Kono Page	Drama	Drama, Fantasy, Romance	19204	2016
She, The Ultimate Weapon	Drama	Drama, Romance, Sci-Fi	19176	2002
Ensemble Stars!	Music	Music, Slice of Life	19112	2019
Inugami-san to Nekoyama-san	Comedy	Comedy, Slice of Life	19104	2014
Phi Brain: Puzzle of God	Action	Action, Mystery	19103	2011
Pokémon Generations	Action	Action, Comedy, Fantasy	19095	2016
Koi Kaze	Drama	Drama, Psychological, Romance, Slice of Life	19088	2004
One Piece: The Curse of the Sacred Sword	Action	Action, Adventure, Comedy, Fantasy	19083	2004
SHIROBAKO the Movie	Comedy	Comedy, Drama, Slice of Life	19042	2020
Dear Brother	Drama	Drama, Psychological	19014	1991
Ghost in the Shell 2.0	Action	Action, Psychological, Sci-Fi	19010	2008
Planet With	Action	Action, Mecha, Sci-Fi	18973	2018
Manyu Scroll	Action	Action, Comedy, Ecchi	18970	2011
Ghost in the Shell: Stand Alone Complex - Solid State Society	Mystery	Mystery, Sci-Fi	18968	2006
Ro-Kyu-Bu ~ Fast Break!	Comedy	Comedy, Ecchi, Sports	18914	2011
Boku no Hero Academia THE MOVIE: Heroes:Rising - Epilogue Plus: Yume wo Genjitsu ni	Comedy	Comedy	18888	2020
Heaven's Lost Property Final – The Movie: Eternally My Master	Comedy	Comedy, Ecchi, Romance, Sci-Fi, Supernatural	18860	2014
Fastest Finger First	Comedy	Comedy, Slice of Life, Sports	18833	2017
Honey and Clover II	Drama	Drama, Romance, Slice of Life	18825	2006
Pokémon BW: Rival Destinies	Action	Action, Adventure, Comedy, Fantasy	18796	2012
Revolutionary Girl Utena: The Adolescence of Utena	Drama	Drama, Fantasy, Mystery, Psychological, Romance	18791	1999
The Animatrix	Action	Action, Drama, Psychological, Sci-Fi	18789	2003
Miss KUROITSU from the Monster Development Department	Comedy	Comedy, Fantasy	18782	2022
Ms. Koizumi Loves Ramen Noodles	Comedy	Comedy, Slice of Life	18776	2018
Love, Chunibyo & Other Delusions - Heart Throb - Specials	Comedy	Comedy	18775	2014
7SEEDS Part 2	Action	Action, Drama, Sci-Fi	18772	2020
Turn A Gundam	Action	Action, Adventure, Drama, Mecha, Sci-Fi	18766	1999
Buddy Complex	Action	Action, Drama, Mecha, Sci-Fi	18748	2014
Peach Girl: Super Pop Love Hurricane	Drama	Drama, Romance, Slice of Life	18724	2005
Hitori no Shita - The Outcast 2	Action	Action, Supernatural	18699	
Makai Ouji: devils and realist	Comedy	Comedy, Fantasy, Mystery, Supernatural	18696	2013
Soni-Ani: SUPER SONICO THE ANIMATION	Comedy	Comedy, Music, Slice of Life	18692	2014
Naruto: The Lost Story - Mission: Protect the Waterfall Village	Action	Action, Adventure, Comedy	18687	2003
Magical DoReMi	Comedy	Comedy, Drama, Fantasy, Mahou Shoujo, Slice of Life	18686	1999
Yokohama Shopping Log	Sci-Fi	Sci-Fi, Slice of Life	18649	1998
Interstella 5555: The 5tory of the 5ecret 5tar 5ystem	Adventure	Adventure, Drama, Music, Sci-Fi	18636	2003
Occult Academy	Comedy	Comedy, Mystery, Sci-Fi, Supernatural	18633	2010
Akikan!	Comedy	Comedy, Ecchi, Fantasy, Romance	18628	2009
Shonen Maid	Comedy	Comedy, Slice of Life	18609	2016
BanG Dream! 2nd Season	Comedy	Comedy, Drama, Music, Slice of Life	18603	2019
Symphogear GX	Action	Action, Drama, Mahou Shoujo, Music, Sci-Fi	18597	2015
Dusk Maiden of Amnesia: "Ghost Girl"	Horror	Horror, Mystery, Romance, Supernatural	18593	2012
Yes, No, or Maybe?	Romance	Romance	18590	2020
Etotama	Action	Action, Comedy, Fantasy	18575	2015
Samurai Bride	Action	Action, Comedy, Ecchi, Romance	18575	2013
Junjou Romantica 3	Drama	Drama, Romance	18551	2015
Mars of Destruction	Action	Action, Horror, Sci-Fi	18551	2005
FORTUNE ARTERIAL: Akai Yakusoku	Comedy	Comedy, Romance, Supernatural	18544	2010
Heroic Age	Action	Action, Mecha, Sci-Fi	18520	2007
IS: Infinite Stratos - World Purge-hen	Action	Action, Comedy, Ecchi, Mecha, Sci-Fi	18511	2014
Yu-Gi-Oh!: The Dark Side of Dimensions	Action	Action, Adventure, Sci-Fi	18494	2016
Digimon: Our War Game	Action	Action, Adventure, Fantasy, Sci-Fi	18478	2000
Overlord: Ple Ple Pleiades	Action	Action, Comedy, Fantasy	18461	2015
Yu-Gi-Oh! Zexal	Action	Action, Fantasy	18442	2011
Steamboy	Action	Action, Adventure, Drama, Sci-Fi	18440	2004
Yakitate!! Japan	Comedy	Comedy	18436	2004
Tomorrow's Joe 2	Action	Action, Drama, Slice of Life, Sports	18424	1980
Let's Make a Mug Too	Comedy	Comedy, Slice of Life	18386	2021
Natsuyuki Rendezvous	Drama	Drama, Romance, Supernatural	18378	2012
euphoria	Drama	Drama, Hentai, Psychological	18366	2011
Brotherhood Final Fantasy XV	Action	Action, Adventure, Fantasy	18363	2016
The Fire Hunter	Action	Action, Adventure, Drama, Fantasy, Mystery	18359	2023
Pokémon the Movie: I Choose You!	Action	Action, Adventure, Fantasy	18356	2017
22/7 (nanabun no nijyuuni)	Drama	Drama, Music	18351	2020
GetBackers	Action	Action, Comedy, Drama, Mystery	18349	2002
Nagasarete Airanto	Comedy	Comedy, Ecchi, Fantasy, Romance	18340	2007
Ansatsu Kyoushitsu: Jump Festa 2013 Special	Action	Action, Comedy, Supernatural	18332	2013
Code: Realize ~Guardian of Rebirth~	Action	Action, Adventure, Fantasy, Romance	18314	2017
Kimi ga Aruji de Shitsuji ga Ore de	Comedy	Comedy, Ecchi, Romance	18314	2008
Blue Exorcist Specials	Action	Action, Fantasy, Supernatural	18308	2011
Toaru Kagaku no Railgun: Misaka-san wa Ima Chuumoku no Mato Desukara	Action	Action, Fantasy, Sci-Fi	18295	2010
Negima!? Magister Negi Magi	Adventure	Adventure, Comedy, Ecchi, Fantasy, Romance	18294	2006
My Next Life as a Villainess: All Routes Lead to Doom! Movie	Comedy	Comedy, Fantasy, Romance, Slice of Life	18292	2023
Whispered Words	Comedy	Comedy, Romance	18275	2009
Kuroko's Basketball: The Greatest Present	Comedy	Comedy, Sports	18256	2015
Cells at Work!: The Common Cold	Action	Action, Comedy, Sci-Fi	18254	2018
Lagrange: The Flower of Rin-ne	Action	Action, Comedy, Mecha	18240	2012
DRIFTERS OVA	Action	Action, Adventure, Comedy, Fantasy	18230	2017
NARUTO Spin-Off: Rock Lee & His Ninja Pals	Action	Action, Comedy	18228	2012
Precure	Action	Action, Adventure, Comedy, Fantasy, Mahou Shoujo	18165	2004
Young Black Jack	Drama	Drama	18128	2015
Yuragi-sou no Yuuna-san OVA	Comedy	Comedy, Ecchi, Romance, Supernatural	18117	2018
Dragon Goes House-Hunting	Comedy	Comedy, Fantasy	18105	2021
Captain Tsubasa (2018)	Action	Action, Sports	18081	2018
Gundam Build Fighters	Action	Action, Mecha, Sci-Fi	18057	2013
The Eccentric Family 2	Comedy	Comedy, Drama, Fantasy	18026	2017
Muv-Luv Alternative: Total Eclipse	Action	Action, Mecha, Sci-Fi	18025	2012
Rave Master	Adventure	Adventure, Comedy, Fantasy, Romance	18003	2001
Saint Seiya: The Lost Canvas	Action	Action, Adventure, Supernatural	17990	2009
Le Portrait de Petit Cossette	Drama	Drama, Horror, Psychological, Romance, Supernatural	17985	2004
Inu X Boku Secret Service Special	Comedy	Comedy, Mystery, Supernatural	17984	2012
Tower of Druaga: The Aegis of Uruk	Adventure	Adventure, Comedy, Fantasy	17977	2008
Earl and Fairy	Adventure	Adventure, Fantasy, Romance	17976	2008
BLEACH: The Sealed Sword Frenzy	Action	Action, Adventure, Drama, Fantasy, Supernatural	17976	2006
D4DJ First Mix	Music	Music, Slice of Life	17971	2020
Accel World: Infinite∞Burst	Action	Action, Sci-Fi	17964	2016
Full-Time Magister S2	Action	Action, Fantasy, Romance	17960	
Magic Knight Rayearth	Action	Action, Adventure, Comedy, Drama, Fantasy, Mahou Shoujo, Mecha	17923	1994
Lapis Re:LiGHTs	Fantasy	Fantasy, Music	17893	2020
ODDTAXI In The Woods	Drama	Drama, Mystery, Psychological, Thriller	17892	2022
Eureka Seven AO	Action	Action, Adventure, Drama, Mecha, Sci-Fi	17891	2012
Kite	Action	Action, Drama, Hentai	17873	1998
Strawberry 100%	Comedy	Comedy, Ecchi, Romance	17867	2005
Altair: A Record of Battles	Adventure	Adventure, Drama, Fantasy	17859	2017
GARO -VANISHING LINE-	Action	Action, Mystery	17853	2017
Kekkaishi	Action	Action, Adventure, Comedy, Romance, Supernatural	17845	2006
Granblue Fantasy: The Animation Season 2	Adventure	Adventure, Fantasy	17833	2019
Revue Starlight: The Movie	Action	Action, Drama, Music, Psychological	17832	2021
Fate/kaleid liner Prisma☆Illya: Dance at the Sports Festival!	Action	Action, Comedy, Ecchi, Fantasy, Mahou Shoujo, Sports	17816	2014
After School Dice Club	Comedy	Comedy, Slice of Life	17813	2019
The Orbital Children	Adventure	Adventure, Sci-Fi	17811	2022
Girls’ Frontline	Action	Action, Drama	17794	2022
Peter Grill and the Philosopher’s Time: Super Extra	Comedy	Comedy, Ecchi, Fantasy	17773	2022
If My Favorite Pop Idol Made It to the Budokan, I Would Die	Comedy	Comedy, Music, Slice of Life	17768	2020
Looking Up at the Half-Moon	Comedy	Comedy, Drama, Romance	17765	2006
Gatchaman Crowds insight	Action	Action, Adventure, Sci-Fi	17761	2015
91 Days: Shoal of Time	Action	Action, Drama	17739	2017
Revisions	Action	Action, Mecha, Sci-Fi	17733	2019
Kodocha	Comedy	Comedy, Drama, Romance	17715	1996
Aquarion EVOL	Action	Action, Drama, Fantasy, Mecha, Romance, Sci-Fi	17688	2012
Girls und Panzer das Finale – Part 1	Action	Action, Sports	17684	2017
Hell Girl: Three Vessels	Horror	Horror, Mystery, Psychological, Supernatural	17671	2008
Bakuon!!	Comedy	Comedy, Ecchi, Slice of Life, Sports	17643	2016
Love Live! Sunshine!! The School Idol Movie: Over the Rainbow	Music	Music, Slice of Life	17635	2019
I don't like my big brother at all!!	Comedy	Comedy, Ecchi, Romance	17617	2011
Norn9	Drama	Drama, Romance, Sci-Fi	17608	2016
Three Leaves, Three Colors	Comedy	Comedy, Slice of Life	17601	2016
One Piece: Mega Mecha Soldier of Karakuri Castle	Adventure	Adventure, Comedy, Fantasy	17591	2006
Bubblegum Crisis	Action	Action, Mecha, Sci-Fi	17579	1987
Mobile Police Patlabor	Comedy	Comedy, Mecha, Sci-Fi	17579	1988
TOKYO MEW MEW NEW	Adventure	Adventure, Comedy, Fantasy, Mahou Shoujo, Romance, Sci-Fi	17565	2022
EVIL OR LIVE	Horror	Horror	17561	
Hatsukoi Limited	Comedy	Comedy, Ecchi, Romance	17546	2009
Zombie Loan	Action	Action, Horror, Supernatural	17513	2007
Digimon Adventure tri. Chapter 2: Determination	Action	Action, Adventure, Drama, Fantasy, Sci-Fi	17508	2016
Angel's 3Piece!	Music	Music, Slice of Life	17499	2017
Mobile Suit Gundam Seed Destiny	Action	Action, Drama, Mecha, Romance, Sci-Fi	17497	2004
Scrapped Princess	Adventure	Adventure, Comedy, Drama, Fantasy, Mecha, Sci-Fi	17481	2003
Symphogear XV	Action	Action, Drama, Mahou Shoujo, Music, Sci-Fi	17469	2019
BUILD-DIVIDE -#000000- CODE BLACK	Action	Action, Sci-Fi	17466	2021
YuruYuri Nachuyachumi!+	Comedy	Comedy, Slice of Life	17445	2015
Warlords of Sigrdrifa	Action	Action, Fantasy	17437	2020
Shin Chan	Comedy	Comedy, Ecchi, Slice of Life	17425	1992
Nobunaga the Fool	Mecha	Mecha, Sci-Fi	17423	2014
The Princess and the Pilot	Adventure	Adventure, Romance	17375	2011
Broken Blade	Action	Action, Fantasy, Mecha	17345	2014
Maria Watches Over Us	Drama	Drama, Romance, Slice of Life	17338	2004
The Melancholy of Haruhi-chan Suzumiya	Comedy	Comedy, Slice of Life	17322	2009
Higurashi no Naku Koro ni Kaku: Outbreak	Action	Action, Mystery, Psychological, Thriller	17281	2013
Kyo Kara Maoh! - God (?) Save Our King!	Adventure	Adventure, Comedy, Fantasy	17275	2004
Police in a Pod	Comedy	Comedy, Drama, Slice of Life	17270	2022
Seraph of the End: Battle in Nagoya - Owaranai Seraph Battle in Nagoya	Comedy	Comedy, Supernatural	17249	2016
Rin-ne	Comedy	Comedy, Romance, Supernatural	17239	2015
Yu-Gi-Oh! The Movie: Pyramid of Light	Adventure	Adventure, Fantasy	17231	2004
Strike Witches 2	Action	Action, Ecchi, Sci-Fi	17227	2010
Lupin the 3rd Part IV	Action	Action, Adventure, Comedy	17188	2015
Seitokai Yakuindomo the Movie	Comedy	Comedy, Slice of Life	17181	2017
ONE PIECE FILM: STRONG WORLD - EPISODE:0	Action	Action, Adventure, Comedy, Fantasy	17180	2010
Beyblade: Metal Masters	Adventure	Adventure, Comedy, Sports	17158	2010
The Familiar of Zero: "Rondo" of Princesses - Seductive Beach	Action	Action, Adventure, Comedy, Ecchi, Fantasy	17158	2008
Dragon Ball GT: A Hero's Legacy	Action	Action, Adventure, Comedy	17156	1997
Mushibugyo	Action	Action, Ecchi, Fantasy	17144	2013
Selection Project	Music	Music, Slice of Life	17142	2021
Baby Steps 2	Romance	Romance, Sports	17129	2015
InuYasha the Movie: Affections Touching Across Time	Action	Action, Adventure, Comedy, Drama, Fantasy, Romance	17128	2001
Kenka Bancho Otome -Girl Beats Boys-	Action	Action, Comedy	17124	2017
Asobi Asobase -workshop of fun- OVA	Comedy	Comedy, Slice of Life	17099	2018
Inu-Oh	Adventure	Adventure, Music, Supernatural	17090	2022
Wicked City	Action	Action, Adventure, Drama, Ecchi, Horror, Supernatural	17090	1987
Tokyo Majin	Action	Action, Drama, Fantasy, Horror	17088	2007
Junji Ito Collection: Tomie	Drama	Drama, Horror, Supernatural	17075	2018
Yowamushi Pedal New Generation	Drama	Drama, Sports	17056	2017
RPG Real Estate	Comedy	Comedy, Fantasy, Slice of Life	17028	2022
BlazBlue: Alter Memory	Action	Action, Fantasy	17021	2013
Mobile Suit Gundam Thunderbolt	Action	Action, Mecha, Sci-Fi	17013	2016
Hiiro no Kakera: The Tamayori Princess Saga	Fantasy	Fantasy, Romance, Supernatural	16996	2012
FINAL FANTASY VII: ADVENT CHILDREN COMPLETE	Action	Action, Fantasy, Sci-Fi	16987	2009
Aggretsuko: Season 4	Comedy	Comedy, Music, Slice of Life	16973	2021
Fairy Tail the Movie: Prologue - The First Morning	Fantasy	Fantasy	16951	2013
sola	Drama	Drama, Romance, Slice of Life, Supernatural	16943	2007
Junior High and High School!! Kimetsu Academy Story: Valentine Edition	Comedy	Comedy	16935	2021
Mermaid Melody: Pichi Pichi Pitch	Adventure	Adventure, Comedy, Fantasy, Mahou Shoujo, Music, Romance	16901	2003
the Garden of sinners: recalled out summer –extra chorus–	Drama	Drama, Mystery, Supernatural	16899	2013
Magimoji Rurumo	Comedy	Comedy, Ecchi, Fantasy	16896	2014
Kaleido Star	Comedy	Comedy, Drama, Sports, Supernatural	16892	2003
Alien Nine	Drama	Drama, Horror, Psychological, Sci-Fi, Slice of Life	16875	2001
Kamichu!	Comedy	Comedy, Slice of Life, Supernatural	16875	2005
Aggressive Retsuko	Comedy	Comedy, Music, Slice of Life	16854	2016
VISUAL PRISON	Music	Music, Supernatural	16842	2021
R.O.D - READ OR DIE	Action	Action, Drama, Mystery, Sci-Fi	16834	2001
SUPER LOVERS 2	Comedy	Comedy, Drama, Romance	16828	2017
Reikenzan: Hoshikuzu-tachi no Utage	Comedy	Comedy, Fantasy	16823	2016
Terra Formars: Revenge	Action	Action, Horror, Sci-Fi	16795	2016
My Mental Choices Are Completely Interfering With My School Romantic Comedy OVA	Comedy	Comedy, Romance	16785	2014
Battle Angel Alita	Action	Action, Drama, Sci-Fi	16772	1993
Sword Art OFFline	Comedy	Comedy	16749	2012
Shakugan no Shana S	Action	Action, Comedy, Fantasy, Romance	16728	2009
Digimon Data Squad	Action	Action, Adventure, Comedy, Drama, Fantasy, Sci-Fi	16717	2006
Dropkick on My Devil!! Dash	Comedy	Comedy, Slice of Life, Supernatural	16713	2020
Myriad Colors Phantom World: The Polka Dot Miracle	Action	Action, Comedy, Ecchi, Supernatural	16710	2016
Princess Principal: ~Crown Handler~ 1	Action	Action, Adventure, Sci-Fi	16698	2021
Ao Haru Ride PAGE.13	Romance	Romance, Slice of Life	16694	2014
Cute High Earth Defense Club LOVE!	Comedy	Comedy, Mahou Shoujo, Sci-Fi, Slice of Life	16684	2015
Gridman Universe	Action	Action, Mecha, Romance, Sci-Fi	16670	2023
We Without Wings – Under the Innocent Sky	Comedy	Comedy, Drama, Ecchi, Psychological, Romance	16644	2011
Higurashi no Naku Koro ni: Nekogoroshi-hen	Comedy	Comedy, Mystery	16632	2007
Natsume's Book of Friends the Movie: Ephemeral Bond	Drama	Drama, Fantasy, Slice of Life, Supernatural	16622	2018
Holmes of Kyoto	Mystery	Mystery	16619	2018
Kurozuka	Action	Action, Drama, Horror, Romance, Sci-Fi, Supernatural	16596	2008
Gakuen Alice	Comedy	Comedy, Drama, Fantasy, Supernatural	16589	2004
InuYasha the Movie 2: The Castle Beyond the Looking Glass	Action	Action, Adventure, Drama, Fantasy, Romance	16566	2002
R-15	Comedy	Comedy, Ecchi, Romance	16549	2011
NARUTO: Akaki Yotsuba no Clover wo Sagase	Adventure	Adventure, Comedy	16547	2003
JINSEI - Life Consulting	Slice of Life	Slice of Life	16540	2014
Mobile Suit Gundam I	Action	Action, Adventure, Drama, Mecha, Sci-Fi	16521	1981
Harmony	Mystery	Mystery, Psychological, Sci-Fi, Thriller	16508	2015
Patlabor: The Movie	Drama	Drama, Mecha, Sci-Fi	16502	1989
Dropout Idol Fruit Tart	Comedy	Comedy, Ecchi, Music, Slice of Life	16468	2020
Pop Team Epic Season 2	Comedy	Comedy	16414	2022
Kino no Tabi: Nanika wo Suru Tame ni -life goes on.-	Adventure	Adventure, Drama, Fantasy, Slice of Life	16401	2005
Tenchi Muyo! Tenchi Universe	Comedy	Comedy, Romance, Sci-Fi	16396	1995
Ai Yori Aoshi	Comedy	Comedy, Drama, Romance, Slice of Life	16392	2002
Bodacious Space Pirates	Sci-Fi	Sci-Fi	16382	2012
Seiyu's Life!	Comedy	Comedy, Drama, Slice of Life	16379	2015
Kurenai	Action	Action, Comedy, Drama	16353	2008
One Room SECOND SEASON	Romance	Romance, Slice of Life	16291	2018
Mardock Scramble: The First Compression	Action	Action, Adventure, Psychological, Sci-Fi	16273	2010
Pokémon the Movie: Diancie and the Cocoon of Destruction	Action	Action, Adventure, Comedy, Drama, Fantasy	16264	2014
Captain Tsubasa	Action	Action, Sports	16261	1983
Obey Me!	Comedy	Comedy, Supernatural	16256	2021
Bungo and Alchemist -Gears of Judgement-	Action	Action, Adventure, Fantasy	16225	2020
Atelier Escha & Logy ~Alchemists of the Dusk Sky~	Adventure	Adventure, Fantasy, Slice of Life	16212	2014
Mobile Suit Gundam Hathaway	Action	Action, Drama, Mecha, Sci-Fi	16201	2021
Farewell, My Dear Cramer	Drama	Drama, Sports	16189	2021
Ayakashi: Samurai Horror Tales	Horror	Horror, Psychological, Supernatural	16147	2006
Do You Love Your Mom and Her Two-Hit Multi-Target Attacks?: Do You Love Your Mom on the Shore?	Action	Action, Comedy, Ecchi, Fantasy	16134	2020
Mobile Fighter G Gundam	Action	Action, Adventure, Drama, Mecha, Romance	16126	1994
Fractale	Adventure	Adventure, Fantasy, Sci-Fi	16108	2011
Shugo Chara!! Doki	Comedy	Comedy, Mahou Shoujo, Romance	16092	2008
Overlord: Ple Ple Pleiades - Nazarick Saidai no Kiki	Action	Action, Comedy, Fantasy	16041	2016
The Eden of Grisaia: Grisaia no Tokuten	Comedy	Comedy, Ecchi	16039	2015
Psychic Princess	Comedy	Comedy, Romance, Supernatural	16027	
ONE PIECE: Episode of Nami - Koukaishi no Namida to Nakama no Kizuna	Action	Action, Adventure, Comedy, Drama, Fantasy	16026	2012
Your Light: Kase-san and Morning Glories	Romance	Romance, Slice of Life	16022	2017
Scorching Ping Pong Girls	Sports	Sports	16016	2016
Ascendance of a Bookworm Side Story	Fantasy	Fantasy, Slice of Life	16005	2020
Uta no Prince Sama 2	Comedy	Comedy, Music, Romance	15982	2013
Symphogear AXZ	Action	Action, Drama, Mahou Shoujo, Music, Sci-Fi	15978	2017
Cheating Craft	Action	Action, Comedy	15967	2016
Horizon in the Middle of Nowhere II	Action	Action, Fantasy	15956	2012
Aquarion	Action	Action, Mecha, Romance, Sci-Fi, Supernatural	15952	2005
One Piece: The Desert Princess and the Pirates, Adventures in Alabasta	Action	Action, Adventure, Fantasy	15909	2007
Mobile Suit Gundam: Char's Counterattack	Drama	Drama, Mecha, Sci-Fi	15888	1988
You're Being Summoned, Azazel	Comedy	Comedy, Supernatural	15871	2011
Pani Poni Dash!	Comedy	Comedy	15870	2005
The Case of Hana & Alice	Drama	Drama, Mystery, Slice of Life	15855	2015
Persona 5 The Animation -the Day Breakers-	Action	Action, Fantasy, Supernatural	15838	2016
Digimon Adventure tri. Chapter 3: Confession	Action	Action, Adventure, Drama, Fantasy, Sci-Fi	15834	2016
Love Live! Nijigasaki High School Idol Club Season 2	Music	Music, Slice of Life	15832	2022
Ojisan and Marshmallow	Comedy	Comedy, Romance, Slice of Life	15828	2016
Godzilla: Planet of the Monsters	Action	Action, Sci-Fi	15827	2017
Rozen Maiden: Dreaming	Action	Action, Comedy, Drama, Supernatural	15825	2005
Code Geass: Nunnally in Wonderland	Comedy	Comedy, Fantasy	15821	2012
Sgt. Frog	Comedy	Comedy, Sci-Fi	15813	2004
Anima Yell!	Comedy	Comedy, Sports	15810	2018
InuYasha the Movie 3: Swords of an Honorable Ruler	Adventure	Adventure, Comedy, Drama, Fantasy	15804	2003
Yumeiro Patissiere	Comedy	Comedy, Fantasy	15802	2009
Vampire Vixen	Hentai	Hentai, Romance	15786	2014
Free! -Eternal Summer-: Forbidden All-Hard!	Comedy	Comedy, Slice of Life, Sports	15745	2015
Butareba -The Story of a Man Turned into a Pig-	Comedy	Comedy, Fantasy	15744	2023
Vividred Operation	Action	Action, Ecchi, Mahou Shoujo, Sci-Fi	15728	2013
Upotte!!	Action	Action, Comedy	15718	2012
Hetalia World Series	Comedy	Comedy	15718	2010
Glitter Force	Fantasy	Fantasy, Mahou Shoujo	15699	2012
SPRIGGAN (ONA)	Action	Action, Adventure, Sci-Fi	15686	2022
You and Me 2	Comedy	Comedy, Drama, Romance, Slice of Life	15686	2012
Meiji Tokyo Renka	Drama	Drama, Romance, Supernatural	15679	2019
Grimgar of Fantasy and Ash OVA 2.5	Action	Action, Adventure, Fantasy	15676	2016
Ansatsu Kyoushitsu 2: Kagaijugyou-hen	Action	Action, Comedy, Supernatural	15659	2016
Case Closed: The Time Bombed Skyscraper	Adventure	Adventure, Mystery	15647	1997
SEVEN KNIGHTS REVOLUTION: Hero Successor	Action	Action, Fantasy	15644	2021
Tamayura	Comedy	Comedy, Slice of Life	15639	2010
Kyousougiga	Action	Action, Fantasy, Supernatural	15631	2011
Natsume's Book of Friends OVA	Drama	Drama, Fantasy, Slice of Life, Supernatural	15629	2014
Bamboo Blade	Comedy	Comedy, Sports	15623	2007
So, I Can't Play H?	Comedy	Comedy, Ecchi, Romance	15611	2013
Sword Art Offline: Extra Edition	Comedy	Comedy	15594	2014
Tribe Nine	Action	Action, Sci-Fi, Sports	15583	2022
The World God Only Knows: Flag 0	Comedy	Comedy, Supernatural	15579	2010
Loveless	Action	Action, Drama, Fantasy, Mystery, Romance	15578	2005
Wake Up, Girls!	Drama	Drama, Music, Slice of Life	15566	2014
Rozen Maiden: Zurückspulen	Action	Action, Comedy, Drama	15555	2013
Candy☆Boy	Romance	Romance, Slice of Life	15550	2008
Girls und Panzer: This is the Real Anzio Battle!	Action	Action, Sports	15533	2014
Inazuma Eleven GO: Chrono Stone	Adventure	Adventure, Sci-Fi, Sports, Supernatural	15525	2012
Dragon Ball: Curse of the Blood Rubies	Action	Action, Adventure, Comedy	15519	1986
King of Thorn	Action	Action, Adventure, Mystery, Psychological, Sci-Fi, Thriller	15507	2009
Mobile Suit Gundam ZZ	Drama	Drama, Mecha, Sci-Fi	15503	1986
Bunny Drop Specials	Slice of Life	Slice of Life	15495	2011
Durarara!! X2: My Heart is in the Pattern of a Hot Pot	Supernatural	Supernatural	15452	2015
Dog Days Season 3	Action	Action, Adventure, Fantasy	15443	2015
Anne of Green Gables	Drama	Drama, Slice of Life	15438	1979
Goku Sayonara Zetsubou Sensei	Comedy	Comedy	15431	2008
Pokémon the Movie: Genesect and the Legend Awakened	Action	Action, Adventure, Comedy, Fantasy	15430	2013
The Story of Saiunkoku	Adventure	Adventure, Comedy, Drama, Fantasy, Romance	15415	2006
Healer Girl	Music	Music, Slice of Life, Supernatural	15413	2022
Harmonie	Drama	Drama, Fantasy, Psychological, Supernatural	15410	2014
The Seven Heavenly Virtues	Ecchi	Ecchi, Fantasy	15408	2018
Green Green	Comedy	Comedy, Ecchi, Romance, Slice of Life	15402	2003
Love Live! School idol project OVA	Music	Music, Slice of Life	15398	2013
Pale Cocoon	Drama	Drama, Sci-Fi	15379	2005
Moriarty the Patriot OVA	Drama	Drama, Mystery, Psychological, Thriller	15367	2022
Angolmois: Record of Mongol Invasion	Action	Action, Drama	15365	2018
Durarara!! X2 The Third Arc: DuFuFuFu!!	Action	Action, Mystery, Supernatural	15364	2016
Magic Kaito	Adventure	Adventure	15359	2010
Tsubasa RESERVoir CHRoNiCLE 2nd Season	Adventure	Adventure, Drama, Fantasy, Mystery, Romance	15340	2006
Ground Control to Psychoelectric Girl: The Nighttime Sun	Comedy	Comedy, Mystery, Romance, Sci-Fi	15301	2012
Non Non Biyori: Repeat - Hotaru ga Tanoshinda	Comedy	Comedy, Slice of Life	15297	2016
Shiki Specials	Horror	Horror, Mystery, Supernatural, Thriller	15268	2011
A Day Before Us	Romance	Romance, Slice of Life	15267	
Kamisama Hajimemashita: Kamisama, Shiawase ni Naru	Comedy	Comedy, Fantasy, Romance, Supernatural	15237	2016
FrFr! ~Free! short movie~	Comedy	Comedy, Slice of Life, Sports	15229	2013
Aki Sora	Ecchi	Ecchi, Romance	15228	2010
D-Frag! OVA	Comedy	Comedy	15224	2014
Asobi Asobase Specials	Comedy	Comedy	15208	2018
Yamada-kun to 7-nin no Majo (ONA)	Comedy	Comedy, Romance, Supernatural	15183	2013
Sailor Moon Crystal Season 3	Action	Action, Drama, Fantasy, Mahou Shoujo, Romance	15176	2016
BBK/BRNK	Action	Action, Drama, Mecha, Sci-Fi	15154	2016
Student Council's Discretion Level 2	Comedy	Comedy	15142	2012
Kimagure Orange☆Road	Action	Action, Comedy, Drama, Fantasy, Romance	15138	1987
Monster Musume Everyday Life With Monster Girls: Hobo Mainichi Oo! Namappoi Douga	Comedy	Comedy, Ecchi, Fantasy, Slice of Life	15131	2015
Broken Blade	Action	Action, Fantasy, Mecha	15131	2010
Petshop of Horrors	Horror	Horror, Mystery, Psychological, Supernatural	15115	1999
Good Luck! Ninomiya-kun	Comedy	Comedy, Ecchi, Fantasy	15108	2007
Blue Gender	Adventure	Adventure, Drama, Horror, Mecha, Psychological, Romance, Sci-Fi	15107	1999
InuYasha the Movie 4: Fire on the Mystic Island	Adventure	Adventure, Comedy, Drama, Fantasy, Romance	15074	2004
18if	Adventure	Adventure, Fantasy, Mystery, Supernatural	15068	2017
Dorei-ku The Animation	Drama	Drama, Psychological, Thriller	15067	2018
The Night Beyond the Tricornered Window	Drama	Drama, Mystery, Supernatural	15060	2021
Gravitation TV	Comedy	Comedy, Music, Romance	15058	2000
Martian Successor Nadesico	Action	Action, Comedy, Mecha, Romance, Sci-Fi	15057	1996
The Sky Crawlers	Drama	Drama, Psychological	15014	2008
K-ON! Season 1 Shorts	Comedy	Comedy	15010	2009
Asura Cryin'	Action	Action, Mecha, Supernatural	15008	2009
Hiyokoi	Romance	Romance	14999	2010
Phantasy Star Online 2 The Animation	Action	Action, Sci-Fi	14996	2016
Mahoromatic: Automatic Maiden	Comedy	Comedy, Ecchi, Romance, Sci-Fi	14993	2001
School Babysitters OVA	Comedy	Comedy, Slice of Life	14990	2018
To Be Heroine	Comedy	Comedy	14983	
Drifting Dragons	Action	Action, Adventure, Fantasy	14981	2020
Captain Earth	Mecha	Mecha, Sci-Fi	14970	2014
Barefoot Gen	Drama	Drama	14946	1983
Macross: Do You Remember Love?	Action	Action, Mecha, Music, Romance, Sci-Fi	14930	1984
One Piece: Episode Of Chopper +: The Miracle Winter Cherry Blossom	Action	Action, Adventure, Comedy, Fantasy	14892	2008
Gunslinger Stratos	Action	Action, Sci-Fi	14869	2015
BACK ARROW	Action	Action, Adventure, Fantasy, Mecha, Sci-Fi	14866	2021
The King's Avatar: For the Glory	Action	Action, Drama	14850	
Persona -trinity soul-	Action	Action, Drama, Mystery, Sci-Fi, Supernatural	14843	2008
Yu-Gi-Oh! ARC-V	Action	Action, Adventure	14840	2014
BanG Dream! 3rd Season	Comedy	Comedy, Music, Slice of Life	14838	2020
Yuki Yuna is a Hero: The Washio Sumi Chapter	Action	Action, Drama, Fantasy, Mahou Shoujo, Psychological, Slice of Life	14835	2017
Genshiken 2	Comedy	Comedy, Slice of Life	14831	2007
X (TV)	Action	Action, Drama, Fantasy, Romance	14826	2001
Kingdom Season 4	Action	Action	14794	2022
Place to Place OVA	Comedy	Comedy, Romance, Slice of Life	14794	2012
Is the Order a Rabbit?? ～Dear My Sister～	Comedy	Comedy, Slice of Life	14790	2017
The Dragon Dentist	Adventure	Adventure, Fantasy	14775	2017
Moyashimon	Comedy	Comedy, Supernatural	14773	2007
The Grimm Variations	Fantasy	Fantasy, Psychological, Sci-Fi, Thriller	14767	2024
Initial D Extra Stage	Action	Action, Drama, Sports	14761	2001
Nyaruko-san: Another Crawling Chaos F	Comedy	Comedy, Romance, Sci-Fi	14749	2015
Kandagawa Jet Girls	Ecchi	Ecchi, Sports	14747	2019
The Highschool Life of a Fudanshi	Comedy	Comedy, Slice of Life	14745	2016
Princess Resurrection	Action	Action, Comedy, Horror, Supernatural	14743	2007
Shingeki no Kyojin: Chimi Kyara Gekijou - Rivai-han	Comedy	Comedy, Fantasy	14736	2018
Muhyo & Roji's Bureau of Supernatural Investigation	Action	Action, Comedy, Mystery, Supernatural	14736	2018
Armed Girl's Machiavellism OVA	Action	Action, Comedy, Romance	14709	2017
WAVE!! Surfing Yappe!!	Slice of Life	Slice of Life, Sports	14691	2020
GeGeGe no Kitaro	Comedy	Comedy, Horror, Supernatural	14664	2018
Under the Dog	Action	Action, Sci-Fi, Thriller	14662	2016
Beyblade: Metal Fury	Adventure	Adventure, Sports	14658	2011
Yuki Yuna is a Hero: The Hero Chapter	Action	Action, Drama, Fantasy, Mahou Shoujo, Psychological, Slice of Life	14655	2017
Macross Plus	Action	Action, Drama, Mecha, Music, Romance, Sci-Fi	14650	1994
Ghost in the Shell: Arise - Border:1 Ghost Pain	Action	Action, Psychological, Sci-Fi, Thriller	14589	2013
H2O: Footprints in the Sand	Romance	Romance	14577	2008
Maken-Ki! OVA	Action	Action, Ecchi	14574	2012
Destiny of the Shrine Maiden	Drama	Drama, Mecha, Romance	14570	2004
s-CRY-ed	Action	Action, Adventure, Sci-Fi	14568	2001
Piano no Mori	Adventure	Adventure, Comedy, Drama, Music	14556	2007
Magical Girl Lyrical Nanoha A's	Action	Action, Comedy, Drama, Fantasy, Mahou Shoujo	14548	2005
Skate-Leading Stars	Drama	Drama, Sports	14542	2021
Muv-Luv Alternative	Action	Action, Drama, Mecha, Romance, Sci-Fi	14532	2021
Tawawa on Monday Specials	Ecchi	Ecchi, Slice of Life	14532	2016
Free! -Timeless Medley- The Bond	Drama	Drama, Slice of Life, Sports	14522	2017
Sword Art Offline II	Comedy	Comedy	14510	2014
Origin: Spirits of the Past	Adventure	Adventure, Drama, Fantasy, Romance, Sci-Fi	14490	2006
School Days	Drama	Drama, Romance	14481	2005
GYO: Tokyo Fish Attack	Drama	Drama, Horror, Mystery, Psychological, Sci-Fi	14461	2012
Daimidaler: Prince vs. Penguin Empire	Comedy	Comedy, Ecchi, Mecha	14460	2014
The Deer King	Action	Action, Adventure, Drama, Fantasy	14459	2022
Bungaku Shoujo	Drama	Drama, Mystery, Psychological, Romance	14459	2010
MoonPhase	Comedy	Comedy, Romance, Supernatural	14429	2004
Japan Anima(tor)’s Exhibition	Action	Action, Ecchi, Fantasy, Mecha, Music, Supernatural	14405	2014
Aggretsuko: We Wish You A Metal Christmas	Comedy	Comedy, Music, Slice of Life	14398	2018
Ange Vierge	Adventure	Adventure, Ecchi, Fantasy	14377	2016
My Neighbors the Yamadas	Comedy	Comedy, Slice of Life	14370	1999
Endride	Adventure	Adventure, Fantasy	14344	2016
NieA_7	Comedy	Comedy, Sci-Fi, Slice of Life	14327	2000
The Labyrinth of Grisaia: Takizono Basket-bu no Nama Cream Party!	Comedy	Comedy, Ecchi	14326	2015
Brave Witches	Action	Action, Ecchi, Sci-Fi	14324	2016
Case Closed: The Phantom of Baker Street	Adventure	Adventure, Mystery	14301	2002
The Betrayal Knows My Name	Adventure	Adventure, Drama, Fantasy	14293	2010
Pokémon BW: Adventures in Unova	Action	Action, Adventure, Comedy, Fantasy	14286	2013
Forest of Piano Season 2	Drama	Drama, Music	14278	2019
Hell Girl: Fourth Twilight	Horror	Horror, Mystery, Psychological, Supernatural	14263	2017
NARUTO: Narutimate Hero 3: Tsui ni Gekitotsu! Jounin VS Genin!! Musabetsu Dairansen Taikai Kaisai!!	Adventure	Adventure, Comedy	14261	2006
Hajime no Ippo: The Fighting! - Boxer's Fist	Comedy	Comedy, Drama, Sports	14257	2003
Galaxy Express 999	Adventure	Adventure, Drama, Mecha, Sci-Fi	14252	1978
Mr. Tonegawa: Middle Management Blues	Comedy	Comedy, Drama, Psychological	14241	2018
The Legend of Heroes: Trails of Cold Steel - Northern War	Action	Action, Adventure, Fantasy	14240	2023
LOST SONG	Drama	Drama, Fantasy, Music	14237	2018
The Irresponsible Captain Tylor	Adventure	Adventure, Comedy, Sci-Fi	14235	1993
Love Live! Superstar!! Season 2	Music	Music, Slice of Life	14215	2022
Koro Sensei Quest!	Adventure	Adventure, Comedy, Fantasy	14196	2017
Aikatsu!	Music	Music	14187	2012
Crest of the Stars	Action	Action, Romance, Sci-Fi	14184	1999
Attack on Titan Picture Drama	Action	Action, Comedy, Drama, Fantasy	14179	2013
Lostorage incited WIXOSS	Psychological	Psychological	14173	2016
Isekai Izakaya: Japanese Food From Another World	Comedy	Comedy, Fantasy, Slice of Life	14170	2018
Fate/Kaleid liner Prisma Illya Specials	Comedy	Comedy, Ecchi, Fantasy, Mahou Shoujo	14155	2013
Royal Space Force: The Wings of Honnêamise	Action	Action, Drama, Sci-Fi	14134	1987
Library War	Action	Action, Comedy, Romance	14124	2008
AzurLane: Slow Ahead!	Ecchi	Ecchi, Slice of Life	14121	2021
Day Break Illusion	Action	Action, Mahou Shoujo	14117	2013
Re-Kan!	Comedy	Comedy, Supernatural	14112	2015
R.O.D -THE TV-	Action	Action, Drama, Mystery, Sci-Fi	14111	2003
Zombieland Saga: Yume Ginga Paradise	Comedy	Comedy, Music, Supernatural	14108	2025
Encouragement of Climb Season 2	Adventure	Adventure, Comedy, Slice of Life	14107	2014
Sekko Boys	Comedy	Comedy, Music	14106	2016
KanColle Season 2: Let's Meet at Sea	Action	Action, Sci-Fi	14093	2022
Spice and Wolf II Specials	Adventure	Adventure, Fantasy, Romance	14082	2009
Wanna be the Strongest in the World!	Action	Action, Ecchi, Sports	14062	2013
Future Boy Conan	Adventure	Adventure, Drama, Sci-Fi	14057	1978
Black Lagoon Omake	Comedy	Comedy	14051	2009
Legend of the Galactic Heroes: My Conquest Is the Sea of Stars	Action	Action, Sci-Fi	14051	1988
Black★Rock Shooter	Action	Action	14043	
Escaflowne: A Girl in Gaea	Adventure	Adventure, Drama, Fantasy, Mecha, Romance, Sci-Fi	14033	2000
Deep Insanity THE LOST CHILD	Action	Action, Adventure, Sci-Fi	14031	2021
Blue Submarine No. 6	Action	Action, Adventure, Mecha, Sci-Fi	14009	1998
Kabaneri of the Iron Fortress: Life That Burns	Action	Action, Drama, Fantasy, Horror, Supernatural	14007	2017
Digimon Adventure tri. Chapter 4: Loss	Action	Action, Adventure, Drama, Fantasy, Sci-Fi	14001	2017
Take My Brother Away! 2	Comedy	Comedy, Slice of Life	13997	2018
Elegant Yokai Apartment Life	Mystery	Mystery, Slice of Life, Supernatural	13985	2017
Elemental Gelade	Adventure	Adventure, Comedy, Fantasy, Romance	13976	2005
Yu-Gi-Oh! 3D: Bonds Beyond Time	Adventure	Adventure	13975	2010
Kimikiss	Drama	Drama, Romance	13974	2007
Hatena Illusion	Comedy	Comedy, Romance, Supernatural	13971	2020
Gun x Sword	Action	Action, Adventure, Drama, Mecha, Sci-Fi	13965	2005
Genocidal Organ	Action	Action, Psychological, Sci-Fi	13948	2017
Maburaho	Comedy	Comedy, Drama, Ecchi, Romance	13944	2003
Jingai-san no Yome	Comedy	Comedy, Fantasy, Romance, Slice of Life	13938	2018
Little Busters!: EX	Comedy	Comedy, Drama, Romance, Slice of Life, Supernatural	13936	2014
The Knight in the Area	Comedy	Comedy, Sports	13918	2012
Kanon	Drama	Drama, Romance, Slice of Life, Supernatural	13913	2002
Gal & Dino	Comedy	Comedy, Slice of Life	13894	2020
Vandread	Action	Action, Comedy, Mecha, Romance, Sci-Fi	13885	2000
Dragon Ball Z Kai: Peace for the Future! The Spirit of Goku is Forever	Action	Action, Comedy	13881	2011
Full-Time Magister S3	Action	Action, Fantasy	13853	
One Piece: Episode of Merry - The Tale of One More Friend	Action	Action, Adventure, Comedy, Drama, Fantasy	13841	2013
Roujin Z	Action	Action, Comedy, Drama, Mecha, Sci-Fi	13840	1991
NIGHT HEAD 2041	Drama	Drama, Mystery, Psychological, Sci-Fi, Supernatural	13835	2021
Hackadoll the Animation	Comedy	Comedy, Ecchi	13821	2015
Outburst Dreamer Boys (TV)	Comedy	Comedy, Slice of Life	13792	2019
Cheer Boys!!	Slice of Life	Slice of Life, Sports	13790	2016
Yowamushi Pedal Glory Line	Drama	Drama, Sports	13785	2018
Sukitte Ii na yo.: Dareka ga	Romance	Romance	13783	2013
Dragon Ball: The Path to Power	Action	Action, Adventure, Comedy, Sci-Fi	13783	1996
Re:PETIT ~Re: Starting Life in Another World From PETIT~	Adventure	Adventure, Comedy, Fantasy	13780	2016
Planetarian: Storyteller of the Stars	Drama	Drama, Fantasy, Sci-Fi	13772	2016
Love You Baby	Comedy	Comedy, Drama, Romance	13772	2004
CHRONOS RULER	Action	Action, Drama, Supernatural	13771	2017
Dragon Ball: Sleeping Princess in Devil's Castle	Action	Action, Adventure, Comedy, Supernatural	13770	1987
Pokémon the Movie: Hoopa and the Clash of Ages	Action	Action, Adventure, Fantasy	13764	2015
Rakshasa Street	Action	Action, Drama, Supernatural	13747	
Crossing Time	Comedy	Comedy, Slice of Life	13738	2018
Case Closed: The Last Wizard of the Century	Adventure	Adventure, Mystery	13727	1999
Mobile Suit Gundam 00 the Movie: A Wakening of the Trailblazer	Action	Action, Mecha, Sci-Fi	13722	2010
Case Closed: The Fourteenth Target	Adventure	Adventure, Mystery	13719	1998
He is My Master	Comedy	Comedy, Ecchi, Slice of Life	13711	2005
Toaru Kagaku no Railgun: Motto Marutto Railgun	Comedy	Comedy	13701	2010
Mob Psycho mini	Comedy	Comedy	13651	2016
Magia Record: Puella Magi Madoka Magica Side Story Final Season -Dawn of a Shallow Dream-	Drama	Drama, Mahou Shoujo, Psychological, Thriller	13643	2022
Carnival Phantasm EX Season	Comedy	Comedy, Supernatural	13632	2011
Mr. Osomatsu 2nd season	Comedy	Comedy, Slice of Life	13626	2017
Manga Café Mishaps	Hentai	Hentai	13623	2015
Inazuma Eleven Go: Galaxy	Sci-Fi	Sci-Fi, Sports, Supernatural	13623	2013
AKB0048	Drama	Drama, Music, Sci-Fi	13619	2012
Emma: A Victorian Romance	Drama	Drama, Romance, Slice of Life	13597	2005
Lupin the 3rd Part V	Action	Action, Adventure, Comedy	13589	2018
Blade of the Immortal	Action	Action, Adventure, Supernatural	13583	2008
Biaoren	Action	Action, Adventure, Drama	13576	
Sacred Seven	Action	Action, Sci-Fi	13568	2011
Mouryou no Hako	Mystery	Mystery, Supernatural, Thriller	13546	2008
Pokémon BW: Adventures in Unova and Beyond	Action	Action, Adventure, Comedy, Fantasy	13545	2013
Girls und Panzer das Finale – Part 2	Action	Action, Sports	13542	2019
The Book of Bantorra	Action	Action, Fantasy	13537	2009
Fate/kaleid liner Prisma☆Illya: Licht Nameless Girl	Action	Action, Drama, Fantasy, Mahou Shoujo	13525	2021
Toward the Terra (TV)	Action	Action, Drama, Sci-Fi	13525	2007
Kawaki wo Ameku	None		13515	
Maria†Holic Alive	Comedy	Comedy	13512	2011
Bakugan: New Vestroia	Action	Action, Adventure, Fantasy, Mecha, Sci-Fi	13501	2009
Dropkick on My Devil!!! X	Comedy	Comedy, Slice of Life, Supernatural	13493	2022
Mobile Police Patlabor 2: The Movie	Drama	Drama, Mecha, Mystery, Sci-Fi	13480	1993
Durarara!! X2 The Second Arc: Onoroke Chakapoko	Action	Action, Mystery, Supernatural	13474	2015
VLAD LOVE	Comedy	Comedy, Supernatural	13464	2021
Kino no Tabi: the Beautiful World - Byouki no Kuni: For You	Adventure	Adventure, Drama, Fantasy	13448	2007
Saiki Kusuo no Ψ-nan (ONA)	Slice of Life	Slice of Life, Supernatural	13447	2013
Stella Women's Academy, High School Division Class C3	Slice of Life	Slice of Life, Sports	13444	2013
Chronicles of the Going Home Club	Comedy	Comedy, Slice of Life	13437	2013
Boku no Hero Academia THE MOVIE: World Heroes' Mission - Tabidachi	Action	Action, Comedy	13408	2022
Big Fish & Begonia	Adventure	Adventure, Drama, Romance, Supernatural	13406	
Mobile Suit Gundam 0083: Stardust Memory	Adventure	Adventure, Drama, Mecha, Sci-Fi	13400	1991
KAKUSHIGOTO Theatrical Edition	Comedy	Comedy, Slice of Life	13385	2021
One Piece: Episode of East Blue	Action	Action, Adventure, Drama	13378	2017
Minami-ke: Okawari	Comedy	Comedy, Slice of Life	13365	2008
No Zo Ki A Na	Comedy	Comedy, Drama, Ecchi, Romance	13364	2013
Kingsglaive Final Fantasy XV	Action	Action, Adventure, Drama, Fantasy, Sci-Fi	13361	2016
Nobunagun	Action	Action, Comedy, Sci-Fi	13353	2014
Kamisama Dolls	Action	Action, Supernatural	13352	2011
Shingeki no Kyojin: Chimi Kyara Gekijou - Rivai-han Part 2	Comedy	Comedy, Fantasy	13347	2019
Takunomi	Comedy	Comedy, Slice of Life	13338	2018
Kuroko's Basketball Specials	Comedy	Comedy, Sports	13331	2012
Blassreiter	Action	Action, Mecha, Sci-Fi	13322	2008
Tears to Tiara	Action	Action, Adventure, Fantasy	13317	2009
IS: Infinite Stratos 2 - Hitonatsu no Omoide	Action	Action, Comedy, Ecchi, Mecha, Romance, Sci-Fi	13309	2013
Sailor Moon R: The Movie	Action	Action, Drama, Fantasy, Mahou Shoujo, Romance	13305	1993
Holo no Graffiti	Action	Action, Adventure, Comedy	13296	2019
Noblesse: The Beginning of Destruction	Action	Action, Adventure, Supernatural	13285	
SPRIGGAN	Action	Action, Adventure, Sci-Fi	13280	1998
Wizard Barristers	Action	Action, Fantasy, Mecha	13277	2014
Magic-Kyun! Renaissance	Music	Music, Romance	13273	2016
Major S2	Comedy	Comedy, Drama, Sports	13273	2006
Tamayura: Hitotose	Comedy	Comedy, Slice of Life	13266	2011
Nobunaga Concerto	Comedy	Comedy, Romance	13265	2014
To LOVE-Ru: Multiplication - Mae kara Ushiro kara	Comedy	Comedy, Ecchi, Sci-Fi	13258	2017
Pokémon the Movie: White—Victini and Zekrom	Action	Action, Adventure, Comedy, Fantasy	13253	2011
My Girlfriend is Shobitch OVA	Comedy	Comedy, Ecchi, Romance	13195	2018
Armor Shop for Ladies & Gentlemen	Comedy	Comedy, Ecchi, Fantasy	13191	2018
Beyond the Boundary: Mini Theater	Slice of Life	Slice of Life, Supernatural	13177	2014
Lupin III: The First	Action	Action, Adventure, Mystery	13153	2019
Wakaba＊Girl	Comedy	Comedy, Slice of Life	13149	2015
Samurai X: Reflection	Drama	Drama, Romance	13145	2001
Giant Killing	Drama	Drama, Sports	13134	2010
Special 7: Special Crime Investigation Unit	Action	Action, Drama, Mystery, Psychological	13126	2019
Please☆Twins!	Comedy	Comedy, Drama, Romance	13114	2003
Blood Blockade Battlefront: King of Kings Restaurant Fit for a King	Action	Action, Comedy, Supernatural	13095	2016
Lupin the IIIrd: Goemon's Blood Spray	Action	Action, Adventure, Comedy, Drama	13057	2017
NARUTO: THE CROSS ROADS	Action	Action, Adventure, Comedy	13057	2009
Case Closed: Captured In Her Eyes	Adventure	Adventure, Drama, Mystery	13049	2000
Waiting in the Summer OVA	Comedy	Comedy, Drama, Romance, Sci-Fi, Slice of Life	13048	2014
Minami-ke Tadaima	Comedy	Comedy, Slice of Life	13038	2013
Hybrid Child	Drama	Drama	13036	2014
One Piece: Romance Dawn Story	Action	Action, Comedy, Fantasy	13034	2008
Pokémon the Movie: The Power of Us	Action	Action, Adventure, Fantasy	13022	2018
Chidori RSC	Comedy	Comedy, Slice of Life, Sports	13020	2019
Amagami SS: Sister	Comedy	Comedy, Slice of Life	13014	2011
Strike the Blood FINAL	Action	Action, Ecchi, Fantasy, Supernatural	13009	2022
My Wife is the Student Council President OVA	Comedy	Comedy, Ecchi	13006	2016
Tsubasa: Tokyo Revelations	Adventure	Adventure, Drama, Fantasy, Romance	13003	2007
Miss Shachiku and the Little Baby Ghost	Comedy	Comedy, Slice of Life, Supernatural	12988	2022
Hamtaro	Adventure	Adventure, Comedy, Slice of Life	12960	2000
The Silver Guardian 2	Action	Action, Comedy, Fantasy, Supernatural	12954	2018
Ooya-san wa Shishunki!	Comedy	Comedy, Slice of Life	12952	2016
Mobile Suit Gundam II: Soldiers of Sorrow	Action	Action, Drama, Mecha, Sci-Fi	12948	1981
Active Raid	Action	Action, Mecha	12940	2016
Mikakunin de Shinkoukei: Kamo Nikutte Midori-ppoi Aji ga suru no ne.	Comedy	Comedy, Romance, Slice of Life	12936	2014
One Piece 3D: Mugiwara Chase	Action	Action, Adventure, Comedy, Fantasy	12921	2011
Fairy gone Season 2	Action	Action, Adventure, Drama, Fantasy, Supernatural	12918	2019
Dragon Ball: Mystical Adventure	Action	Action, Adventure, Comedy, Sci-Fi	12917	1988
Kyou no Asuka Show	Comedy	Comedy, Ecchi	12908	2012
The Seven Deadly Sins: Grudge of Edinburgh Part 1	Action	Action, Adventure, Comedy, Fantasy	12902	2022
GIRLS Bravo: second season	Comedy	Comedy, Ecchi, Romance	12900	2005
Gintama: Jump Festa 2008 Special	Action	Action, Comedy, Sci-Fi	12885	2009
Digimon Adventure tri. Chapter 5: Coexistance	Action	Action, Adventure, Drama, Fantasy, Sci-Fi	12884	2017
Case Closed: Countdown to Heaven	Mystery	Mystery	12882	2001
Beyblade V-Force	Action	Action, Adventure, Comedy, Sci-Fi, Sports	12858	2002
Dirty Pair	Action	Action, Adventure, Comedy, Ecchi, Sci-Fi	12856	1985
The Kawai Complex Guide to Manors and Hostel Behavior: First Time	Comedy	Comedy, Romance, Slice of Life	12847	2015
Frankenstein Family	Sci-Fi	Sci-Fi, Slice of Life, Supernatural	12840	
LOVE STAGE!!: Chotto ja Nakutte	Comedy	Comedy, Romance	12838	2014
Show Me Your Panties While You Give Me That Disgusted Look! 2	Ecchi	Ecchi	12824	2019
Genshiken Second Generation	Comedy	Comedy, Slice of Life	12822	2013
Gakuen Handsome	Comedy	Comedy, Romance	12815	2016
Ace Attorney Season 2	Comedy	Comedy, Drama, Mystery, Supernatural	12811	2018
Doraemon	Comedy	Comedy, Sci-Fi	12809	1979
AKIRA (Shin Anime)	Action	Action, Drama, Horror, Psychological, Sci-Fi, Supernatural	12803	
Magic of Stella	Comedy	Comedy, Slice of Life	12793	2016
Fate/kaleid liner Prisma☆Illya 2wei! OVA	Action	Action, Comedy, Ecchi, Fantasy, Mahou Shoujo	12783	2015
Cardcaptor Sakura: Clear Card Prologue – Sakura and the Two Bears	Adventure	Adventure, Comedy, Fantasy, Mahou Shoujo, Romance	12782	2017
Senyuu. 2	Action	Action, Comedy, Fantasy	12782	2013
Love All Play	Sports	Sports	12777	2022
PERSONA5 the Animation: Dark Sun...	Action	Action, Fantasy, Supernatural	12766	2018
Sound! Euphonium Shorts	Comedy	Comedy, Music, Slice of Life	12762	2015
Detective Opera Milky Holmes	Comedy	Comedy, Mystery	12720	2010
Bayonetta: Bloody Fate	Action	Action, Fantasy, Supernatural	12718	2013
Croisée in a Foreign Labyrinth ~ The Animation	Slice of Life	Slice of Life	12717	2011
Kabaneri of the Iron Fortress: Light That Gathers	Action	Action, Drama, Fantasy, Horror, Supernatural	12702	2016
Kara no Kyoukai Remix: Gate of seventh heaven	Action	Action, Mystery, Romance, Thriller	12695	2009
Heartcatch Precure!	Action	Action, Comedy, Drama, Fantasy, Mahou Shoujo	12688	2010
Romeo's Blue Skies	Adventure	Adventure, Drama, Slice of Life	12676	1995
Major S3	Drama	Drama, Sports	12673	2007
Miru Tights: Cosplay Satsuei Tights	Ecchi	Ecchi, Slice of Life	12669	2019
Mobile Suit Gundam III: Encounters in Space	Action	Action, Drama, Mecha, Sci-Fi	12661	1982
Manie Manie: Neo Tokyo	Adventure	Adventure, Fantasy, Horror, Sci-Fi, Supernatural	12656	1987
Pokémon the Movie: Kyurem VS. The Sword of Justice	Action	Action, Adventure, Comedy, Fantasy	12651	2012
Corpse Princess: Kuro	Action	Action, Drama, Horror, Supernatural	12648	2009
Sasaki and Miyano: A Tiny Episode From Before He Realized His Feelings	Comedy	Comedy, Romance, Slice of Life	12647	2022
Isekai Cheat Magician: Magicians and the Starry Night Festival	Action	Action, Adventure, Fantasy	12643	2021
Asa Made Jugyou Chu!	Comedy	Comedy, Ecchi, Romance	12635	2012
Minami-ke: Okaeri	Comedy	Comedy, Slice of Life	12632	2009
Maerchen Maedchen	Fantasy	Fantasy, Mahou Shoujo	12628	2018
What She Fell on Was the Tip of My Dick	Comedy	Comedy, Hentai	12612	2018
Aria the Scarlet Ammo Special	Action	Action, Comedy, Romance	12609	2011
K: SEVEN STORIES "R:B - BLAZE -"	Action	Action, Supernatural	12600	2018
Major S5	Comedy	Comedy, Drama, Romance, Sports	12598	2009
Another World	Sci-Fi	Sci-Fi	12586	2019
Phantom in the Twilight	Action	Action, Romance, Supernatural	12586	2018
Disney Twisted-Wonderland: THE ANIMATION  - Season 1: EPISODE of HEARTSLABYUL	Adventure	Adventure, Fantasy	12562	2025
D.C.~Da Capo~	Drama	Drama, Romance	12556	2003
Tenkuu Danzai Skelter Heaven	Action	Action, Mecha, Sci-Fi	12548	2004
Arata: The Legend	Adventure	Adventure, Fantasy	12541	2013
Galilei Donna	Action	Action, Drama, Fantasy, Mystery, Sci-Fi	12530	2013
Locodol	Comedy	Comedy, Slice of Life	12529	2014
El Cazador de la Bruja	Adventure	Adventure, Drama, Mystery	12517	2007
Promare: Lio	Action	Action, Mecha, Sci-Fi	12481	2019
TAMAYOMI: The Baseball Girls	Slice of Life	Slice of Life, Sports	12481	2020
Promare: Galo	Action	Action, Comedy, Mecha, Sci-Fi	12481	2019
Hells	Action	Action, Adventure, Comedy, Drama, Fantasy, Horror	12474	2008
I Want to Deliver Your Voice	Drama	Drama, Music, Slice of Life	12472	2017
The Comic Artist and Assistants Specials	Comedy	Comedy, Ecchi	12468	2014
Fafner	Drama	Drama, Mecha, Sci-Fi	12453	2004
Miss Kobayashi's Dragon Maid S: Miniature Dragon EX	Comedy	Comedy, Slice of Life	12450	2021
Togainu no Chi	Action	Action, Sci-Fi	12445	2010
Grimm's Notes The Animation	Action	Action, Adventure, Fantasy	12438	2019
Pandora in the Crimson Shell Ghost Urn	Action	Action, Comedy, Ecchi, Sci-Fi	12437	2016
Blade Runner: Black Out 2022	Sci-Fi	Sci-Fi, Thriller	12415	2017
The Girl in Twilight	Action	Action, Adventure, Mahou Shoujo, Sci-Fi	12413	2018
Ninja Slayer from Animation	Action	Action, Sci-Fi	12407	2015
Engaged to the Unidentified: Mite. Are ga Watashitachi no Tomatteiru Ryokan yo.	Comedy	Comedy, Romance, Slice of Life	12403	2014
Danganronpa 3: Monokuma Gekijou	Comedy	Comedy	12400	2016
BLACK ROCK SHOOTER DAWN FALL	Action	Action, Sci-Fi	12399	2022
Girls und Panzer OVA	Action	Action, Slice of Life, Sports	12383	2013
Saint Seiya: The Lost Canvas 2	Action	Action, Adventure, Supernatural	12383	2011
Ikki Tousen: Dragon Destiny	Action	Action, Ecchi	12380	2007
Patlabor the Mobile Police	Comedy	Comedy, Mecha, Sci-Fi	12379	1989
THE IDOLM@STER CINDERELLA GIRLS	Comedy	Comedy, Music, Slice of Life	12371	2015
Shangri-la	Action	Action, Drama, Sci-Fi	12368	2009
Miss Monochrome - The Animation	Music	Music, Slice of Life	12338	2013
Amagami SS OVA	Romance	Romance	12329	2011
Yashahime: Princess Half-Demon - The Second Act	Action	Action, Adventure, Fantasy	12319	2021
ARIA The OVA ~ARIETTA~	Fantasy	Fantasy, Sci-Fi, Slice of Life	12319	2007
Hana Yori Dango (Boys Over Flowers)	Comedy	Comedy, Drama, Romance	12317	1996
WATATEN!: an Angel Flew Down to Me: You Never Let Us Down / Always Growing Closer / Let's Change You Into This! / I'm Your Big Sister	Comedy	Comedy, Slice of Life	12306	2019
Napping Princess	Action	Action, Adventure, Drama, Fantasy, Mecha, Sci-Fi	12301	2017
Black Jack	Action	Action, Adventure, Drama, Mystery, Supernatural	12299	1993
Last Period: the journey to the end of the despair	Action	Action, Adventure, Comedy, Fantasy	12297	2018
Ookami Shoujo to Kuro Ouji: Gishinanki – Happening kiss	Comedy	Comedy	12290	2015
Amagi Brilliant Park: Wakuwaku Mini Theater Rakugaki Backstage	Comedy	Comedy	12287	2015
Cannon Busters	Action	Action, Adventure, Fantasy, Mecha, Sci-Fi	12280	2019
Re: Cutie Honey	Action	Action, Comedy, Ecchi, Mahou Shoujo, Sci-Fi	12266	2004
Yuru Yuri,	Comedy	Comedy, Slice of Life	12265	2019
Digimon Adventure tri. Chapter 6: Our Future	Action	Action, Adventure, Drama, Fantasy, Sci-Fi	12248	2018
STAND BY ME Doraemon	Adventure	Adventure, Comedy, Fantasy	12242	2014
Digimon Adventure: Last Evolution Kizuna	Action	Action, Adventure, Drama, Fantasy, Sci-Fi	12234	2020
Dances with the Dragons	Action	Action, Drama, Fantasy, Sci-Fi	12223	2018
Million Arthur	Action	Action, Adventure, Comedy, Fantasy	12221	2018
Gintama: Jump Festa 2005 Special	Action	Action, Comedy, Sci-Fi	12220	2005
Eroge! Sex and Gamedev	Hentai	Hentai	12208	2011
Afro Samurai the Movie	Action	Action	12206	2007
Love, Chunibyo & Other Delusions! Rikka Version Lite	Comedy	Comedy	12204	2014
A Thirty-Year Old's Health and Physical Education	Comedy	Comedy, Ecchi, Romance, Supernatural	12204	2011
Medabots	Action	Action, Adventure, Comedy, Sci-Fi	12204	1999
Love Hina Again	Comedy	Comedy, Drama, Romance	12198	2002
Kimi ni Todoke 2nd Season Specials	Comedy	Comedy, Romance	12197	2011
Wangan Midnight	Action	Action, Sports	12190	2007
Lord El-Melloi II’s Case Files {Rail Zeppelin} Grace note -Special Episode-	Drama	Drama, Fantasy, Mystery	12183	2021
Tsuki ga Kirei Special	Comedy	Comedy, Romance, Slice of Life	12176	2017
Persona 4 the Animation: No One is Alone	Action	Action, Adventure, Mystery, Sci-Fi, Supernatural	12176	2012
Gingitsune: Messenger Fox of the Gods	Slice of Life	Slice of Life, Supernatural	12160	2013
Gunslinger Girl -Il Teatrino-	Action	Action, Drama, Sci-Fi	12147	2008
Cencoroll 2	Action	Action, Sci-Fi	12145	2019
The Morose Mononokean Ⅱ	Comedy	Comedy, Supernatural	12097	2019
Shugo Chara! Party!	Comedy	Comedy, Mahou Shoujo, Romance	12090	2009
Majestic Prince	Action	Action, Mecha, Sci-Fi	12088	2013
Kämpfer für die Liebe	Action	Action, Comedy, Ecchi	12088	2011
Fullmetal Alchemist: Premium OVA Collection	Comedy	Comedy, Fantasy	12079	2006
Tsurune: For Better or Worse	Drama	Drama, Slice of Life, Sports	12072	2019
Chi's Sweet Home	Comedy	Comedy, Slice of Life	12061	2008
Cagaster of an Insect Cage	Action	Action, Drama, Sci-Fi	12046	2020
Night on the Galactic Railroad	Drama	Drama, Fantasy, Mystery	12037	1985
The Legend of Hei	Action	Action, Adventure, Fantasy	12034	
Yingxiong Zailin	Action	Action, Fantasy, Sci-Fi	12033	
Inazuma Eleven Ares	Action	Action, Sports, Supernatural	12028	2018
Major S4	Comedy	Comedy, Drama, Sports	12019	2008
The Magnificent KOTOBUKI	Action	Action, Adventure	12010	2019
Tanaka-kun wa Kyou mo Kedaruge	Comedy	Comedy	11985	2016
Sumomomo Momomo: Chijou Saikyou no Yome	Action	Action, Comedy, Romance	11983	2006
AkaKill! Theater	Comedy	Comedy, Ecchi	11975	2014
Toaru Kagaku no Railgun: Entenka no Satsuei Model mo Raku ja Arimasen wa ne.	Comedy	Comedy, Ecchi	11965	2010
Haruka Nogizaka's Secret: Purezza	Comedy	Comedy, Ecchi, Romance	11963	2009
Black Blood Brothers	Action	Action, Comedy, Fantasy, Supernatural	11956	2006
Free! -Timeless Medley- The Promise	Slice of Life	Slice of Life, Sports	11941	2017
DIVE!!	Comedy	Comedy, Slice of Life, Sports	11937	2017
Wish Upon the Pleiades	Adventure	Adventure, Mahou Shoujo, Romance, Sci-Fi	11909	2015
Cowboy Bebop: Yoseatsume Blues	Action	Action, Adventure, Comedy, Drama, Sci-Fi	11904	1998
Ghost in the Shell: SAC_2045	Action	Action, Mystery, Sci-Fi	11903	2020
Natsu no Arashi!	Comedy	Comedy, Fantasy, Romance	11898	2009
Pokémon the Movie: Black—Victini and Reshiram	Action	Action, Adventure, Comedy, Fantasy	11889	2011
Kino no Tabi: the Beautiful World - Tou no Kuni: Free Lance	Adventure	Adventure, Fantasy, Psychological	11887	2005
You're Under Arrest!	Action	Action, Comedy	11887	1994
Dragonaut -THE RESONANCE-	Action	Action, Drama, Fantasy, Mecha, Romance, Sci-Fi	11868	2007
Nisekoimonogatari	Comedy	Comedy	11864	2015
All Saints Street	Comedy	Comedy, Fantasy, Slice of Life, Supernatural	11857	
The Price of Smiles	Drama	Drama, Fantasy, Mecha, Slice of Life	11853	2019
Magical Girl Lyrical Nanoha StrikerS	Action	Action, Comedy, Drama, Fantasy, Mahou Shoujo	11851	2007
Sugar Sugar Rune	Adventure	Adventure, Comedy, Drama, Fantasy, Mahou Shoujo, Romance, Slice of Life	11849	2005
xxxHOLiC Shunmuki	Comedy	Comedy, Drama, Mystery, Psychological, Supernatural	11822	2009
One Piece: Defeat the Pirate Ganzack!	Adventure	Adventure, Comedy, Fantasy	11821	1998
Infinite Ryvius	Drama	Drama, Mecha, Psychological, Sci-Fi	11813	1999
Birdy the Mighty: Decode 02	Action	Action, Comedy, Sci-Fi	11795	2009
LOVE and LIES OVA	Drama	Drama, Romance	11793	2018
Goodbye, Don Glees!	Adventure	Adventure, Comedy, Drama	11771	2022
Typhoon Noruda	Drama	Drama, Sci-Fi, Supernatural	11762	2015
Flame of Recca	Action	Action, Adventure	11762	1997
The Slayers Next	Adventure	Adventure, Comedy, Fantasy	11750	1996
Twittering Birds Never Fly: The Clouds Gather	Drama	Drama, Romance	11748	2020
Fate/Kaleid liner Prisma Illya 2wei! Kanzen Shinsaku Short Anime	Comedy	Comedy, Ecchi, Mahou Shoujo	11748	2014
Heidi, Girl of the Alps	Drama	Drama, Slice of Life	11747	1974
Devilman	Action	Action, Fantasy, Horror, Supernatural	11723	1972
Tayutama: Kiss on my Deity	Romance	Romance, Supernatural	11712	2009
Case Closed: Magician of the Silver Sky	Adventure	Adventure, Mystery	11707	2004
Case Closed: The Jet Black Chaser	Action	Action, Drama, Mystery	11700	2009
Dragon Ball: Yo! Son Goku and His Friends Return!!	Action	Action, Adventure, Comedy	11695	2008
NARUTO: Soyokazeden - Naruto to Mashin to Mitsu no Onegai Dattebayo!!	Action	Action, Comedy	11693	2010
xxxHOLiC Rou	Mystery	Mystery, Psychological, Supernatural	11686	2010
Shounan Junai Gumi!	Action	Action, Comedy	11684	1994
Recorder and Randsell	Comedy	Comedy	11678	2012
On Your Mark	Drama	Drama, Sci-Fi	11673	
Legend of the Galactic Heroes: Overture to a New War	Action	Action, Drama, Sci-Fi	11671	1993
Okamikakushi ~ Masque of the Wolf	Action	Action, Horror, Mystery, Supernatural	11664	2010
Major S6	Comedy	Comedy, Drama, Sports	11656	2010
SENRAN KAGURA SHINOVI MASTER	Action	Action, Comedy, Ecchi	11645	2018
Shachibato! President, It's Time for Battle!	Action	Action, Adventure, Fantasy	11639	2020
Teekyuu 2	Comedy	Comedy, Slice of Life, Sports	11632	2013
Pokémon: The Mastermind of Mirage Pokémon	Action	Action, Adventure, Comedy, Fantasy, Sci-Fi	11626	2006
Mysterious Girlfriend X: Nazo no Natsu Matsuri	Ecchi	Ecchi, Mystery, Romance	11619	2012
Angel of Legend	Action	Action, Comedy	11617	1996
The Testament of Sister New Devil Loli Ero Succubus Maria no Characommentary Tsuki Hizou Eizou	Comedy	Comedy, Ecchi	11582	2015
Cardfight Vanguard	Action	Action, Adventure, Fantasy	11570	2011
Ghost in the Shell: Arise - Border:2 Ghost Whispers	Action	Action, Psychological, Sci-Fi	11564	2013
Otaku no Video	Comedy	Comedy, Drama, Mecha, Sci-Fi	11561	1991
Natsuiro Kiseki	Adventure	Adventure, Comedy, Slice of Life, Supernatural	11527	2012
Shakugan no Shana: The Movie	Action	Action, Adventure, Drama, Fantasy, Romance, Supernatural	11526	2007
A3! Season Spring & Summer	Comedy	Comedy, Drama	11522	2020
Pokémon: Twilight Wings	Adventure	Adventure, Drama, Fantasy, Slice of Life	11494	2020
M3: Sono Kuroki Hagane	Action	Action, Mecha, Psychological	11487	2014
Marmalade Boy	Comedy	Comedy, Drama, Romance, Slice of Life	11480	1994
Burst Angel	Adventure	Adventure, Comedy, Mecha, Sci-Fi	11480	2004
Otoboku: Maidens are Falling for Me	Comedy	Comedy, Drama, Romance, Slice of Life	11443	2006
Devils’ Line: Anytime Anywhere	Action	Action, Drama, Horror, Romance, Supernatural	11433	2018
One Piece: Episode of Luffy - Hand Island Adventure	Action	Action, Adventure, Comedy, Fantasy	11430	2012
180-byou de Kimi no Mimi wo Shiawase ni Dekiru ka?	Slice of Life	Slice of Life	11423	2021
BATTERY the animation	Drama	Drama, Slice of Life, Sports	11422	2016
Digimon Adventure 02: Revenge of Diaboromon	Action	Action, Adventure, Comedy, Drama, Sci-Fi	11412	2001
Love is Like a Cocktail Episode 14	Comedy	Comedy, Romance, Slice of Life	11395	2018
Yu☆Gi☆Oh! (Movie)	Adventure	Adventure, Comedy, Fantasy	11393	1999
Hakuoki ~Demon of the Fleeting Blossom~ Record of the Jade Blood	Action	Action, Drama, Supernatural	11392	2010
Theatre of Darkness: Yamishibai 2	Horror	Horror, Supernatural	11376	2014
Touch	Drama	Drama, Romance, Slice of Life, Sports	11366	1985
Vatican Miracle Examiner	Drama	Drama, Mystery, Supernatural	11360	2017
Lord of Vermilion: The Crimson King	Action	Action, Supernatural	11346	2018
kemurikusa.	Adventure	Adventure, Fantasy, Sci-Fi	11333	2019
MAGICAL CIRCLE GURU-GURU	Adventure	Adventure, Comedy, Fantasy	11332	2017
Oruchuban Ebichu	Comedy	Comedy, Ecchi, Slice of Life	11325	1999
Panty & Stocking in Sanitarybox	Action	Action, Comedy, Ecchi, Supernatural	11324	2011
Wakakozake	Slice of Life	Slice of Life	11321	2015
Yu-Gi-Oh! VRAINS	Action	Action, Mystery, Sci-Fi	11289	2017
One Piece: Adventure of Nebulandia	Action	Action, Adventure, Comedy, Drama, Fantasy	11283	2015
You're Under Arrest! (TV)	Action	Action, Comedy	11277	1996
Alice or Alice	Comedy	Comedy, Slice of Life	11273	2018
The Prince of Tennis II	Action	Action, Comedy, Sports	11273	2012
KanColle Movie	Action	Action, Sci-Fi	11266	2016
Jyu-Oh-Sei: Planet of the Beast King	Action	Action, Adventure, Drama, Mystery, Sci-Fi	11266	2006
A Kiss For The Petals - Joined in Love with You	Hentai	Hentai, Romance	11259	2010
One Room 3rd	Romance	Romance, Slice of Life	11258	2020
Hetalia: The Beautiful World	Comedy	Comedy	11252	2013
A Certain Magical Index Specials	Comedy	Comedy	11251	2009
Dropkick on My Devil! Episode 12	Comedy	Comedy, Slice of Life, Supernatural	11231	2018
Case Closed: The Lost Ship in the Sky	Action	Action, Mystery	11230	2010
Seven Days War	Action	Action, Comedy, Drama, Thriller	11221	2019
ONE PIECE: Yume no Soccer Ou!	Comedy	Comedy, Fantasy, Sports	11219	2002
Bonjour♪Sweet Love Patisserie	Comedy	Comedy, Romance, Slice of Life	11217	2014
Comical Psychosomatic Medicine	Comedy	Comedy, Psychological	11211	2015
Tower of Druaga: The Sword of Uruk	Adventure	Adventure, Fantasy	11209	2009
Nora, Princess, and Stray cat.	Comedy	Comedy, Ecchi	11208	2017
Natsume's Book of Friends Season 6 Specials	Drama	Drama, Fantasy, Slice of Life, Supernatural	11196	2017
URAHARA	Action	Action, Comedy, Fantasy, Mahou Shoujo, Psychological, Sci-Fi	11192	2017
Blue Reflection Ray	Drama	Drama, Fantasy, Mahou Shoujo, Psychological	11190	2021
NARUTO×UT	Action	Action, Comedy	11190	2011
Neuro: Supernatural Detective	Comedy	Comedy, Mystery, Supernatural	11189	2007
Kuroko no Basket: Oshaberi Shiyokka	Comedy	Comedy, Sports	11186	2012
Pingu in the City	Comedy	Comedy, Slice of Life	11184	2017
Overlord: Ple Ple Pleiades 2	Action	Action, Comedy, Fantasy	11182	2018
Initial D Legend 1: Awakening	Action	Action, Drama, Sports	11167	2014
Utawarerumono Mask of Truth	Action	Action, Drama, Fantasy, Sci-Fi	11164	2022
Free! the Final Stroke: The Second Volume	Drama	Drama, Sports	11161	2022
Free! -Road to the World- the Dream	Comedy	Comedy, Drama, Slice of Life, Sports	11157	2019
Devilman: The Birth	Action	Action, Fantasy, Horror, Sci-Fi, Supernatural	11143	1987
Ah My Buddha!!	Comedy	Comedy, Ecchi, Romance, Supernatural	11140	2005
I Couldn’t Become a Hero, So I Reluctantly Decided to Get a Job. OVA	Comedy	Comedy, Fantasy, Romance	11136	2014
Natsume's Book of Friends Season 5 Specials	Drama	Drama, Fantasy, Slice of Life, Supernatural	11131	2017
.hack//Roots	Adventure	Adventure, Drama, Fantasy, Sci-Fi	11121	2006
Hayate the Combat Butler: Can't Take My Eyes Off You	Comedy	Comedy	11111	2012
School Days: Valentine Days	Comedy	Comedy, Romance	11104	2008
K-ON! Season 2 Shorts	Comedy	Comedy	11098	2010
Lance N' Masques	Action	Action, Fantasy	11097	2015
Carnival Phantasm: HibiChika Special	Comedy	Comedy, Supernatural	11089	2012
DAKAICHI -I'm being harassed by the sexiest man of the year- the Movie: Spain Arc	Comedy	Comedy, Drama, Romance	11080	2021
Pico to Chico	Hentai	Hentai	11076	2007
WHITE ALBUM 2nd Season	Drama	Drama, Music, Romance	11074	2009
Fullmetal Alchemist: Brotherhood: 4-Koma Theater	Comedy	Comedy, Fantasy	11065	2009
ARIA The AVVENIRE	Fantasy	Fantasy, Sci-Fi, Slice of Life	11059	2016
Ikki Tousen: Great Guardians	Action	Action, Ecchi	11054	2008
One Piece: Episode of Skypiea	Action	Action, Adventure, Comedy, Drama, Fantasy	11050	2018
AIR GEAR: Kuro no Hane to Nemuri no Mori - Break on the Sky	Action	Action, Comedy, Ecchi, Sports	11049	2010
The Future Diary: Ura Mirai Nikki	Action	Action, Comedy, Mystery, Psychological, Supernatural	11045	2012
Full Metal Panic! The Second Raid: A Relatively Leisurely Day in the Life of a Fleet Captain	Comedy	Comedy	11032	2006
Dragon Ball: Plan to Eradicate the Super Saiyans	Adventure	Adventure, Sci-Fi	11025	2010
Sound! Euphonium The Movie — May the melody reach you! —	Drama	Drama, Music, Slice of Life	10992	2017
Saint Seiya: The Hades Chapter - Sanctuary	Adventure	Adventure, Sci-Fi	10981	2002
Girl Friend BETA	Slice of Life	Slice of Life	10973	2014
The Master of Killing Time OVA	Comedy	Comedy	10973	2014
xxxHOLiC - A Midsummer Night's Dream	Comedy	Comedy, Drama, Horror, Mystery, Psychological, Supernatural	10969	2005
RobiHachi	Adventure	Adventure, Comedy, Mecha, Sci-Fi	10953	2019
Ristorante Paradiso	Drama	Drama, Romance, Slice of Life	10953	2009
KIBA	Adventure	Adventure, Fantasy	10951	2006
Gargantia on the Verdurous Planet OVA	Action	Action, Mecha, Sci-Fi	10946	2013
A Certain Scientific Railgun S Specials	Comedy	Comedy, Sci-Fi	10943	2013
Wolf's Rain OVA	Adventure	Adventure, Drama, Psychological, Sci-Fi, Supernatural	10939	2004
Quanzhi Fashi 4	Action	Action, Fantasy	10938	
Case Closed: Crossroad in the Ancient Capital	Adventure	Adventure, Mystery	10932	2003
Fate/kaleid liner Prisma Illya 2wei Herz! Kanzen Shinsaku Short Anime	Comedy	Comedy, Ecchi, Mahou Shoujo	10923	2015
Le Chevalier D'Eon	Mystery	Mystery, Supernatural	10919	2006
GOTCHA!	Adventure	Adventure	10906	
Case Closed: Requiem of the Detectives	Mystery	Mystery	10899	2006
Captain Harlock Space Pirate	Action	Action, Adventure, Drama, Sci-Fi	10896	1978
AMAIM Warrior at the Borderline	Fantasy	Fantasy, Mecha, Sci-Fi	10895	2021
The Vampire Dies in No Time Season 2	Comedy	Comedy, Supernatural	10888	2023
Backwasher! -Her and I, in the Women's Bath!?-	Comedy	Comedy, Hentai, Romance	10888	2019
Shoujo Ramune	Hentai	Hentai	10882	2016
School Rumble Third Term	Comedy	Comedy, Romance, Slice of Life	10862	2008
La Corda D'Oro: Primo Passo	Comedy	Comedy, Drama, Music, Romance	10862	2006
Tenchi Muyo! Ryo-Ohki	Action	Action, Comedy, Sci-Fi	10858	1992
Naruto Shippuden: Konoha Gakuen - Special	Comedy	Comedy	10852	2008
Tanaka-kun is Always Listless Shorts	Comedy	Comedy, Slice of Life	10843	2016
Tengen Toppa Gurren Lagann: Ore no Gurren wa Pikka-Pika!!	Action	Action, Adventure, Comedy, Mecha, Sci-Fi	10835	2007
Dragon Ball Z: Plan to Destroy the Saiyans	Adventure	Adventure, Comedy, Sci-Fi	10835	1993
Re:Zero kara Hajimeru Kyuukei Jikan (Break Time) 2nd Season	Adventure	Adventure, Comedy, Fantasy	10832	2020
Girls und Panzer das Finale – Part 3	Action	Action, Sports	10810	2021
Take My Brother Away! 3	Comedy	Comedy, Slice of Life	10803	2019
Simoun	Drama	Drama, Fantasy, Romance	10795	2006
Demon Father	Hentai	Hentai	10792	2009
MAGATSU WAHRHEIT	Action	Action, Fantasy	10782	2020
Yu-Gi-Oh! ZEXAL II	Action	Action, Fantasy	10782	2012
Ane wa Yanmama Junyuu-chuu	Hentai	Hentai	10778	2020
Rail Romanesque	Slice of Life	Slice of Life	10772	2020
Blood Blockade Battlefront & Beyond OVA	Action	Action, Comedy, Supernatural	10744	2018
IDOLiSH7 Second BEAT!	Comedy	Comedy, Drama, Music, Psychological	10740	2020
My Matchmaking Partner Is My Student, An Aggressive Troublemaker	Ecchi	Ecchi, Hentai, Romance	10740	2017
Lupin the 3rd Part 2	Action	Action, Adventure, Comedy, Mystery	10729	1977
Rage of Bahamut: Genesis - Short Story	Action	Action, Adventure, Fantasy, Supernatural	10710	2017
Aesthetica of a Rogue Hero Specials	Comedy	Comedy, Ecchi	10703	2012
Oh! My Goddess	Comedy	Comedy, Drama, Romance, Supernatural	10700	1993
WAVE!! -Let's go surfing!!- (TV)	Slice of Life	Slice of Life, Sports	10694	2021
Mobile Suit Gundam F91	Drama	Drama, Mecha, Sci-Fi	10692	1991
Black Clover: Jump Festa 2016 Special	Action	Action, Comedy, Fantasy	10689	2016
Yozakura Quartet: Hoshi no Umi	Action	Action, Comedy, Supernatural	10673	2010
Digimon: Hurricane Touchdown	Action	Action, Adventure, Fantasy, Sci-Fi	10669	2000
Hidden Leaf Village Grand Sports Festival	Action	Action, Comedy, Fantasy	10668	2004
Gokinjo Monogatari	Comedy	Comedy, Drama, Romance, Slice of Life	10668	1995
Spiritpact -Bond of The Underworld-	Action	Action, Comedy, Supernatural	10641	
NAKAIMO - My Little Sister Is Among Them!: Ani, Imouto, Koibito	Comedy	Comedy, Ecchi, Romance	10640	2013
Military!	Comedy	Comedy, Ecchi	10635	2015
Zan Sayonara Zetsubou Sensei Bangaichi	Comedy	Comedy	10628	2009
Initial D Extra Stage 2	Action	Action, Drama, Sports	10616	2008
Gundam Build Fighters Try	Action	Action, Comedy, Mecha, Sci-Fi	10609	2014
Case Closed: Full Score of Fear	Music	Music, Mystery	10607	2008
The Tatami Galaxy Specials	Comedy	Comedy	10603	2010
Grisaia: Phantom Trigger THE ANIMATION - Stargazer	Action	Action	10602	2020
Encouragement of Climb Season 3	Adventure	Adventure, Comedy, Slice of Life	10589	2018
Hybrid x Heart Magias Academy Ataraxia Specials	Action	Action, Ecchi	10574	2016
HAIKYU!! - Special Feature! The Spring Tournament of Their Youth	Sports	Sports	10566	2017
Harlock: Space Pirate	Action	Action, Drama, Sci-Fi	10562	2013
Godzilla: City on the Edge of Battle	Action	Action, Mecha, Sci-Fi	10557	2018
Scar on the Praeter	Action	Action, Fantasy, Sci-Fi	10546	2021
Case Closed: Strategy Above the Depths	Adventure	Adventure, Comedy, Mystery	10544	2005
Genius Party	Action	Action, Fantasy, Mecha, Music, Psychological, Romance, Sci-Fi	10530	2007
Ghost in the Shell: Arise - Border:3 Ghost Tears	Action	Action, Psychological, Romance, Sci-Fi	10514	2014
Genocyber	Action	Action, Horror, Mecha, Psychological, Sci-Fi	10512	1994
Amanchu! ~Advance~	Comedy	Comedy, Slice of Life	10503	2018
elDLIVE	Action	Action, Sci-Fi	10500	2017
Blue Dragon	Adventure	Adventure, Comedy, Fantasy, Supernatural	10499	2007
Seitokai Yakuindomo Movie 2	Comedy	Comedy, Slice of Life	10478	2021
Sengoku Basara: Samurai Kings 2	Action	Action, Drama, Fantasy	10471	2010
Beyblade G Revolution	Action	Action, Adventure, Comedy, Sci-Fi, Sports	10461	2003
Captain Tsubasa	Action	Action, Sports	10450	2001
Code Geass: Hangyaku no Lelouch Picture Drama	Comedy	Comedy, Ecchi, Slice of Life	10448	2007
Karas	Action	Action, Fantasy, Sci-Fi	10444	2005
Digimon Fusion	Action	Action, Adventure, Comedy, Fantasy, Sci-Fi	10439	2010
Azumanga Daioh: The Very Short Movie	Comedy	Comedy, Slice of Life	10439	2001
Deiji Meets Girl	Slice of Life	Slice of Life, Supernatural	10433	2021
Nekopara OVA Extra	Comedy	Comedy, Romance, Slice of Life	10428	2018
Natsume Yuujinchou: Ishi Okoshi to Ayashiki Raihousha	Drama	Drama, Fantasy, Slice of Life, Supernatural	10426	2021
Sound! Euphonium The Movie: Welcome to the Kitauji High School Concert Band	Drama	Drama, Music, Slice of Life	10419	2016
Kuttsukiboshi	Drama	Drama, Ecchi, Romance, Supernatural	10418	2010
Legend of the Galactic Heroes: Die Neue These Second	Action	Action, Drama, Sci-Fi	10398	2019
Bakugan: Gundalian Invaders	Action	Action, Adventure, Fantasy, Sci-Fi	10396	2010
Genshiken OVA	Comedy	Comedy, Slice of Life	10393	2006
Letter Bee Reverse	Adventure	Adventure, Fantasy, Supernatural	10383	2010
Pretty Guardian Sailor Moon Eternal The Movie Part 1	Drama	Drama, Fantasy, Mahou Shoujo, Romance	10369	2021
Yatogame-chan Kansatsu Nikki	Comedy	Comedy, Slice of Life	10366	2019
DOUBLE DECKER! DOUG & KIRILL	Action	Action, Comedy, Mystery, Sci-Fi	10366	2018
Pokémon the Movie: Secrets of the Jungle	Action	Action, Adventure, Fantasy	10363	2020
Strike Witches: The Movie	Action	Action, Ecchi, Sci-Fi	10360	2012
RErideD - Derrida, who leaps through time	Action	Action, Drama, Sci-Fi	10357	2018
Ghost in the Shell: The New Movie	Action	Action, Mecha, Psychological, Sci-Fi	10353	2015
Broken Blade 2	Action	Action, Fantasy, Mecha	10347	2010
Kuroko's Basketball OVA	Sports	Sports	10343	2013
Hozuki’s Coolheadedness 2	Comedy	Comedy, Fantasy, Supernatural	10339	2017
Angelic Layer	Comedy	Comedy, Drama, Sci-Fi, Sports	10335	2001
Muromi-san	Comedy	Comedy, Ecchi, Slice of Life	10319	2013
Kyou kara Ore wa!!	Comedy	Comedy	10317	1993
Saki: The Nationals	Slice of Life	Slice of Life, Sports	10306	2014
Case Closed: Quarter of Silence	Adventure	Adventure, Comedy, Mystery	10304	2011
Quanzhi Gaoshou 3	Action	Action	10293	
The Gokusen	Comedy	Comedy, Drama, Slice of Life	10292	2004
Neppuu Kairiku Bushi Road	Action	Action, Fantasy, Mecha	10291	
Pico x CoCo x Chico	Hentai	Hentai	10279	2008
Kenichi: The Mightiest Disciple: The Attack of Darkness	Action	Action, Comedy	10272	2012
My Master Has No Tail	Comedy	Comedy, Fantasy, Slice of Life	10267	2022
Sekirei: Pure Engagement Special	Comedy	Comedy, Ecchi	10259	2010
PuraOre! ~Pride of Orange~	Music	Music, Slice of Life, Sports	10257	2021
Gargantia on the Verdurous Planet OVA (2014)	Action	Action, Adventure, Mecha, Sci-Fi	10255	2014
Yi Ren Zhi Xia 3	Action	Action, Drama, Mystery, Psychological, Supernatural	10243	
Girl Meets Girl	Comedy	Comedy, Drama, Romance, Slice of Life	10243	2006
Hakkenden: Eight Dogs of the East Season 2	Action	Action, Fantasy, Supernatural	10240	2013
Pokémon Evolutions	Action	Action, Fantasy	10239	2021
Chihayafuru 2: Waga Mi Yo ni Furu Nagame Seshi Ma ni	Comedy	Comedy, Slice of Life	10238	2013
Inukami!	Comedy	Comedy, Ecchi, Romance, Supernatural	10237	2006
Aishen Qiaokeli-ING... II	Action	Action, Comedy, Drama, Ecchi, Fantasy, Romance	10234	
Case Closed: The Eleventh Striker	Adventure	Adventure, Comedy, Mystery	10231	2012
Brynhildr in the Darkness OVA	Drama	Drama, Mystery, Sci-Fi	10224	2014
Pokémon the Movie: Volcanion and the Mechanical Marvel	Action	Action, Adventure, Fantasy	10215	2016
Marulk's Daily Life	Slice of Life	Slice of Life	10214	2020
My Next Life as a Villainess: All Routes Lead to Doom! X - I Met My Destined One...	Comedy	Comedy, Fantasy, Romance, Slice of Life	10212	2021
Appleseed (Movie)	Action	Action, Drama, Mecha, Sci-Fi	10207	2004
Prétear: The New Legend of Snow White	Comedy	Comedy, Drama, Fantasy, Mahou Shoujo, Romance	10197	2001
Love, Election and Chocolate OVA	Drama	Drama, Romance	10194	2013
Key the Metal Idol	Action	Action, Drama, Mecha, Music, Sci-Fi	10188	1994
Futsal Boys!!!!!	Sports	Sports	10187	2022
The Relative Worlds	Drama	Drama, Romance, Sci-Fi	10179	2019
ONE PIECE FILM: Z - GLORIOUS ISLAND	Action	Action, Adventure, Comedy, Fantasy	10178	2012
.hack//Legend Of The Twilight	Adventure	Adventure, Comedy, Fantasy, Sci-Fi	10176	2003
LAST HOPE	Mecha	Mecha, Sci-Fi	10173	2018
Saki -  Episode of Side A	Slice of Life	Slice of Life, Sports	10171	2012
Bible Black	Hentai	Hentai, Supernatural	10168	2001
Miss Hokusai	Drama	Drama, Supernatural	10166	2015
SHINEPOST	Music	Music	10156	2022
Libra of Nil Admirari	Romance	Romance, Supernatural	10140	2018
Nozo x Kimi	Comedy	Comedy, Ecchi, Romance	10139	2014
Sekirei Special	Comedy	Comedy, Ecchi, Slice of Life	10135	2009
Case Closed: Jolly Roger in the Deep Azure	Mystery	Mystery	10134	2007
Li'l Spider Girl	Supernatural	Supernatural	10114	2012
Sekai Ichi Hatsukoi - The World's Greatest First Love: The Case of Takafumi Yokozawa	Comedy	Comedy, Drama, Romance	10111	2014
Case Closed: The Sniper from Another Dimension	Action	Action, Comedy, Mystery	10109	2014
Oban Star-Racers	Adventure	Adventure, Mecha, Sci-Fi	10104	2006
Myriad Colors Phantom World: Limitless Phantom World	Comedy	Comedy, Fantasy, Supernatural	10102	2016
Birdy the Mighty	Action	Action, Sci-Fi	10092	1996
B-PROJECT	Drama	Drama, Music	10064	2016
Macross 7	Action	Action, Comedy, Drama, Mecha, Music, Sci-Fi	10050	1994
Girls und Panzer der Film: Arisu War!	Comedy	Comedy	10045	2016
Teekyuu 3	Comedy	Comedy, Sports	10045	2013
Madlax	Action	Action, Drama, Mystery, Psychological, Supernatural	10044	2004
Kuroko’s Basketball 2: Would You Mind Doing That Once More	Comedy	Comedy, Sports	10041	2014
Fate/Zero: Please! Einzbern Counseling Room	Comedy	Comedy	10030	2012
SENGOKU NIGHT BLOOD	Fantasy	Fantasy, Romance	10022	2017
Henkei Shoujo	Ecchi	Ecchi, Sci-Fi	10016	2017
Hidamari Sketch x 365	Comedy	Comedy, Slice of Life	10016	2008
Golden Kamuy OVA	Action	Action, Adventure	10012	2018
Giant Robo the Animation: The Day the Earth Stood Still	Action	Action, Mecha, Sci-Fi	10008	1992
Kanojo x Kanojo x Kanojo	Hentai	Hentai	10003	2009
Chaika -The Coffin Princess- OVA	Action	Action, Adventure, Comedy, Fantasy	10001	2015
Kamikaze Kaitou Jeanne	Action	Action, Adventure, Comedy, Drama, Fantasy, Mahou Shoujo, Mystery, Romance, Supernatural	10000	1999
Towanoquon: Eternal Quon	Action	Action, Sci-Fi, Supernatural	9996	2011
A Certain Scientific Railgun S: All the Important Things I Learned in a Bathhouse	Action	Action, Fantasy, Sci-Fi	9989	2014
Armored Trooper Votoms	Action	Action, Drama, Mecha, Mystery, Romance, Sci-Fi	9985	1983
The Stories of Girls Who Couldn't Be Magicians	Fantasy	Fantasy	9976	2024
GJ-bu@	Comedy	Comedy, Slice of Life	9954	2014
Garakowa -Restore the World-	Drama	Drama, Mahou Shoujo, Mystery, Sci-Fi	9952	2016
Hyouge Mono	Comedy	Comedy, Drama	9945	2011
A Predator in a Skirt	Ecchi	Ecchi, Hentai, Romance	9944	2017
Psychic Squad	Action	Action, Comedy, Sci-Fi	9940	2008
Tales of Zestiria: Dawn of the Shepherd	Action	Action, Fantasy	9928	2014
Cyclops Shoujo Saipuu	Comedy	Comedy, Ecchi, Slice of Life	9928	2013
Tamako Market Specials	Comedy	Comedy	9921	2013
Armitage III	Action	Action, Adventure, Mecha, Romance, Sci-Fi	9921	1995
Hakuoki ~Demon of the Fleeting Blossom~ Dawn of the Shinsengumi	Action	Action, Drama, Supernatural	9917	2012
Cat Planet Cuties: Come Drop By	Comedy	Comedy, Ecchi, Romance, Sci-Fi	9916	2011
Wo de Tian Jie Nüyou	Action	Action, Fantasy, Romance	9911	
This Ugly Yet Beautiful World	Comedy	Comedy, Drama, Romance, Sci-Fi	9911	2004
Lupin the IIIrd: Jigen's Gravestone	Action	Action, Adventure, Comedy, Drama	9909	2014
Hakubo	Drama	Drama, Romance	9908	2019
Hen Zemi (TV)	Comedy	Comedy, Ecchi	9900	2011
After War Gundam X	Adventure	Adventure, Drama, Mecha, Sci-Fi	9896	1996
Scissor Seven Extras	Action	Action, Comedy, Mystery	9893	
Gundam: Reconguista in G	Action	Action, Mecha, Sci-Fi	9892	2014
Princess Princess	Comedy	Comedy	9888	2006
Cyber City Oedo 808	Action	Action, Adventure, Sci-Fi	9885	1990
Broken Blade 3	Action	Action, Fantasy, Mecha	9881	2010
Sailor Moon S Movie: Hearts in Ice	Action	Action, Adventure, Comedy, Drama, Fantasy, Mahou Shoujo, Romance	9874	1994
Ashita no Nadja	Adventure	Adventure, Drama, Romance	9866	2003
Orphen	Action	Action, Adventure, Comedy, Fantasy	9866	1998
Queen's Blade 2: The Evil Eye	Action	Action, Adventure, Ecchi, Fantasy	9864	2009
Uta no Prince Sama Revolutions	Comedy	Comedy, Music, Romance	9863	2015
Yuru Camp△ SEASON 2 OVA	Comedy	Comedy, Slice of Life	9858	2021
MOBILE SUIT GUNDAM UNICORN RE:0096	Action	Action, Drama, Mecha, Sci-Fi	9857	2016
OniAi Specials	Comedy	Comedy, Ecchi, Romance	9853	2013
WATATEN!: an Angel Flew Down to Me -Precious Friends-	Comedy	Comedy, Slice of Life	9847	2022
Modest Heroes: Ponoc Short Films Theatre, Volume 1	Action	Action, Adventure, Drama, Fantasy	9844	2018
Robot Carnival	Action	Action, Adventure, Comedy, Drama, Fantasy, Mecha, Sci-Fi	9837	1987
AJIN: Demi-Human -Compel-	Action	Action, Horror, Mystery, Supernatural	9834	2015
Pokémon: Pikachu and Pichu	Adventure	Adventure, Comedy, Fantasy	9825	2000
Kanokon: Manatsu no Dai Shanikusai	Ecchi	Ecchi, Romance, Slice of Life	9822	2009
My Bride is a Mermaid OVA	Comedy	Comedy, Romance	9821	2008
Puella Magi Madoka Magica Concept Movie	Drama	Drama, Mahou Shoujo, Psychological, Thriller	9812	2015
One Piece: Django's Dance Carnival	Comedy	Comedy, Fantasy	9804	2001
Saiyuki	Adventure	Adventure, Comedy, Drama, Supernatural	9791	2000
Macross Zero	Action	Action, Adventure, Drama, Mecha, Romance, Sci-Fi	9773	2002
Gintama': Futon ni Haitte kara Buki Nokoshi ni Kizuite Neru ni Nerenai Toki mo Aru	Action	Action, Comedy, Sci-Fi	9769	2014
Powerpuff Girls Z	Action	Action, Comedy, Mahou Shoujo, Sci-Fi	9740	2006
Saint Seiya: The Hades Chapter - Inferno	Action	Action, Adventure, Fantasy, Sci-Fi	9732	2005
Is the Order a Rabbit?? ～Sing For You～	Comedy	Comedy, Slice of Life	9726	2019
Case Closed: The Darkest Nightmare	Action	Action, Mystery	9722	2016
Mobile Suit Gundam Wing: Endless Waltz	Action	Action, Drama, Mecha, Sci-Fi	9719	1998
Oh! My Goddess: Flights of Fancy	Comedy	Comedy, Romance, Supernatural	9709	2006
Ane Log: Big Sister Moyako's Never-ending Monologue	Comedy	Comedy, Ecchi, Slice of Life	9707	2014
Pan de Peace!	Comedy	Comedy, Slice of Life	9702	2016
Shinmai Maou no Testament: BURST Specials	Comedy	Comedy, Ecchi	9701	2016
Witch Craft Works OVA	Action	Action, Fantasy, Supernatural	9698	2015
Ghost in the Shell: Arise - Border:4 Ghost Stands Alone	Action	Action, Psychological, Sci-Fi	9689	2014
Demon King Daimaou Specials	Comedy	Comedy, Ecchi, Fantasy	9689	2010
World War Blue	Action	Action, Adventure, Ecchi, Fantasy	9684	2012
ONIHEI	Drama	Drama	9680	2017
Giovanni's Island	Drama	Drama	9678	2014
Papa no Iukoto wo Kikinasai!: Pokkapoka	Comedy	Comedy, Romance, Slice of Life	9678	2012
Concrete Revolutio: THE LAST SONG	Action	Action, Mecha, Sci-Fi	9670	2016
Non Non Biyori Nonstop: Our Club Worked Hard	Comedy	Comedy, Slice of Life	9657	2022
Uma Musume: BNW no Chikai	Slice of Life	Slice of Life, Sports	9657	2018
Shitcom	Comedy	Comedy, Romance	9643	2012
One Piece - Episode of Sabo: Bond of Three Brothers - A Miraculous Reunion and an Inherited Will	Action	Action, Adventure, Comedy, Drama	9641	2015
Cinderella Nine	Slice of Life	Slice of Life, Sports	9636	2019
Case Closed: Sunflowers of Inferno	Action	Action, Mystery	9635	2015
Say "I love you". Specials	Romance	Romance	9634	2013
Shagahai ReLIFE Kenkyuujo Support-ka	Slice of Life	Slice of Life	9610	2018
Yesterday wo Utatte Extras	Drama	Drama, Romance, Slice of Life	9604	2020
Broken Blade 4	Action	Action, Fantasy, Mecha	9602	2010
Baka and Test - Summon the Beasts Specials	Comedy	Comedy, Slice of Life	9602	2010
Show By Rock!!#	Comedy	Comedy, Fantasy, Music	9585	2016
Riddle Story of Devil Special	Action	Action	9585	2014
Ajin OVA	Action	Action, Horror, Mystery, Supernatural	9584	2016
Fate/kaleid liner Prisma☆Illya: Prisma☆Phantasm	Action	Action, Comedy, Fantasy, Mahou Shoujo	9577	2019
Beyblade Burst	Action	Action, Sci-Fi, Sports	9572	2016
Yuki Yuna is a Hero: The Great Mankai Chapter	Action	Action, Drama, Fantasy, Mahou Shoujo, Psychological	9564	2021
Null & Peta	Comedy	Comedy, Sci-Fi, Slice of Life	9558	2019
Golgo 13 (TV)	Action	Action, Drama, Thriller	9557	2008
Strike the Blood: Kieta Seisou-hen	Action	Action, Ecchi, Fantasy, Supernatural	9545	2020
School Rumble OVA	Comedy	Comedy, Romance	9525	2005
Black Clover: The All Magic Knights Thanksgiving Festa	Comedy	Comedy, Fantasy	9523	2018
Hayate the Combat Butler: Cuties	Comedy	Comedy, Romance	9519	2013
Saint Seiya Omega	Action	Action, Adventure, Fantasy	9518	2012
Ippon! again	Slice of Life	Slice of Life, Sports	9515	2023
BanG Dream! Girls Band Party!☆PICO	Comedy	Comedy, Music, Slice of Life	9515	2018
Air: The Motion Picture	Drama	Drama, Romance, Supernatural	9511	2005
KAGINADO	Comedy	Comedy	9484	2021
At The Mercy of The Sky	Comedy	Comedy, Romance, Slice of Life	9484	2009
DNA²	Comedy	Comedy, Romance, Sci-Fi	9483	1994
The Master of Killing Time Specials	Comedy	Comedy	9477	2014
HERO MASK	Action	Action, Mystery, Sci-Fi, Thriller	9476	2018
Space Runaway Ideon	Drama	Drama, Mecha, Sci-Fi	9476	1980
Encouragement of Climb: Next Summit	Adventure	Adventure, Comedy, Slice of Life	9473	2022
Rental Magica	Action	Action, Fantasy, Mystery, Supernatural	9463	2007
Case Closed: Private Eye in the Distant Sea	Adventure	Adventure, Comedy, Mystery	9456	2013
Bladedance of Elementalers Specials	Comedy	Comedy, Ecchi, Fantasy	9444	2014
Marchen Awakens Romance	Action	Action, Adventure, Comedy, Fantasy	9439	2005
Ura☆Higu	Comedy	Comedy	9430	2007
Frame Arms Girl	Action	Action, Ecchi, Mecha, Sci-Fi	9429	2017
Inazuma Eleven: The Seal of Orion	Sports	Sports, Supernatural	9428	2018
Ghost in the Shell Arise: Alternative Architecture	Action	Action, Mecha, Psychological, Sci-Fi	9426	2015
Kirby: Right Back at Ya!	Action	Action, Adventure, Comedy, Fantasy, Slice of Life	9419	2001
Tales of Vesperia: The First Strike	Action	Action, Adventure, Fantasy	9404	2009
Mitsudomoe Zouryouchuu!	Comedy	Comedy, Slice of Life	9402	2011
Broken Blade 5	Action	Action, Fantasy, Mecha	9401	2011
Ro-Kyu-Bu! SS	Comedy	Comedy, Ecchi, Sports	9394	2013
Gundam Build Divers	Action	Action, Mecha, Sci-Fi	9387	2018
MASTER Keaton	Adventure	Adventure, Drama, Mystery	9373	1998
Chu-Bra	Comedy	Comedy, Ecchi	9369	2010
Murder Princess	Action	Action, Adventure, Fantasy	9365	2007
Ten Count	Drama	Drama, Psychological, Romance	9363	
makuranodanshi	Romance	Romance, Slice of Life	9355	2015
Gintama: Yorinuki Gintama-san on Theater 2D	Action	Action, Comedy, Drama, Sci-Fi	9345	2012
Koihime†Musou	Action	Action, Adventure, Ecchi, Fantasy	9340	2008
Unbreakable Machine-Doll OVA	Action	Action, Ecchi, Fantasy	9332	2014
Sound! Euphonium 2 Shorts	Comedy	Comedy, Music, Slice of Life	9322	2017
Mobile Suit Victory Gundam	Drama	Drama, Mecha, Sci-Fi	9320	1993
Thermae Romae Novae	Comedy	Comedy, Slice of Life	9302	2022
Inazuma Eleven: Saikyou Gundan Ogre Shuurai	Sci-Fi	Sci-Fi, Sports, Supernatural	9294	2010
Initial D Legend 2: Racer	Action	Action, Drama, Sports	9289	2015
Star Blazers: The Quest for Iscandar	Action	Action, Adventure, Drama, Sci-Fi	9281	1974
Pokémon: Mewtwo Strikes Back—Evolution	Action	Action, Adventure, Comedy, Drama, Fantasy, Sci-Fi	9264	2019
Agent Aika	Action	Action, Adventure, Comedy, Ecchi, Sci-Fi	9260	1997
Final Fantasy: The Spirits Within	Action	Action, Drama, Sci-Fi	9258	2001
Mermaid Melody: Pichi Pichi Pitch Pure	Adventure	Adventure, Comedy, Fantasy, Mahou Shoujo, Music, Romance	9255	2004
Bakugan: Mechtanium Surge	Action	Action, Adventure, Fantasy, Mecha, Sci-Fi	9252	2011
A Certain Magical Index II Specials	Comedy	Comedy	9250	2011
Broken Blade 6	Action	Action, Fantasy, Mecha	9249	2011
Glitter Force Doki Doki	Fantasy	Fantasy, Mahou Shoujo	9241	2013
MAJOR 2nd	Comedy	Comedy, Drama, Sports	9228	2018
Natsunagu!	Drama	Drama, Slice of Life	9222	2020
Haikyuu!! Quest Picture Drama	Comedy	Comedy, Fantasy, Sports	9221	
Yokohama Kaidashi Kikou: Quiet Country Cafe	Adventure	Adventure, Drama, Sci-Fi, Slice of Life	9220	2002
Hyperdimension Neptunia: The Eternity (True Ending) Promised	Action	Action, Comedy, Fantasy, Mahou Shoujo	9212	2014
Amagami SS+ plus Specials	Ecchi	Ecchi, Romance	9190	2012
Yankee-kun na Yamada-kun to Megane-chan to Majo	Comedy	Comedy, Romance, Supernatural	9178	2015
Tales of Symphonia: The Animation - Sylvarant Arc	Action	Action, Adventure, Fantasy	9174	2007
One Piece: Umi no Heso no Daibouken-hen	Adventure	Adventure, Comedy, Fantasy	9174	2000
Woodpecker Detective’s Office	Mystery	Mystery	9172	2020
Yo-kai Watch	Comedy	Comedy, Supernatural	9168	2014
Free! -Dive to the Future-: Build-Up of Early Spring!	Slice of Life	Slice of Life, Sports	9166	2018
Heaven Academy	Comedy	Comedy, Drama, Romance	9166	2006
Yama no Susume: Kabette Kowakunai no?	Adventure	Adventure, Comedy, Slice of Life	9164	2013
Pretty Guardian Sailor Moon Eternal The Movie Part 2	Drama	Drama, Fantasy, Mahou Shoujo, Romance	9147	2021
Koi Suru Boukun	Comedy	Comedy, Drama, Romance	9147	2010
Moomin	Adventure	Adventure, Comedy, Fantasy, Slice of Life	9146	1990
The Wonderland	Adventure	Adventure, Fantasy	9143	2019
KINMOZA! Pretty Days	Comedy	Comedy, Slice of Life	9128	2016
Kimi no Iru Machi: Tasogare Kousaten	Drama	Drama, Romance	9115	2012
Rozen Maiden: Ouvertüre	Action	Action, Comedy, Drama	9111	2006
Mobile Suit Gundam Narrative	Action	Action, Drama, Mecha, Sci-Fi	9110	2018
Windy Tales	Drama	Drama, Fantasy, Slice of Life, Supernatural	9110	2004
THE IDOLM@STER MOVIE: Kagayaki no Mukougawa e!	Comedy	Comedy, Music, Slice of Life	9096	2014
Fantastic Children	Adventure	Adventure, Drama, Fantasy, Mystery, Romance, Sci-Fi	9094	2004
Ikki Tousen: Xtreme Xecutor	Action	Action, Ecchi	9090	2010
Grenadier: The Beautiful Warrior	Action	Action, Adventure, Comedy, Ecchi	9090	2004
Shadow Star Narutaru	Drama	Drama, Horror, Supernatural	9080	2003
Uchi no Otouto Maji de Dekain dakedo Mi ni Konai?	Hentai	Hentai	9079	2021
CUE!	Music	Music	9071	2022
Red Garden	Drama	Drama, Mystery, Psychological, Supernatural	9070	2006
Ronja, the Robber's Daughter	Adventure	Adventure, Fantasy, Slice of Life	9058	2014
Basilisk: The Ouka Ninja Scrolls	Action	Action, Drama, Fantasy	9052	2018
Overlord: Ple Ple Pleiades 3	Comedy	Comedy, Fantasy	9051	2018
Tsubasa: Spring Thunder Chronicles	Action	Action, Adventure, Drama, Fantasy, Mystery	9050	2009
Magical☆Star Kanon 100%	Comedy	Comedy, Mahou Shoujo, Music, Supernatural	9044	2013
X	Action	Action, Drama, Fantasy, Horror, Sci-Fi, Supernatural	9044	1996
MECHA-UDE	Action	Action, Mecha, Sci-Fi	9041	2018
Battle Girls: Time Paradox	Action	Action, Comedy, Ecchi, Sci-Fi	9034	2011
Anime De Training! EX	Comedy	Comedy, Slice of Life, Sports	9031	2015
Mobile Suit Gundam Thunderbolt: December Sky	Action	Action, Drama, Mecha, Sci-Fi	9023	2016
Hina Logic - from Luck & Logic	Action	Action, Ecchi, Fantasy, Mahou Shoujo	9022	2017
Riding Bean	Action	Action, Comedy, Thriller	9022	1989
Final Fantasy VII: Last Order	Action	Action, Adventure, Drama, Fantasy, Sci-Fi	9021	2005
The Slayers Try	Adventure	Adventure, Comedy, Fantasy	9015	1997
ARGEVOLLEN	Action	Action, Mecha	9012	2014
Imaizumi's house seems to be a gathering place for gals	Hentai	Hentai	9010	2021
Yotsuiro Biyori	Comedy	Comedy, Slice of Life	8998	2018
Bastard!!	Action	Action, Adventure, Comedy, Ecchi, Fantasy	8996	1992
Godzilla: The Planet Eater	Action	Action, Sci-Fi	8988	2018
Initial D BATTLE STAGE	Action	Action, Sports	8985	2002
A Silent Voice Specials	None		8982	2017
Hanasakeru Seishounen	Drama	Drama, Romance	8966	2009
Rance 01: Hikari wo Motomete THE ANIMATION	Fantasy	Fantasy, Hentai	8960	2014
Zero no Tsukaima: Princesses no Rondo Picture Drama	Action	Action, Adventure, Comedy, Drama, Ecchi, Fantasy, Romance	8958	2008
Strike Witches: Road to Berlin	Action	Action, Ecchi, Sci-Fi	8951	2020
Brave Story	Action	Action, Adventure, Fantasy, Supernatural	8948	2006
Towanoquon: Dancing Orchid in Chaos	Action	Action, Mystery, Sci-Fi, Supernatural	8941	2011
Mardock Scramble: The Second Combustion	Action	Action, Psychological, Sci-Fi	8941	2011
MFKZ	Action	Action, Comedy, Psychological, Sci-Fi	8937	2017
IS: Infinite Stratos 2 - Infinite Wedding	None		8935	2016
LASTEXILE -Fam, the Silver Wing	Action	Action, Adventure, Fantasy, Sci-Fi	8931	2011
Big Order OVA	Action	Action	8928	2015
Nodame Cantabile Finale Special	Comedy	Comedy, Music, Romance	8927	2010
Kuroko no Basket 2 NG-shuu	Comedy	Comedy, Sports	8922	2014
Lostorage conflated WIXOSS	Psychological	Psychological	8922	2018
Sketchbook ~full color's~	Comedy	Comedy, Slice of Life	8921	2007
Fullmetal Alchemist: Reflections	Adventure	Adventure, Comedy, Drama, Fantasy	8904	2005
Africa Salaryman	Comedy	Comedy, Slice of Life	8899	2019
Asura Cryin' 2	Action	Action, Mecha, Supernatural	8899	2009
Master Piece THE ANIMATION	Hentai	Hentai	8886	2019
The Island of Giant Insects Movie	Action	Action, Drama, Ecchi, Horror, Mystery, Thriller	8881	2020
Gintama: Jump Festa 2015 Special	Action	Action, Comedy	8875	2015
Theatre of Darkness: Yamishibai 3	Horror	Horror, Supernatural	8872	2016
Blade Runner: Black Lotus	Action	Action, Sci-Fi	8865	2021
SWORDGAI The Animation Part II	Action	Action, Supernatural	8854	2018
BASQUASH!	Mecha	Mecha, Sci-Fi, Sports	8853	2009
Cinderella Chef	Adventure	Adventure, Comedy, Drama, Romance	8848	
STARMYU	Comedy	Comedy, Music, Slice of Life	8846	2015
Yowamushi Pedal: The Movie	Comedy	Comedy, Drama, Sports	8842	2015
Long Riders!	Comedy	Comedy, Slice of Life, Sports	8839	2016
Papa no Iukoto wo Kikinasai! OVA	Comedy	Comedy, Romance, Slice of Life	8838	2013
Kanamemo	Comedy	Comedy, Ecchi, Slice of Life	8838	2009
Happy-Go-Lucky Days	Drama	Drama, Romance, Slice of Life	8835	2020
A Herbivorous Dragon of 5,000 Years Gets Unfairly Villainized	Adventure	Adventure, Comedy, Fantasy	8834	
Case Closed: The Fist of Blue Sapphire	Action	Action, Drama, Mystery	8829	2019
Big Windup! 2	Comedy	Comedy, Sports	8824	2010
Yatterman Night	Action	Action, Adventure, Comedy, Sci-Fi	8811	2015
Nijuuseiki Denki Mokuroku	Romance	Romance	8809	
Artiswitch	Drama	Drama, Psychological	8800	2021
Lupin the 3rd Vs Detective Conan	Action	Action, Comedy, Mystery	8792	2009
Mangirl!	Comedy	Comedy, Slice of Life	8781	2013
ULTRAMAN	Action	Action, Drama, Sci-Fi	8780	2019
Kamichama Karin	Comedy	Comedy, Fantasy, Mahou Shoujo	8780	2007
Peacemaker	Action	Action, Comedy	8776	2003
Megazone 23	Action	Action, Mecha, Mystery, Romance, Sci-Fi	8771	1985
RideBack	Action	Action, Drama, Mecha, Sci-Fi	8770	2009
Gakuen Utopia Manabi Straight!	Comedy	Comedy, Sci-Fi, Slice of Life	8763	2007
Phi Brain ~ Puzzle of God: The Opheus Order	Action	Action	8762	2012
Hidamari Sketch x Hoshimittsu	Comedy	Comedy, Slice of Life	8762	2010
Ingress: The Animation	Action	Action, Mystery, Sci-Fi	8761	2018
PUI PUI MOLCAR	Comedy	Comedy	8750	2021
Teekyuu 4	Comedy	Comedy, Slice of Life, Sports	8748	2015
Hinata no Aoshigure	Adventure	Adventure, Romance	8748	2013
Please tell me! Galko-chan OVA	Comedy	Comedy, Slice of Life	8741	2016
Initial D Legend 3: Dream	Action	Action, Drama, Sports	8740	2016
Mujin Wakusei Survive	Action	Action, Adventure, Fantasy, Sci-Fi, Slice of Life	8740	2003
SHIROBAKO: Gekichuugeki Animation	Adventure	Adventure, Comedy	8737	2015
Case Closed: Zero the Enforcer	Adventure	Adventure, Comedy, Mystery	8722	2018
MegaMan NT Warrior	Action	Action, Adventure, Comedy, Sci-Fi	8715	2002
Queen's Blade Rebellion	Action	Action, Adventure, Ecchi, Fantasy	8709	2012
Night Raid 1931	Action	Action	8704	2010
Haiyore! Nyaruko-san W OVA	Comedy	Comedy, Ecchi	8697	2014
Wagamama High Spec	Comedy	Comedy, Ecchi	8696	2016
Gintama: Dai Hanseikai	Action	Action, Comedy, Sci-Fi	8689	2010
Mezzo Forte	Action	Action, Comedy, Hentai, Sci-Fi	8689	2000
Kyousougiga (2012)	Action	Action, Fantasy, Supernatural	8675	2012
School Days: Magical Heart☆Kokoro-chan	Comedy	Comedy, Ecchi, Mahou Shoujo	8675	2008
Video Girl Ai	Comedy	Comedy, Drama, Ecchi, Romance	8666	1992
Fate/kaleid liner Prisma☆Illya: Sekka no Chikai - Kuro Sakura no Heya	Comedy	Comedy, Fantasy, Mahou Shoujo	8661	2018
Haikara-san: Here Comes Miss Modern – Part 1	Comedy	Comedy, Drama, Romance	8656	2017
Yozakura Quartet: Tsuki ni Naku	Action	Action, Comedy, Ecchi, Supernatural	8645	2013
Fumiko's Confession	Comedy	Comedy	8643	2009
HEROMAN	Action	Action, Sci-Fi	8641	2010
Sekaiichi Hatsukoi OVA	Comedy	Comedy, Romance	8637	2011
Tesla Note	Action	Action, Comedy, Drama, Thriller	8630	2021
Mahou Shoujo Nante Mouiidesukara	Comedy	Comedy, Mahou Shoujo, Slice of Life	8628	2016
Sol Levante	Fantasy	Fantasy	8624	2020
ROOM CAMP: Saunas and Grub and Three-Wheeler Bikes	Slice of Life	Slice of Life	8614	2020
Dropout	Hentai	Hentai	8614	2016
Baku Ane: Otouto Shibocchau zo! THE ANIMATION	Hentai	Hentai	8609	2014
Koyomi History	Comedy	Comedy, Drama, Psychological	8606	
The "Hentai" Prince and the Stony Cat.: Henneko BBS	Comedy	Comedy	8603	2013
Zegapain	Action	Action, Mecha, Romance, Sci-Fi	8582	2006
Gilgamesh	Drama	Drama, Fantasy, Sci-Fi	8576	2003
Matoi the Sacred Slayer	Mahou Shoujo	Mahou Shoujo	8573	2016
Augmented Reality Girls Trinary	Action	Action, Ecchi, Mecha, Sci-Fi	8571	2017
Take My Brother Away! 4	Comedy	Comedy, Slice of Life	8560	2020
Eden	Adventure	Adventure, Sci-Fi	8553	2021
Case Closed: Crimson Love Letter	Adventure	Adventure, Comedy, Mystery	8552	2017
League of Nations Air Force Aviation Magic Band Luminous Witches	Music	Music	8533	2022
Beyond the Boundary: Idol Trial!	Comedy	Comedy	8527	2013
DIABOLIK LOVERS OVA	Supernatural	Supernatural	8525	2015
Sound of the Sky OVA	Music	Music, Sci-Fi, Slice of Life	8523	2010
MIX	Comedy	Comedy, Drama, Romance, Slice of Life, Sports	8520	2019
Renkin San-kyuu Magical? Pokaan	Comedy	Comedy, Ecchi	8517	2006
Arjuna	Adventure	Adventure, Drama, Fantasy, Sci-Fi	8512	2001
Patema Inverted: Beginning of the Day	Sci-Fi	Sci-Fi	8505	2012
Ai-Mai-Mi	Comedy	Comedy, Slice of Life	8503	2013
Phantom of the Idol	Comedy	Comedy, Music, Supernatural	8500	2022
Saint Seiya: The Hades Chapter - Elysion	Action	Action, Fantasy	8499	2008
Pokémon: Pikachu's Vacation	Adventure	Adventure, Comedy, Fantasy	8494	1998
The Legend of Black Heaven	Adventure	Adventure, Comedy, Music, Sci-Fi, Slice of Life	8489	1999
Dogs: Bullets & Carnage	Action	Action	8488	2009
Vampire Princess Miyu (TV)	Action	Action, Drama, Horror, Supernatural	8475	1997
Di Gi Charat	Comedy	Comedy, Fantasy, Sci-Fi	8473	1999
Shuffle! Memories	Comedy	Comedy, Drama, Ecchi, Fantasy, Romance	8470	2007
Azumanga Web Daioh	Comedy	Comedy, Slice of Life	8459	2000
Attack On Titan: The Final Season Specials	Comedy	Comedy, Fantasy	8454	2021
Natsume's Book of Friends: Nyanko-sensei & The First Errand	Drama	Drama, Fantasy, Slice of Life, Supernatural	8444	2013
Eureka Seven: Good Night, Sleep Tight, Young Lovers	Adventure	Adventure, Mecha, Romance, Sci-Fi	8439	2009
TEPPEN!!!!!!!!!!!!!!! Laughing 'til You Cry	Comedy	Comedy, Slice of Life	8436	2022
POP TEAM EPIC TV SPECIAL	Comedy	Comedy	8424	2019
Mobile Suit Gundam Wing: Endless Waltz	Action	Action, Drama, Mecha, Sci-Fi	8421	1997
Dogeza de Tanondemita: Isekai-hen	Comedy	Comedy, Ecchi, Fantasy	8419	2021
Professor Layton and the Eternal Diva	Drama	Drama, Music, Mystery, Sci-Fi	8415	2009
Halo Legends	Action	Action, Drama, Sci-Fi	8413	2009
Momo, the Girl God of Death	Drama	Drama, Fantasy, Psychological, Supernatural	8412	2006
Space Battleship Tiramisu	Comedy	Comedy, Mecha, Sci-Fi, Slice of Life	8409	2018
Atom: The Beginning	Mecha	Mecha, Sci-Fi	8408	2017
Junjou Romantica (OVA)	Comedy	Comedy, Drama, Romance	8405	2012
Reikenzan: Eichi e no Shikaku	Comedy	Comedy, Fantasy	8401	2017
Towanoquon: The Complicity of Dreams	Action	Action, Psychological, Sci-Fi, Supernatural	8389	2011
Magical Witch Punie-Chan	Comedy	Comedy, Mahou Shoujo, Supernatural	8387	2006
Glass Mask (2005)	Drama	Drama	8385	2005
Eiken	Comedy	Comedy, Ecchi, Romance	8377	2003
Fate/Grand Order CMs	Action	Action, Fantasy	8373	
Samurai X: The Motion Picture	Action	Action, Drama	8371	1997
HUGtto! Precure	Action	Action, Comedy, Drama, Fantasy, Mahou Shoujo	8367	2018
Itadaki! Seieki♥ Special	Hentai	Hentai	8367	2014
Merc StoriA: The Apathetic Boy and the Girl in a Bottle	Fantasy	Fantasy	8365	2018
Keijo!!!!!!!! Specials	Comedy	Comedy, Ecchi, Sports	8363	2016
Requiem from the Darkness	Horror	Horror, Mystery, Psychological, Supernatural	8363	2003
Shining Hearts	Action	Action, Fantasy	8358	2012
Astarotte's Toy EX	Comedy	Comedy, Ecchi, Fantasy, Romance	8354	2011
Les Misérables: Shoujo Cosette	Drama	Drama, Slice of Life	8354	2007
Pokémon Chronicles	Action	Action, Adventure, Comedy, Fantasy	8343	2002
Ceres, Celestial Legend	Adventure	Adventure, Comedy, Drama, Horror, Romance	8341	2000
ONE PIECE FILM: GOLD - episode 0 711ver.	Action	Action, Adventure, Comedy, Fantasy	8339	2016
ON-GAKU: OUR SOUND	Comedy	Comedy, Music, Slice of Life	8328	2020
Quanzhi Fashi 5	Action	Action, Fantasy	8323	
Sailor Moon SuperS the Movie: Black Dream Hole	Action	Action, Drama, Fantasy, Mahou Shoujo, Romance	8316	1995
Rio: Rainbow Gate!	Comedy	Comedy, Ecchi	8306	2011
LUPIN THE 3rd PART 6	Action	Action, Adventure, Comedy, Mystery	8294	2021
Hidamari Sketch x Honeycomb	Comedy	Comedy, Slice of Life	8292	2012
Child of Kamiari Month	Adventure	Adventure, Supernatural	8291	2021
Magical Girl Lyrical Nanoha: The Movie 1st	Action	Action, Drama, Fantasy, Mahou Shoujo, Sci-Fi	8287	2010
Fate/kaleid liner Prisma☆Illya 3rei!! Specials	Comedy	Comedy, Ecchi, Mahou Shoujo	8277	
Hetalia: The World Twinkle	Comedy	Comedy	8276	2015
Monster Rancher	Action	Action, Adventure, Comedy, Fantasy	8276	1999
Fairy Ranmaru	Ecchi	Ecchi, Mahou Shoujo, Slice of Life	8273	2021
Haiyore! Nyaruko-san: Yasashii Teki no Shitome-kata	Comedy	Comedy, Sci-Fi	8267	2012
Hetalia Axis Powers: Paint it, White!	Comedy	Comedy	8267	2010
Kuroinu ～The proud saint is stained with white filth～	Action	Action, Fantasy, Hentai	8256	2012
Onigiri	Adventure	Adventure, Comedy, Fantasy	8254	2016
The Idolm@ster: 765 Pro to Iu Monogatari	Comedy	Comedy, Music, Slice of Life	8238	2012
Hayate the Combat Butler: Heaven is a Place on Earth	Comedy	Comedy	8229	2011
Gintama: Shinyaku Benizakura-hen Special	Action	Action, Comedy, Sci-Fi	8217	2011
Kowabon	Horror	Horror, Supernatural	8215	2015
Please☆Teacher!: Secret Couple	Comedy	Comedy, Ecchi, Romance, Sci-Fi	8202	2002
Magical Girl Lyrical Nanoha ViVid	Action	Action, Adventure, Mahou Shoujo, Sports	8198	2015
Ai Yori Aoshi: Enishi	Comedy	Comedy, Drama, Romance, Slice of Life	8186	2003
Learning with Manga! Fate/Grand Order	Comedy	Comedy, Fantasy, Slice of Life	8181	2018
Iria: Zeiram The Animation	Action	Action, Adventure, Sci-Fi	8178	1994
UN-GO MOVIE	Mystery	Mystery, Supernatural	8170	2011
UMAYON	Comedy	Comedy, Slice of Life	8162	2020
Towanoquon: The Roaring Anxiety	Action	Action, Sci-Fi, Supernatural	8156	2011
Backflip!! The Movie	Comedy	Comedy, Drama, Sports	8154	2022
Dinosaur King	Adventure	Adventure	8152	2007
Joshiraku OVA	Comedy	Comedy, Slice of Life	8150	2013
Love Hina Christmas Movie	Comedy	Comedy, Romance, Slice of Life	8150	2000
Knights of Sidonia: Love Woven in the Stars	Action	Action, Drama, Mecha, Sci-Fi	8145	2021
Kiddy Grade	Action	Action, Ecchi, Mecha, Sci-Fi	8144	2002
Nanbaka: Idiots with Student Numbers!	Action	Action, Comedy, Drama	8135	2017
Ein's Summer Vacation	Adventure	Adventure	8132	2012
Hiiro no Kakera: The Tamayori Princess Saga 2	Fantasy	Fantasy, Romance, Supernatural	8116	2012
Mobile Suit Gundam AGE	Action	Action, Mecha, Sci-Fi	8113	2011
Dororo	Action	Action, Adventure, Supernatural	8109	1969
Mobile Suit Gundam: The Origin - Advent of the Red Comet	Action	Action, Mecha, Sci-Fi	8108	2019
Tsurune The Movie - The First Shot -	Drama	Drama, Slice of Life, Sports	8102	2022
Air in Summer	Comedy	Comedy, Drama, Romance, Supernatural	8094	2005
Shonen Onmyoji	Action	Action, Fantasy, Supernatural	8072	2006
Hyakko	Comedy	Comedy, Slice of Life	8068	2008
Bubblegum Crisis TOKYO 2040	Action	Action, Adventure, Mecha, Sci-Fi	8063	1998
The King of Braves: GaoGaiGar	Adventure	Adventure, Mecha, Sci-Fi	8061	1997
FUSE - Memoirs of the Hunter Girl	Action	Action, Drama, Supernatural	8060	2012
Ninja Girl & Samurai Master	Comedy	Comedy	8059	2016
Welcome to THE SPACE SHOW	Adventure	Adventure, Fantasy, Sci-Fi	8058	2010
Fanfare of Adolescence	Drama	Drama, Sports	8050	2022
The Everlasting Guilty Crown	None		8050	
Tight-rope	Romance	Romance	8047	2012
Okko's Inn	Drama	Drama, Slice of Life, Supernatural	8046	2018
Baka and Test - Summon the Beasts: Christmas Special	Comedy	Comedy, Romance	8046	2009
PriPara	Comedy	Comedy, Music, Slice of Life	8045	2014
Appleseed	Action	Action, Adventure, Mecha, Sci-Fi	8043	1988
Towanoquon: The Return of the Invincible	Action	Action, Sci-Fi, Supernatural	8039	2011
Kindaichi Shounen no Jikenbo (TV)	Mystery	Mystery	8038	1997
RUMBLE GARANNDOLL	Action	Action, Comedy, Mecha, Sci-Fi	8037	2021
Ninja Scroll: The Series	Adventure	Adventure, Horror, Supernatural	8030	2003
Mobile Suit Gundam Thunderbolt 2	Action	Action, Mecha, Sci-Fi	8019	2017
Ladies versus Butlers! Specials	Ecchi	Ecchi	8017	2010
My-Otome	Comedy	Comedy, Drama, Fantasy	8017	2005
Urban Legends Series	Fantasy	Fantasy, Hentai, Romance, Supernatural	8012	2016
Mardock Scramble: The Third Exhaust	Action	Action, Psychological, Sci-Fi	8010	2012
ONE PIECE: Mezase! Kaizoku Yakyuu Ou	Comedy	Comedy, Fantasy, Sports	8009	2004
Full Metal Panic! The Second Raid: Zenyasai - Scene 00	Action	Action, Adventure, Mecha	8008	2005
Lupin the 3rd Vs Detective Conan: The Movie	Action	Action, Comedy, Mystery	8005	2013
On a Lustful Night Mingling with a Priest	Ecchi	Ecchi, Hentai, Romance	8004	2017
Hajikechau! Dokidoki Trouble Freezing	Action	Action, Comedy, Ecchi	8001	2011
Katte ni Kaizou	Comedy	Comedy, Sci-Fi	7993	2011
Holy Knight	Ecchi	Ecchi, Supernatural	7982	2012
DAICON III Opening Animation	Action	Action, Adventure, Mecha, Music, Sci-Fi	7971	1981
Miyakawa-ke no Kuufuku	Comedy	Comedy, Slice of Life	7970	2013
Winter Cup Highlights Episode 1 – Winter Cup Highlights -Shadow and Light-	Sports	Sports	7967	2016
Busou Shinki: Armored War Goddess	Action	Action, Comedy, Mecha, Sci-Fi, Slice of Life	7967	2012
Space Adventure Cobra	Action	Action, Adventure, Sci-Fi	7967	1982
JK Bitch ni Shiboraretai	Hentai	Hentai	7963	2016
Allison & Lillia	Action	Action, Adventure	7951	2008
Kick-Heart	Comedy	Comedy, Romance, Sports	7949	2013
Devilman: The Demon Bird	Action	Action, Fantasy, Horror, Sci-Fi, Supernatural	7930	1990
Squid Girl OVA	Comedy	Comedy, Slice of Life	7927	2012
Snow Halation	Music	Music	7927	
A3! Season Autumn & Winter	Comedy	Comedy, Drama	7926	2020
Yuru Yuri: Doushite☆Tomaranai☆Tokimeki☆Doki Doki☆Paradox☆Eternal	Comedy	Comedy	7920	2011
Onee-chan ga Kita: Hajimete no… Kitaa!	Comedy	Comedy, Slice of Life	7919	2014
Fucked by My Best Friend	Hentai	Hentai, Romance	7913	2021
Welcome to the SUKEBE ELF Forest	Action	Action, Fantasy, Hentai, Romance	7900	2018
Z/X IGNITION	Adventure	Adventure, Fantasy, Sci-Fi	7893	2014
Argento Soma	Action	Action, Adventure, Drama, Mecha, Sci-Fi	7889	2000
Kowarekake no Orgel	Drama	Drama, Music, Sci-Fi, Slice of Life	7885	2010
Otherworld Harem Story	Fantasy	Fantasy, Hentai	7879	2020
Demon City Shinjuku	Action	Action, Adventure, Horror, Romance, Supernatural	7874	1988
Pumpkin Scissors	Action	Action, Comedy, Drama	7871	2006
Girls und Panzer: Saishuushou 4	Action	Action, Sports	7870	2023
Digimon Ghost Game	Action	Action, Adventure, Fantasy, Horror, Mystery, Sci-Fi	7860	2021
A Certain Magical Index Movie Special	Action	Action, Sci-Fi	7859	2013
Tiger & Bunny: The Movie - The Rising	Action	Action, Comedy, Mystery	7859	2014
Teekyuu 5	Comedy	Comedy, Sports	7858	2015
Ai Tenchi Muyo!	Comedy	Comedy, Sci-Fi	7858	2014
1001 Nights	Fantasy	Fantasy, Romance	7848	1999
Banner of the Stars	Action	Action, Romance, Sci-Fi	7844	2000
Tonagura!	Comedy	Comedy, Drama, Ecchi, Romance	7842	2006
Princess Principal: ~Crown Handler~ 2	Action	Action, Adventure, Sci-Fi	7836	2021
Aoharu x Machinegun: This is a Battlefield for Beasts!	Action	Action, Comedy, Sports	7834	2015
Tweeny Witches	Adventure	Adventure, Comedy, Fantasy	7833	2004
Soul Eater Late Show	Action	Action, Comedy, Fantasy	7825	2008
Angel Cop	Action	Action, Adventure, Sci-Fi	7816	1989
Project A-ko	Action	Action, Adventure, Comedy, Mecha, Sci-Fi	7814	1986
Major: World Series	Comedy	Comedy, Drama, Sports	7812	2012
Urusei Yatsura Movie 2: Beautiful Dreamer	Comedy	Comedy, Drama, Romance, Sci-Fi	7811	1984
Stand My Heroes: Piece of Truth	Action	Action, Drama, Mystery, Psychological	7806	2019
You're Being Summoned, Azazel Z	Comedy	Comedy, Supernatural	7797	2013
Zoids	Action	Action, Adventure, Comedy, Mecha, Sci-Fi	7797	1999
Zutto Mae kara Suki deshita.: Kokuhaku Jikkou Iinkai - Kinyoubi no Ohayou	Romance	Romance	7794	2016
Pokémon: Hoopa—The Mischief Pokémon	Action	Action, Fantasy	7788	2015
Youjo Shenki	Comedy	Comedy, Fantasy	7787	2017
Tokyo Revengers: Chibi Reve	Comedy	Comedy	7786	2021
rain town	Drama	Drama, Sci-Fi	7774	
Yu Yu Hakusho: The Movie	Action	Action, Adventure, Comedy	7769	1993
Kite Liberator	Action	Action, Drama, Ecchi, Sci-Fi, Supernatural	7767	2008
To Heart	Drama	Drama, Romance, Slice of Life	7747	1999
Sora wo Miageru Shoujo no Hitomi ni Utsuru Sekai	Adventure	Adventure, Fantasy	7741	2009
Akuma Kun	Adventure	Adventure, Fantasy, Horror, Supernatural	7735	2023
Kochoki	Action	Action, Adventure, Drama, Romance	7735	2019
Accel World: Acchel World.	Comedy	Comedy, Sci-Fi	7729	2012
The Disappearance of Nagato Yuki-chan: I Cannot Let Summer Break End	Comedy	Comedy, Romance	7728	2015
GOD EATER Prologue	Action	Action, Fantasy, Supernatural	7728	2009
Rescue ME!	Comedy	Comedy, Ecchi, Romance	7717	2013
TWOCAR	Drama	Drama, Sports	7700	2017
Wake Up, Girls! The Movie	Music	Music, Slice of Life	7700	2014
The Reflection	Action	Action, Adventure, Mystery, Sci-Fi	7693	2017
Shin Ikki Tousen	Action	Action, Ecchi, Supernatural	7692	2022
MEKAKUCITY RELOAD	None		7690	
God Family	Comedy	Comedy, Drama, Fantasy, Romance	7682	2006
Skating Rink Kaleidoscope	Drama	Drama, Romance, Sports, Supernatural	7675	2005
Tengen Toppa Gurren Lagann: Kirameki★Yoko BOX - Pieces of sweet stars	Ecchi	Ecchi	7663	
SAIYUKI RELOAD BLAST	Action	Action, Adventure, Comedy, Drama, Supernatural	7659	2017
Macross Frontier: The False Songstress	Action	Action, Mecha, Music, Romance, Sci-Fi	7658	2009
Doubutsu no Mori	Slice of Life	Slice of Life	7658	2006
Beyond the Boundary: I'll Be Here - Past Special - Yakusoku no Kizuna	None		7648	
12-sai.: Chiccha na Mune no Tokimeki	Romance	Romance	7643	2016
Go! Princess Precure	Action	Action, Fantasy, Mahou Shoujo	7637	2015
Simple yet Sexy	Hentai	Hentai, Romance	7633	2021
Momo Kyun Sword	Adventure	Adventure, Ecchi, Fantasy	7632	2014
AKB0048: next stage	Drama	Drama, Music, Sci-Fi	7628	2013
Air Master	Action	Action, Adventure, Comedy	7628	2003
Arpeggio of Blue Steel - Cadenza	Action	Action, Drama, Sci-Fi	7620	2015
D_CIDE TRAUMEREI THE ANIMATION	Action	Action, Adventure, Drama, Fantasy	7619	2021
Guin Saga	Action	Action, Adventure, Fantasy	7619	2009
THE IDOLM@STER Side M	Music	Music	7613	2017
Hakone-chan	Comedy	Comedy, Slice of Life, Supernatural	7606	2015
Terra Formars: Bugs 2-hen	Action	Action, Horror, Sci-Fi	7596	2014
Love Hina Spring Movie	Adventure	Adventure, Comedy, Romance	7588	2001
Ano Hi Mita Hana no Namae wo Bokutachi wa Mada Shiranai.: Menma e no Tegami	Comedy	Comedy, Drama	7587	2012
Strike Witches Operation Victory Arrow	Action	Action, Sci-Fi	7587	2014
A Day Before Us ZERO	Romance	Romance, Slice of Life	7583	
Monochrome Factor	Action	Action, Supernatural	7578	2008
Lupin the Third Part 3	Adventure	Adventure, Comedy	7572	1984
Mei and the Baby Cat Bus	Adventure	Adventure, Fantasy	7570	2002
KAGEWANI	Horror	Horror, Mystery, Supernatural, Thriller	7562	2015
Little Busters! Sekai no Saitou wa Ore ga Mamoru!	Comedy	Comedy, Drama, Romance, Slice of Life	7562	2013
Maken-ki!: Doki Doki! Maken-ki! Himitsu no Kunren	Ecchi	Ecchi	7552	2011
Cat's Eye	Action	Action, Adventure, Comedy, Mystery, Romance	7551	1983
Dragon's Dogma	Action	Action, Adventure, Fantasy, Supernatural	7548	2020
Vandread: The Second Stage	Action	Action, Comedy, Mecha, Romance, Sci-Fi	7547	2001
Barakamon: Mijikamon	Comedy	Comedy	7541	2014
Inari, Konkon, Koi Iroha.: Inari, Konkon, Semishigure.	Comedy	Comedy, Romance, Supernatural	7537	2014
Houseki no Kuni PV	Action	Action, Fantasy, Sci-Fi	7530	
Amon: The Apocalypse of Devilman	Action	Action, Fantasy, Horror, Supernatural	7528	2000
Regalia: The Three Sacred Stars	Mecha	Mecha, Sci-Fi	7524	2016
Haiyoru! Nyaruani	Comedy	Comedy, Sci-Fi	7512	2010
Brighter Than the Dawning Blue	Comedy	Comedy, Romance, Sci-Fi	7506	2006
Black Jack (TV)	Drama	Drama	7500	2004
Sakura Wars	Adventure	Adventure, Mecha, Sci-Fi	7494	2000
Yowamushi Pedal Limit Break	Comedy	Comedy, Drama, Sports	7489	2022
Sorcerous Stabber Orphen: Battle of Kimluck	Action	Action, Adventure, Fantasy	7489	2021
Record of Lodoss War: Chronicles of the Heroic Knight	Action	Action, Adventure, Drama, Fantasy, Romance	7489	1998
Hayate no Gotoku!!: Atsu ga Natsuize - Mizugi-hen!	Action	Action, Comedy, Romance	7487	2009
Uchitama?! Have you seen my Tama?	Comedy	Comedy, Slice of Life	7484	2020
Golden Kamuy 2nd Season OVA	Action	Action, Adventure, Comedy	7482	2019
UQ Holder! OVA	Action	Action, Fantasy, Sci-Fi	7481	2017
Descendants of Darkness	Drama	Drama, Fantasy, Horror	7477	2000
HUNTER×HUNTER Pilot-ban	Action	Action, Adventure	7473	
ef: a tale of memories. - prologue	Drama	Drama, Music	7471	2007
Sands of Destruction	Adventure	Adventure, Fantasy	7470	2008
TIGER & BUNNY 2	Action	Action, Comedy, Drama	7468	2022
W'z	Action	Action, Music	7468	2019
One Piece Special: Protect! The Last Great Performance	Adventure	Adventure, Comedy, Fantasy	7468	2003
Recently, My Sister is Unusual OVA	Comedy	Comedy, Ecchi, Romance, Supernatural	7466	2014
Baka and Test – Summon the Beasts 2 Specials	Comedy	Comedy, Romance, Slice of Life	7454	2011
Sorairo Utility	Slice of Life	Slice of Life, Sports	7451	2021
Kemeko DX	Comedy	Comedy, Ecchi, Romance, Sci-Fi	7450	2008
Fella Pure: Mitarashi-san Chi no Jijou - THE ANIMATION	Hentai	Hentai, Romance	7446	2014
YAWARA! a fashionable judo girl!	Action	Action, Comedy, Drama, Sports	7442	1989
Utsu Musume Sayuri	Comedy	Comedy, Psychological	7441	
Kannagi Special	Comedy	Comedy, Supernatural	7429	2009
Strange+	Comedy	Comedy, Slice of Life	7428	2014
A Day Before Us 2nd Season	Drama	Drama, Romance, Slice of Life	7422	
Haruka Nogizaka's Secret: Finale	Comedy	Comedy, Romance	7421	2012
Spiral: Bond of Reasoning	Comedy	Comedy, Drama, Mystery	7418	2002
11eyes OVA	Comedy	Comedy, Ecchi, Supernatural	7415	2010
FLAG	Action	Action, Adventure, Drama, Mecha	7414	2006
Kamisama no Inai Nichiyoubi: Kioku	Fantasy	Fantasy, Mystery	7413	2014
Thermae Romae	Adventure	Adventure, Comedy, Slice of Life	7412	2012
Kuroko no Basket 3 NG-shuu	Comedy	Comedy, Sports	7410	2015
Gokujo.	Comedy	Comedy, Ecchi	7410	2012
Sweet Punishment -I'm the Guard's Personal Pet-	Ecchi	Ecchi, Hentai, Romance	7408	2018
Street Fighter II: The Animated Movie	Action	Action	7403	1994
Theatre of Darkness: Yamishibai 4	Horror	Horror, Supernatural	7396	2017
Air Gear: Special Trick	Action	Action, Comedy, Ecchi, Sports	7393	2007
Battle Girl High School	Action	Action, Sci-Fi	7388	2017
The Devil Lady	Action	Action, Drama, Horror, Psychological, Supernatural	7386	1998
Muhyo & Roji’s Bureau of Supernatural Investigation Season 2	Action	Action, Comedy, Mystery, Supernatural	7381	2020
Gasaraki	Drama	Drama, Mecha, Psychological, Supernatural	7381	1998
Pokémon the Series: XY Mega Evolution Specials	Action	Action, Adventure, Fantasy	7378	2014
Netherworld Battle Chronicle: Disgaea	Action	Action, Comedy, Fantasy	7377	2006
Code Geass: Hangyaku no Lelouch R2 Picture Drama	Comedy	Comedy, Ecchi, Slice of Life	7375	2008
Aim for the Ace!	Drama	Drama, Sports	7372	1973
Levius	Drama	Drama, Sci-Fi, Sports	7369	2019
Tengen Toppa Gurren Lagann: Parallel Works	None		7365	
Tennis no Ouji-sama: Zenkoku Taikai-hen	Action	Action, Comedy, Sports	7362	2006
Between the Sky and Sea	Adventure	Adventure, Sci-Fi	7349	2018
Candy Candy	Drama	Drama, Slice of Life	7347	1976
Gatchaman Crowds insight: Inbound	Adventure	Adventure, Sci-Fi	7345	2015
Case Closed: The Scarlet Bullet	Action	Action, Drama, Mystery	7331	2021
Battle Programmer Shirase	Comedy	Comedy, Ecchi, Sci-Fi	7331	2003
Juden Chan Recharged	Comedy	Comedy, Ecchi, Sci-Fi	7326	2009
Cyborg 009: The Cyborg Soldier	Action	Action, Adventure, Mecha, Sci-Fi	7325	2001
.hack//Quantum	Action	Action, Adventure, Fantasy, Sci-Fi	7324	2011
Girl's High	Comedy	Comedy, Drama, Ecchi	7316	2006
Ghost in the Shell: Stand Alone Complex - The Laughing Man	Action	Action, Mecha, Mystery, Psychological, Sci-Fi	7313	2005
Hey, Class President!	Comedy	Comedy, Drama, Romance	7306	2009
The Royal Tutor Movie	Comedy	Comedy, Slice of Life	7291	2019
Yu Yu Hakusho OVA: "Two Shots" and "All or Nothing"	Action	Action, Adventure, Comedy, Supernatural	7291	2018
Dragon Ball Specials	Action	Action, Adventure	7290	
Phantasy Star Online 2: Episode Oracle	Action	Action, Sci-Fi	7281	2019
25-Year-Old High School Girl, I Wouldn't Do This with a Kid	Ecchi	Ecchi, Hentai, Romance	7279	2018
Touken Ranbu: Hanamaru 2	Action	Action, Comedy, Drama, Fantasy, Slice of Life	7278	2018
IDOLiSH7 Third BEAT!	Drama	Drama, Music, Psychological	7274	2021
The SoulTaker	Action	Action, Horror, Supernatural	7274	2001
Pastel Memories	Action	Action, Adventure, Sci-Fi	7269	2019
Love Me: Kaede and Suzu THE ANIMATION	Hentai	Hentai	7267	2022
Kuroko no Basket: LAST GAME NG-shuu	Comedy	Comedy, Sports	7261	2017
Lagrange: The Flower of Rin-ne Season 2	Action	Action, Comedy, Mecha	7261	2012
Ani*Kuri15	Adventure	Adventure, Comedy, Drama, Fantasy	7256	2007
Seikatsu Shuukan THE ANIMATION	Hentai	Hentai	7249	2019
Hantsu x Trash	Comedy	Comedy, Ecchi, Romance, Sports	7240	2015
Ninja Nonsense	Comedy	Comedy	7239	2004
Pocket Monsters Diamond & Pearl Tokubetsu-hen	Action	Action, Comedy, Fantasy	7233	2011
Galaxy Angel	Comedy	Comedy, Sci-Fi	7233	2001
Kenkou Zenrakei Suieibu Umishou	Comedy	Comedy, Ecchi, Sports	7228	2007
Kiitaro's yokai picture diary	Comedy	Comedy, Romance, Slice of Life	7215	2016
One Room: another	Ecchi	Ecchi, Slice of Life	7214	2017
Getter Robo: Armageddon	Action	Action, Adventure, Horror, Mecha, Sci-Fi	7213	1998
Someday's Dreamers	Drama	Drama, Slice of Life, Supernatural	7213	2003
Legend of the Galactic Heroes: Die Neue These - Collision	Action	Action, Drama, Fantasy, Sci-Fi	7203	2022
Nyoron! Churuya-san	Comedy	Comedy	7196	2009
Kyou no Go no Ni (2008)	Comedy	Comedy, Ecchi, Romance	7195	2008
Scumbag System	Action	Action, Adventure, Drama, Fantasy, Supernatural	7179	
Asura	Action	Action, Drama, Horror	7177	2012
Kakurenbo: Hide and Seek	Horror	Horror, Psychological, Supernatural	7166	2004
Strawberry Marshmallow OVA	Comedy	Comedy, Slice of Life	7161	2007
Franz Kafka's A Country Doctor	Drama	Drama, Psychological	7152	2007
Linebarrels of Iron	Action	Action, Mecha, Sci-Fi	7150	2008
Ah My Buddha Katsu	Comedy	Comedy, Ecchi, Romance, Slice of Life, Supernatural	7150	2006
Kiyo in Kyoto: From the Maiko House	Slice of Life	Slice of Life	7149	2021
Amatsuki	Action	Action, Fantasy, Supernatural	7149	2008
Teekyuu 6	Comedy	Comedy, Sports	7145	2015
Chobits: Chibits - Sumomo, Kotoko Todokeru	Comedy	Comedy, Ecchi, Romance	7145	2003
Ijirare: Fukushuu Saimin	Hentai	Hentai	7137	2021
Saint Seiya Soul of Gold	Action	Action, Adventure, Fantasy, Sci-Fi	7136	2015
PERSONA5 the Animation: Stars and Ours	Action	Action, Fantasy, Supernatural	7135	2019
Robot Girls Z	Action	Action, Comedy, Mecha	7132	2014
The Daughter of 20 Faces	Action	Action, Adventure, Mystery	7131	2008
ClassicaLoid	Comedy	Comedy, Music	7124	2016
Yumeiro Patissiere SP Professional	Slice of Life	Slice of Life	7110	2010
Treasure Island	Adventure	Adventure, Drama, Mystery	7109	1978
First Squad: The Moment of Truth	Action	Action, Supernatural	7104	2009
Gekidol	Drama	Drama, Psychological, Sci-Fi	7103	2021
This Boy Caught a Merman	Fantasy	Fantasy, Romance	7097	2012
XL Boss	Comedy	Comedy, Hentai, Romance	7096	2019
Initial D BATTLE STAGE 2	Action	Action, Sports	7094	2007
The Irregular at Magic High School: Get to Know Magic Studies	Comedy	Comedy	7091	2014
Rin-ne 2	Comedy	Comedy, Romance, Supernatural	7087	2016
Earwig and the Witch	Fantasy	Fantasy	7086	
Imouto Bitch ni Shiboraretai	Hentai	Hentai, Romance	7083	2017
One Piece Special: Open Upon the Great Sea! A Father's Huge, HUGE Dream!	Adventure	Adventure, Comedy, Fantasy	7077	2003
ARIA The CREPUSCOLO	Fantasy	Fantasy, Sci-Fi, Slice of Life	7066	2021
Sonic the Hedgehog: The Movie	Adventure	Adventure, Comedy, Sci-Fi	7066	1996
Galaxy Express 999 (Movie)	Adventure	Adventure, Drama, Mecha, Sci-Fi	7062	1979
Chain Chronicle: Haecceitas no Hikari Part 1	Action	Action, Adventure, Fantasy	7058	2016
Hidamari Sketch Specials	Comedy	Comedy, Slice of Life	7037	2007
Utano☆Princesama Legend Star	Comedy	Comedy, Drama, Music, Romance	7035	2016
Candy☆Boy: Side Story For Archive	Romance	Romance	7033	2007
High School Fleet OVA	Comedy	Comedy, Slice of Life	7028	2017
Soul Land	Action	Action, Adventure, Fantasy, Romance	7015	
Hozuki’s Coolheadedness 2: Part II	Comedy	Comedy, Fantasy, Supernatural	7014	2018
Over Drive	Sports	Sports	7014	2007
Ragnarok the Animation	Action	Action, Fantasy	7006	2004
ARIA The ORIGINATION: That Little Secret Place...	Comedy	Comedy, Fantasy, Sci-Fi, Slice of Life	7001	2008
Please Save My Earth	Drama	Drama, Romance, Sci-Fi	6999	1993
Ojamajo Doremi Sharp	Comedy	Comedy, Drama, Fantasy, Mahou Shoujo, Slice of Life	6998	2000
Macross Frontier: The Wings of Farewell	Action	Action, Mecha, Music, Romance, Sci-Fi	6997	2011
Winter Cup Highlights Episode 2 – Winter Cup Highlights -Beyond the Tears-	Sports	Sports	6987	2016
Servamp Movie: Alice in the Garden	Action	Action, Supernatural	6984	2018
Samurai Deeper Kyo	Action	Action, Adventure, Comedy, Fantasy	6981	2002
Ebiten: Ebisugawa's Public High School Temonbu	Comedy	Comedy, Ecchi	6976	2012
Garo: Crimson Moon	Action	Action, Fantasy, Supernatural	6969	2015
Macademi WAsshoi!	Comedy	Comedy, Ecchi, Fantasy, Romance, Supernatural	6967	2008
My Wife is the Student Council President: Wife Theater	Comedy	Comedy	6966	2015
Dokyuu Hentai HxEros OVA	Action	Action, Comedy, Ecchi, Romance, Supernatural	6965	2020
Winter Cup Highlights Episode 3 – Winter Cup Highlights -Crossing the Door-	Sports	Sports	6965	2016
Magic Knight Rayearth II	Adventure	Adventure, Drama, Fantasy, Mahou Shoujo, Mecha, Romance	6963	1995
City Hunter 2	Comedy	Comedy, Mystery	6958	1988
Lamune	Drama	Drama, Romance, Slice of Life	6958	2005
Go! Saitama	Action	Action, Comedy	6955	
Mr. Osomatsu 3rd season	Comedy	Comedy, Slice of Life	6953	2020
Fist of the North Star 2	Action	Action, Drama	6949	1987
Tamayura: More Aggressive	Comedy	Comedy, Slice of Life	6947	2013
Yondemasu yo, Azazel-san.	Comedy	Comedy, Supernatural	6945	2010
HUMAN LOST	Action	Action, Sci-Fi	6944	2019
Legend of the Galactic Heroes Gaiden: A Hundred Billion Stars	Action	Action, Sci-Fi	6941	1998
CHAOS;CHILD: Silent Sky	Mystery	Mystery, Psychological, Sci-Fi, Supernatural	6937	2017
Tropical-Rouge! Precure	Action	Action, Comedy, Fantasy, Mahou Shoujo	6935	2021
Haré+Guu	Comedy	Comedy	6932	2001
Room Mate	Romance	Romance, Slice of Life	6925	2017
Hen Zemi	Comedy	Comedy, Ecchi	6921	2010
Kodomo no Jikan: Ni Gakki	Comedy	Comedy, Ecchi	6919	2009
Look, I Can See Your Ears!	Comedy	Comedy, Fantasy, Romance, Slice of Life	6913	
Cutie Honey	Action	Action, Adventure, Ecchi, Mahou Shoujo, Sci-Fi	6913	1973
Mignon	Drama	Drama, Romance, Sports, Supernatural	6909	
The Skull Man	Action	Action, Mystery	6904	2007
The Idolm@ster: Shiny Festa	Music	Music, Slice of Life	6903	2012
One Piece Special: The Detective Memoirs of Chief Straw Hat Luffy	Adventure	Adventure, Comedy, Fantasy	6902	2005
Kud Wafter	Drama	Drama, Romance, Supernatural	6901	2020
Step Up Love Story	Comedy	Comedy, Ecchi, Romance, Slice of Life	6899	2002
Detective School Q	Comedy	Comedy, Drama, Mystery	6889	2003
BLAME! Ver.0.11	Action	Action, Mecha, Sci-Fi	6885	2003
Digimon Tamers: Runaway Locomon	Action	Action, Adventure, Comedy, Sci-Fi	6879	2002
Nobody's Boy Remi	Adventure	Adventure, Drama, Slice of Life	6879	1977
Major: Message	Comedy	Comedy, Drama, Sports	6874	2011
Cooking with Valkyries	Comedy	Comedy, Slice of Life	6872	2019
Seikon no Qwaser: Jotei no Shouzou	Action	Action, Ecchi, Supernatural	6872	2010
Moetan	Comedy	Comedy, Ecchi, Mahou Shoujo	6870	2007
Aru Tabibito no Nikki	Adventure	Adventure, Fantasy	6870	2003
Shadowverse	Fantasy	Fantasy	6868	2020
Yu Yu Hakusho: The Movie - Poltergeist Report	Action	Action, Comedy, Supernatural	6863	1994
The Island of Giant Insects	Action	Action, Drama, Ecchi, Horror, Mystery, Thriller	6861	2019
Triage X: RECOLLECTION XOXO	Action	Action, Ecchi	6860	2015
Xie Wang Zhui Qi	Action	Action, Comedy, Drama, Fantasy, Romance	6859	
Area 88	Action	Action, Adventure, Drama, Romance	6859	1985
Teekyuu 7	Comedy	Comedy, Sports	6851	2016
Lupin the IIIrd: Fujiko's Lie	Action	Action, Adventure, Comedy	6848	2019
Legend of Mana -The Teardrop Crystal-	Adventure	Adventure, Fantasy	6847	2022
Utakoi	Comedy	Comedy, Romance	6845	2012
Parasite Dolls	Action	Action, Mecha, Sci-Fi	6845	2003
RD Sennou Chousashitsu	Action	Action, Mystery, Sci-Fi	6843	2008
Futabu!	Hentai	Hentai	6840	2014
Astro Boy (2003)	Action	Action, Adventure, Mecha, Sci-Fi	6838	2003
Onegai My Melody	Fantasy	Fantasy, Mahou Shoujo	6835	2005
Layton Mystery Tanteisha: Katri no Nazotoki File	Adventure	Adventure, Mystery	6830	2018
Resident Evil: Degeneration	Action	Action, Horror, Sci-Fi	6826	2008
Sakura Wars the Animation	Action	Action, Adventure, Mecha, Sci-Fi, Supernatural	6822	2020
Super Seisyun Brothers	Comedy	Comedy, Slice of Life	6821	2013
Colorful	Comedy	Comedy, Ecchi, Slice of Life	6817	1999
Star Blazers: Space Battleship Yamato 2202	Action	Action, Drama, Sci-Fi	6816	2017
MM! Specials	Comedy	Comedy, Ecchi	6816	2010
Puni Puni Poemy	Comedy	Comedy, Mahou Shoujo, Sci-Fi	6809	2001
Kurau Phantom Memory	Action	Action, Drama, Sci-Fi	6809	2004
Theatre of Darkness: Yamishibai 5	Horror	Horror, Supernatural	6808	2017
pico: Boku no Chiisana Natsu Monogatari	Ecchi	Ecchi, Romance	6807	2007
Cutie Honey Universe	Action	Action, Adventure, Ecchi, Mahou Shoujo, Sci-Fi	6805	2018
Tsubasa Reservoir Chronicle the Movie: The Princess in the Birdcage Kingdom	Adventure	Adventure, Fantasy	6797	2005
Tsugumomo2 OVA	Action	Action, Comedy, Ecchi, Supernatural	6787	2020
Boku wa Imouto ni Koi wo Suru	Drama	Drama, Romance, Slice of Life	6783	2005
Shenmue the Animation	Action	Action, Adventure, Drama	6782	2022
Alice in Deadly School	Supernatural	Supernatural, Thriller	6778	2021
Arpeggio of Blue Steel - DC	Action	Action, Sci-Fi	6776	2015
Angel Sanctuary	Action	Action, Drama, Romance, Supernatural	6774	2000
DamePri Anime Caravan	Adventure	Adventure, Comedy, Romance	6773	2018
Witchy Precure!	Action	Action, Fantasy, Mahou Shoujo, Slice of Life	6772	2016
Tokko	Action	Action, Comedy, Horror, Mystery, Supernatural	6770	2006
Ah! My Goddess: The Movie	Drama	Drama, Romance, Supernatural	6770	2000
Jing: King of Bandits	Adventure	Adventure, Comedy, Fantasy, Sci-Fi	6765	2002
Sweat Punch	Action	Action, Fantasy, Horror, Mecha, Music, Sci-Fi	6756	2002
Dominion Tank Police	Action	Action, Comedy, Sci-Fi	6751	1988
Extra Olympia Kyklos	Comedy	Comedy, Fantasy, Slice of Life, Sports	6740	2020
Pokémon: The Legend of Thunder!	Action	Action, Adventure, Comedy, Fantasy	6740	2001
Beelzebub: Hirotta Akachan wa Daimaou!?	Action	Action, Comedy, Supernatural	6737	2010
Kamen no Maid Guy	Action	Action, Comedy, Ecchi	6735	2008
Saber Marionette J	Action	Action, Adventure, Comedy, Drama, Mecha	6733	1996
RE:cycle of the PENGUINDRUM Part 1: Your Train Is the Survival Tactic	Drama	Drama, Mystery, Psychological, Supernatural	6728	2022
Magical Girl Lyrical Nanoha: The Movie 2nd A's	Action	Action, Drama, Mahou Shoujo, Sci-Fi	6718	2012
Zenonzard: THE ANIMATION	Action	Action, Drama, Sci-Fi	6716	2020
No Longer Human	Drama	Drama, Psychological	6710	2009
Pandora Hearts Specials	Comedy	Comedy	6706	2009
Vassalord.	Action	Action, Comedy, Fantasy, Mystery	6700	2013
Dies irae: To the ring reincarnation	Action	Action	6694	2018
Suntory Minami Alps no Tennen Mizu	Drama	Drama	6684	2016
Tenjho Tenge: The Ultimate Fight	Adventure	Adventure, Drama, Romance, Supernatural	6684	2005
Kirarin Revolution	Comedy	Comedy, Drama, Music, Romance	6680	2006
D.C.III: Da Capo III	Drama	Drama, Ecchi, Romance	6679	2013
Cat Shit One	Action	Action, Fantasy	6677	2010
The Master of Diabolism Q	Comedy	Comedy, Fantasy, Supernatural	6671	
The Troubled Life of Miss Kotoura: Haruka no Heya	Comedy	Comedy	6671	2012
ACCA: 13-Territory Inspection Dept. - Regards	Drama	Drama, Mystery	6669	2020
Black Magic M-66	Action	Action, Adventure, Mecha, Sci-Fi	6665	1987
CØDE:BREAKER (OVA)	Action	Action, Comedy, Supernatural	6664	2012
Ranma ½ (OVA)	Comedy	Comedy, Romance	6664	1993
Phi-Brain ~ Puzzle of God Season 3	Action	Action	6659	2013
Demon Father Re-birth	Hentai	Hentai	6657	2011
The Hill Dyed Rose Madder OVA	Comedy	Comedy, Ecchi, Romance	6650	2009
Cardcaptor Sakura: Leave it to Kero!	Comedy	Comedy	6650	2000
Nurse Witch Komugi	Comedy	Comedy, Mahou Shoujo, Sci-Fi	6644	2002
Encouragement of Climb Season 3 OVA	Comedy	Comedy, Slice of Life	6641	2017
Princess Lover! OVA	Hentai	Hentai	6641	2010
Shakugan no Shana: Koi to Onsen no Kougai Gakushuu!	Comedy	Comedy, Ecchi, Fantasy, Romance, Supernatural	6636	2006
Saimin Seishidou	Hentai	Hentai	6633	2019
Golgo 13: The Professional	Action	Action, Adventure, Drama	6632	1983
Petit Eva: Evangelion@School	Comedy	Comedy, Slice of Life	6621	2007
Humanity Has Declined Specials	Fantasy	Fantasy	6606	2012
PreCure Max Heart	Action	Action, Adventure, Comedy, Fantasy, Mahou Shoujo	6602	2005
Maken-Ki! Tsuu P～Watakushigoto	Ecchi	Ecchi	6600	2014
Doraemon (2005)	Adventure	Adventure, Comedy, Sci-Fi	6594	2005
Paradise of Innocence	Comedy	Comedy, Ecchi, Romance	6592	2014
Miss Bernard said.	Comedy	Comedy, Slice of Life	6590	2016
Sekaiichi Hatsukoi: Valentine-hen	Comedy	Comedy, Romance	6590	2014
Baby Princess 3D Paradise 0 [Love]	Ecchi	Ecchi	6589	2011
Star☆Twinkle Precure	Adventure	Adventure, Fantasy, Mahou Shoujo, Sci-Fi	6587	2019
Code Geass: Hangyaku no Lelouch - Kiseki no Birthday Picture Drama	Supernatural	Supernatural	6568	2010
Fantasista Doll	Action	Action, Fantasy, Sci-Fi	6566	2013
The Slayers Revolution	Adventure	Adventure, Comedy, Fantasy	6566	2008
Kanojo, Okarishimasu Petit	Comedy	Comedy	6563	2020
UzaMaid!: My Maid Is Still Seriously Way Too Annoying...	Comedy	Comedy, Slice of Life	6561	2019
Shattered Angels	Drama	Drama, Romance	6555	2007
Strawberry Marshmallow Encore	Comedy	Comedy, Slice of Life	6554	2009
BUILD-DIVIDE -#​FFFFFF- CODE WHITE	Action	Action, Sci-Fi	6553	2022
Tamashii: Insert	Hentai	Hentai	6547	2017
HHH: Triple Ecchi ♥	Hentai	Hentai	6541	2010
TSUKIUTA. The Animation	Music	Music	6532	2016
Antique Bakery	Comedy	Comedy	6532	2008
Minami-ke: Omatase	Comedy	Comedy, Slice of Life	6531	2012
The Ones Within OVA	Comedy	Comedy, Drama	6530	2020
Tennis no Ouji-sama: Zenkoku Taikai-hen Semifinal	Action	Action, Comedy, Sports	6528	2007
capeta	Drama	Drama, Sports	6515	2005
Pendulum	Drama	Drama, Music, Romance, Slice of Life	6501	2012
Sayonara Zetsubou Sensei: Nyankin no Kirisuto	Comedy	Comedy	6499	2012
Cardcaptor Sakura: Suteki Desu wa, Sakura-chan! Tomoyo no Cardcaptor Sakura Katsuyaku Video Nikki!	Adventure	Adventure, Comedy, Drama, Mahou Shoujo, Romance	6499	1998
STAND BY ME Doraemon 2	Adventure	Adventure, Comedy, Fantasy	6497	2020
Kanokon Specials	Ecchi	Ecchi	6495	2008
Kirepapa	Comedy	Comedy, Drama, Romance	6487	2008
Rilakkuma and Kaoru	Comedy	Comedy, Slice of Life	6473	2019
Sword Art Online Fatal Bullet -The Third Episode-	Action	Action, Fantasy	6471	2018
I My Me! Strawberry Eggs	Comedy	Comedy, Drama, Romance, Slice of Life	6471	2001
Umi Monogatari	Drama	Drama, Fantasy, Mahou Shoujo, Romance, Supernatural	6459	2009
Case Closed: Episode One - The Great Detective Turned Small	Adventure	Adventure, Comedy, Mystery	6458	2016
The Titan's Bride	Fantasy	Fantasy, Hentai, Romance	6457	2020
Mahou Sensei Negima! Shiroki Tsubasa ALA ALBA	Action	Action, Adventure, Comedy, Ecchi, Romance	6454	2008
Yuuki Yuuna wa Yuusha de Aru: Washio Sumi no Shou 1 - Tomodachi	Action	Action, Drama, Fantasy, Mahou Shoujo, Slice of Life	6451	2017
Fresh Precure!	Action	Action, Comedy, Fantasy, Mahou Shoujo	6451	2009
Blue Thermal	Drama	Drama, Sports	6450	2022
Batman: Gotham Knight	Action	Action, Adventure	6447	2008
Aikatsu Stars!	Comedy	Comedy, Music	6445	2016
Cute High Earth Defense Club LOVE! LOVE!	Comedy	Comedy, Mahou Shoujo, Slice of Life	6445	2016
Mahoromatic: Something More Beautiful	Comedy	Comedy, Drama, Ecchi, Romance, Sci-Fi	6445	2002
Baoh the Visitor	Action	Action, Sci-Fi	6442	1989
Teekyuu 8	Comedy	Comedy, Sports	6440	2016
Shion no Ou: The Flowers of Hard Blood	Drama	Drama, Mystery, Thriller	6429	2007
Yes! Pretty Cure 5	Action	Action, Comedy, Fantasy, Mahou Shoujo, Romance	6424	2007
D.C.II: Da Capo II	Drama	Drama, Ecchi, Romance	6415	2007
Super GALS	Comedy	Comedy, Slice of Life	6415	2001
Haiyoru! Nyaruani: Remember My Mr. Lovecraft	Comedy	Comedy, Sci-Fi	6410	2011
Tennis no Ouji-sama: Zenkoku Taikai-hen Final	Comedy	Comedy, Sports	6404	2008
Overlord Movie: Ple Ple Pleiades	Action	Action, Comedy, Fantasy	6402	2017
SHOW BY ROCK!! Mashumairesh!!	Comedy	Comedy, Music	6399	2020
Let's Make a Mug Too 2	Comedy	Comedy, Slice of Life	6397	2021
Night World	Fantasy	Fantasy	6395	2021
Sekaiichi Hatsukoi: Propose-hen	Comedy	Comedy, Drama, Romance	6395	2020
Into the Night	Romance	Romance	6392	
High School Fleet Movie	Action	Action, Comedy	6391	2020
Someday's Dreamers II Sora	Drama	Drama, Romance, Slice of Life, Supernatural	6388	2008
Vivy: Fluorite Eye’s Song - PILOT MOVIE	Action	Action, Music, Sci-Fi	6386	
Kanojo ga Flag wo Oraretara (If Her Flag Breaks) OVA	Comedy	Comedy, Romance	6382	2014
Digimon Xros Wars: The Evil Death Generals and the Seven Kingdoms	Action	Action, Adventure, Comedy, Fantasy, Sci-Fi	6377	2011
BanG Dream! OVA	Music	Music, Slice of Life	6364	2017
Attack on Skytree	Action	Action, Adventure, Fantasy	6360	
Shomin Sample: Kujou-san no Doesu Soudan-Shitsu Anime-ban	Comedy	Comedy, Ecchi, Romance	6360	2016
Minami Kamakura High School Girls Cycling Club	Sports	Sports	6360	2017
Bananya and the Curious Bunch	Comedy	Comedy, Fantasy, Slice of Life	6358	2019
Kuroko's Basketball: Would You Like To Chat	Comedy	Comedy, Sports	6358	2015
A Bridge to the Starry Skies OVA	Romance	Romance	6355	2011
Recorder and Randsell Re	Comedy	Comedy	6349	2012
Nee SUMMER!	Hentai	Hentai, Romance	6338	2011
Tokyo Majin Season 2	Action	Action, Drama, Fantasy, Horror, Mystery	6338	2007
Kodomo no Jikan OVA	Comedy	Comedy, Ecchi	6329	2007
MAJOR SECOND Season 2	Comedy	Comedy, Drama, Sports	6321	2020
Deltora Quest	Adventure	Adventure, Fantasy	6321	2007
K: SEVEN STORIES "SIDE:BLUE - Sirius - "	Action	Action, Supernatural	6314	2018
Neo Ranga	Adventure	Adventure, Horror, Mecha	6311	1998
MEGANEBU!	Comedy	Comedy, Slice of Life	6308	2013
Yaojing Zhongzhi Shouce	Adventure	Adventure, Comedy, Ecchi, Fantasy, Romance	6307	
Marriage of God & Soul Godannar!!	Comedy	Comedy, Ecchi, Mecha, Romance, Sci-Fi	6306	2003
TRAVA: FIST PLANET	Action	Action, Comedy, Mecha, Sci-Fi	6303	2002
Tales of Symphonia: The Animation - Tethe'alla Arc	Action	Action, Adventure, Fantasy	6299	2010
Kagaku na Yatsura	Comedy	Comedy, Ecchi, Romance, Sci-Fi	6296	2013
Arve Rezzle: Kikaijikake no Yousei-tachi	Action	Action, Drama, Mystery, Sci-Fi, Thriller	6292	2013
Squishy! Black Clover	Comedy	Comedy, Fantasy	6285	2019
Ai no Kusabi	Action	Action, Drama, Romance, Sci-Fi	6277	1992
Blue Seed	Action	Action, Adventure, Comedy, Drama, Mystery	6272	1994
Oda Cinnamon Nobunaga	Comedy	Comedy, Slice of Life	6269	2020
Freedom	Action	Action, Adventure, Sci-Fi	6264	2006
One Week Friends Kaori no Nikki	Slice of Life	Slice of Life	6255	2014
Wu Shan Wu Xing: Xi Chuan Huan Zi Lin	Action	Action, Drama, Fantasy	6254	
Those Who Hunt Elves	Adventure	Adventure, Comedy, Ecchi, Fantasy	6254	1996
Supernatural: The Anime Series	Action	Action, Horror, Mystery, Supernatural	6247	2011
Ane Naru Mono	Ecchi	Ecchi, Horror, Romance, Slice of Life, Supernatural	6245	
Fantasia Sango - Realm of Legends	Fantasy	Fantasy	6241	2022
Danchigai Special	Comedy	Comedy, Slice of Life	6232	2015
Bungaku Shoujo: Memoire	Comedy	Comedy, Drama, Mystery, Psychological, Romance	6227	2010
Samurai Jam-Bakumatsu Rock	Action	Action, Comedy, Fantasy, Music	6220	2014
Bokura no LIVE Kimi to no LIFE	Music	Music	6220	
Issho ni Training: Training with Hinako	Ecchi	Ecchi, Sports	6218	2009
Fire in His Fingertips: My Childhood Friend is a Fireman	Comedy	Comedy, Hentai, Romance	6216	2019
Nana to Kaoru	Comedy	Comedy, Ecchi, Romance	6216	2011
Leviathan: The Last Defense	Comedy	Comedy, Fantasy	6214	2013
Princess Principal: Crown Handler - Chapter 3	Action	Action, Adventure, Mystery, Sci-Fi	6209	2023
IDOLM@STER: XENOGLOSSIA	Action	Action, Comedy, Mecha, Romance, Sci-Fi	6209	2007
Majokko Shimai no Yoyo to Nene	Adventure	Adventure, Fantasy	6199	2014
Aura Battler Dunbine	Adventure	Adventure, Fantasy, Mecha, Sci-Fi	6193	1983
The Everyday Tales of a Cat God	Comedy	Comedy, Slice of Life, Supernatural	6191	2011
Futakoi	Comedy	Comedy, Romance	6188	2004
Valkyrie Drive: Mermaid Specials	Action	Action, Ecchi, Fantasy	6180	2016
Fate/Grand Order: Himuro no Tenchi - 7-nin no Saikyou Gijin-hen	Comedy	Comedy	6174	2017
A Wind Named Amnesia	Action	Action, Adventure, Drama, Mecha, Mystery, Psychological, Sci-Fi	6172	1990
Happiness!	Comedy	Comedy, Romance	6162	2006
DAYS: Touin Gakuen-sen!	Sports	Sports	6159	2018
KIRA KIRA☆PRECURE A LA MODE	Comedy	Comedy, Fantasy, Mahou Shoujo, Slice of Life	6155	2017
Mythical Detective Loki Ragnarok	Comedy	Comedy, Mystery, Supernatural	6155	2003
Saint Seiya: LEGEND of SANCTUARY	Action	Action, Adventure, Fantasy, Sci-Fi	6152	2014
I, Tsushima	Comedy	Comedy, Slice of Life	6150	2021
Healin' Good Precure	Action	Action, Fantasy, Mahou Shoujo	6145	2020
C3: Outdoor School Confusion	Action	Action, Comedy, Ecchi, Supernatural	6138	2012
Iblard Jikan	Fantasy	Fantasy	6134	2007
We Rent Tsukumogami	Comedy	Comedy, Mystery, Slice of Life, Supernatural	6129	2018
Softenni	Comedy	Comedy, Ecchi, Sports	6128	2011
Tokyo Marble Chocolate	Fantasy	Fantasy, Romance, Slice of Life	6123	2007
Sukisho	Comedy	Comedy, Drama, Romance, Slice of Life	6122	2005
3x3 Eyes	Action	Action, Fantasy, Horror, Romance	6115	1991
Rainy Cocoa	Comedy	Comedy, Slice of Life	6105	2015
Hetalia: World Stars	Comedy	Comedy	6100	2021
Huyao Xiao Hongniang: Xiasha Pian	Adventure	Adventure, Comedy, Romance, Supernatural	6099	
Legend of the Galactic Heroes Gaiden: Spiral Labyrinth	Drama	Drama, Sci-Fi	6099	2000
Teekyuu 9	Comedy	Comedy, Sports	6089	2017
Starry☆Sky	Comedy	Comedy, Drama, Romance, Slice of Life	6079	2010
The Girl Who Leapt Through Space	Adventure	Adventure, Comedy, Mecha, Sci-Fi	6079	2009
Shakugan no Shana Specials	Comedy	Comedy	6076	2006
Futakoi Alternative	Comedy	Comedy, Drama, Romance	6075	2005
Actors: Songs Connection	Comedy	Comedy, Music, Mystery, Slice of Life	6071	2019
Blue Drop	Drama	Drama, Sci-Fi	6061	2007
Candy☆Boy EX01 - Forecast of the Future	Romance	Romance, Slice of Life	6050	2008
Beyblade Burst Evolution	Action	Action, Sci-Fi, Sports	6045	2017
Fafner Exodus	Drama	Drama, Mecha, Sci-Fi	6045	2015
Buddy Complex: Into the Skies of Tomorrow	Action	Action, Mecha	6044	2014
Pretty Rhythm: Aurora Dream	Drama	Drama, Music, Romance, Sports	6044	2011
Hidamari Sketch x 365 Specials	Comedy	Comedy, Slice of Life	6042	2009
Blessing of the Campanella	Adventure	Adventure, Fantasy	6039	2010
Uta∞Kata	Drama	Drama, Fantasy, Mahou Shoujo, Psychological	6036	2004
Mobile Suit Gundam SEED FREEDOM	Action	Action, Drama, Mecha, Romance, Sci-Fi	6035	2024
Dragon Half	Comedy	Comedy, Fantasy	6033	1993
Another Special	None		6030	
Mysterious Thief Saint Tail	Adventure	Adventure, Fantasy, Mahou Shoujo, Romance	6029	1995
Minami-ke: Betsubara	Comedy	Comedy, Slice of Life	6026	2009
YAMIBO: Darkness, the Hat, and Travelers of the Books	Adventure	Adventure, Ecchi, Fantasy, Mystery	6024	2003
Nodame Cantabile OVA 2	Comedy	Comedy, Music, Romance	6019	2010
Maria Watches Over Us: Printemps	Drama	Drama, Romance	6017	2004
Five Star Stories	Action	Action, Drama, Fantasy, Mecha, Sci-Fi	6016	1989
Taisho Baseball Girls	Comedy	Comedy, Slice of Life, Sports	6014	2009
Mermaid Forest (TV)	Drama	Drama, Fantasy, Horror, Mystery	6011	2003
Baka and Test - Summon the Beasts: Matsuri Special	Comedy	Comedy	6007	2011
Dragon's Heaven	Action	Action, Adventure, Fantasy, Mecha, Sci-Fi	6006	1988
Demon Father Re-born	Hentai	Hentai	6004	2011
D.C.S.S. ~Da Capo Second Season~	Comedy	Comedy, Drama, Romance, Supernatural	6004	2005
HIMOTE HOUSE: A share house of super psychic girls	Comedy	Comedy	6002	2018
Tenchi in Tokyo	Comedy	Comedy, Romance, Sci-Fi	5997	1997
Aki no Kanade	Music	Music, Slice of Life	5991	2015
Grappler Baki: The Ultimate Fighter	Action	Action, Sports	5986	1994
selector destructed WIXOSS	Psychological	Psychological	5979	2016
Vampire Princess Miyu	Action	Action, Drama, Horror, Psychological, Supernatural	5976	1988
Dog of Flanders	Drama	Drama, Slice of Life	5974	1997
Mazinger Z	Action	Action, Drama, Mecha, Sci-Fi	5973	1972
Tales of Byston Well: Garzey's Wing	Adventure	Adventure, Fantasy	5973	1996
All Alone With You	Fantasy	Fantasy	5972	
.hack//Liminality	Mystery	Mystery, Sci-Fi	5965	2002
Yuuki Yuuna wa Yuusha de Aru: Washio Sumi no Shou 3 - Yakusoku	Action	Action, Drama, Fantasy, Mahou Shoujo, Slice of Life	5960	2017
Theatre of Darkness: Yamishibai 6	Horror	Horror, Supernatural	5958	2018
Ajin: Shoutotsu	Action	Action, Horror, Mystery, Supernatural	5957	2016
Love Hina: Motoko's Choice, Love or the Sword: Don't Cry	Drama	Drama, Ecchi, Romance, Slice of Life	5957	2000
Motto! Ojamajo Doremi	Comedy	Comedy, Drama, Fantasy, Mahou Shoujo, Slice of Life	5956	2001
Morita-san wa Mukuchi.	Comedy	Comedy, Slice of Life	5955	2011
Today in Class 5-2	Comedy	Comedy, Ecchi, Romance	5954	2006
K: SEVEN STORIES "Memory of RED - BURN -"	Action	Action, Supernatural	5949	2018
Stellvia of the Universe	Action	Action, Mecha, Romance, Sci-Fi	5947	2003
Eden of The East Compilation: Air Communication	Action	Action, Comedy, Mystery, Romance, Sci-Fi, Thriller	5945	2009
Crazy Over His Fingers	Ecchi	Ecchi, Hentai, Romance	5943	2020
Digimon Xros Wars: The Young Hunters Who Leapt Through Time	Action	Action, Adventure, Comedy, Fantasy, Sci-Fi	5942	2011
Kemono Friends 2	Comedy	Comedy	5939	2019
BIKINI WARRIORS: Genkai Toppa, Okite-Yaburi	Action	Action, Ecchi, Fantasy	5930	2015
Overlord: Ple Ple Pleiades - Clementine Toubou-hen	Action	Action, Comedy, Fantasy	5928	2018
Solty Rei	Action	Action, Sci-Fi	5926	2005
Ecchi na Onee-chan ni Shiboraretai	Hentai	Hentai	5923	2019
Zipang	Action	Action, Sci-Fi	5923	2004
A.D. Police Files	Action	Action, Adventure, Horror, Mecha, Mystery, Psychological, Sci-Fi, Thriller	5922	1990
Monster Strike the Animation	Action	Action, Comedy, Fantasy, Sci-Fi	5920	2015
Sekai Seifuku: Bouryaku no Zvezda - Shin Zvezda Daisakusen	Action	Action, Comedy, Fantasy	5918	2014
Hyperventilation	Drama	Drama, Hentai, Romance	5916	
Tokimeki Memorial	Comedy	Comedy, Romance	5916	2006
ID-0	Mecha	Mecha, Sci-Fi	5915	2017
Angel's Drop	Comedy	Comedy, Ecchi, Fantasy	5911	2013
Sorcerer Hunters	Adventure	Adventure, Comedy, Ecchi, Fantasy	5910	1995
Shakugan no Shana II (Second) Specials	Comedy	Comedy	5907	2008
SHORT PEACE	Action	Action, Drama, Fantasy, Romance, Sci-Fi	5895	2013
AMNESIA OVA	Fantasy	Fantasy	5890	2013
Ginga: Nagareboshi Gin	Action	Action, Adventure, Drama	5887	1986
War God System! I'm Counting On You!	Comedy	Comedy, Fantasy	5878	
Puella Magi Sonico Magica	Mahou Shoujo	Mahou Shoujo, Music	5876	2011
Popotan	Comedy	Comedy, Drama, Ecchi, Supernatural	5876	2003
The House of the Lost on the Cape	Fantasy	Fantasy	5875	2021
Inazuma Eleven GO the Movie: The Ultimate Bonds Gryphon	Sports	Sports, Supernatural	5875	2011
Sky Wizards Academy OVA	Action	Action, Drama, Fantasy	5868	2016
The Journey	Action	Action, Adventure	5866	2021
GARO: Divine Flame	Action	Action, Fantasy, Supernatural	5862	2016
Jigoku Sensei Nube	Adventure	Adventure, Comedy, Horror, Romance	5862	1996
I★CHU	Music	Music	5857	2021
Detective Conan: The Bride of Halloween	Action	Action, Drama, Mystery	5854	2022
Technoroid OVERMIND	Music	Music, Sci-Fi	5854	2023
Sky Blue	Action	Action, Drama, Romance, Sci-Fi	5854	
Sengoku Collection	Fantasy	Fantasy	5848	2012
City Hunter 3	Comedy	Comedy, Mystery	5843	1989
Ultramaniac - Magical Girl	Comedy	Comedy, Romance, Supernatural	5843	2003
Yatogame-chan Kansatsu Nikki 2	Comedy	Comedy, Slice of Life	5842	2020
Birdy the Mighty Decode: The Cipher	Action	Action, Comedy, Sci-Fi	5842	2009
Music Girls	Music	Music, Slice of Life	5840	2018
MILGRAM	Mystery	Mystery, Psychological	5839	
Mobile Suit Gundam Thunderbolt: Bandit Flower	Action	Action, Drama, Mecha, Sci-Fi	5839	2017
Joshi Luck!	Hentai	Hentai, Romance, Sports	5838	2019
Million Arthur 2	Action	Action, Adventure, Fantasy	5837	2019
My Sister, My Writer (OVA)	Comedy	Comedy, Ecchi, Romance	5836	2019
Strike Witches OVA	Action	Action, Ecchi, Sci-Fi	5830	2007
Honey and Clover Specials	Comedy	Comedy, Drama, Romance, Slice of Life	5826	2005
Doraemon	Adventure	Adventure, Comedy, Fantasy	5822	1973
Mezzo	Action	Action, Adventure, Comedy, Mystery, Sci-Fi	5814	2004
This Boy is a Professional Wizard	Fantasy	Fantasy, Romance	5811	2016
Squid Girl Specials	Comedy	Comedy	5811	2011
Ghost Stories: The Headless Horsemen!! Curse of Death	Horror	Horror, Mystery, Supernatural	5810	2001
THE IDOLM@STER CINDERELLA GIRLS Theater	Comedy	Comedy, Music, Slice of Life	5808	2017
AMAZING STRANGER	Comedy	Comedy, Romance	5806	2019
Intrigue in the Bakumatsu: Irohanihoheto	Action	Action, Drama	5805	2006
Saiyuki Reload	Action	Action, Adventure, Comedy, Drama, Fantasy	5805	2003
KINMOZA The Movie: Thank you!!	Comedy	Comedy, Slice of Life	5793	2021
Kanamewo	Drama	Drama, Romance, Supernatural	5790	2015
Hataraki Man	Comedy	Comedy, Drama, Romance, Slice of Life	5790	2006
Shin Koihime Musou	Comedy	Comedy, Ecchi, Fantasy	5789	2009
A Little Princess Sara	Drama	Drama, Slice of Life	5786	1985
Papa to Kiss in the Dark	Comedy	Comedy, Drama, Romance	5785	2005
ARIA The BENEDIZIONE	Fantasy	Fantasy, Sci-Fi, Slice of Life	5784	2021
Tiny Evil	Hentai	Hentai	5781	2018
The Slayers Evolution-R	Adventure	Adventure, Comedy, Fantasy	5775	2009
Quanzhi Fashi 6	Action	Action, Fantasy	5772	
dokidoki Little Ooya-san	Hentai	Hentai	5771	2018
Aquatic Language	Drama	Drama, Psychological, Sci-Fi	5771	2002
Cells at Work! Specials	Comedy	Comedy	5763	
K: SEVEN STORIES "Lost Small World - Outside the Cage - "	Action	Action, Supernatural	5763	2018
Grand Blues!	Comedy	Comedy	5758	2020
Zettai Shounen	Drama	Drama, Fantasy, Mystery, Sci-Fi	5757	2005
DRAMAtical Murder OVA: Data_xx_Transitory	Action	Action, Psychological, Sci-Fi	5750	2015
With Maki-chan	Hentai	Hentai	5750	2012
Gauche the Cellist	Comedy	Comedy, Drama, Fantasy, Music	5746	1982
ONE PIECE 3D: Gekisou! Trap Coaster	Action	Action, Adventure, Comedy	5743	2011
BAKUMATSU	Action	Action, Sci-Fi	5742	2018
Heart and Yummie	Action	Action, Adventure, Fantasy	5741	2010
GA Geijutsuka Art Design Class	Comedy	Comedy, Slice of Life	5741	2009
Kyouran Kazoku Nikki	Comedy	Comedy, Sci-Fi	5740	2008
Nyanpire - The Vampire Cat	Comedy	Comedy, Supernatural	5739	2011
Resident Evil: Damnation	Action	Action, Horror, Sci-Fi	5738	2012
one off	Slice of Life	Slice of Life	5734	2012
Hanaukyou Maid-tai	Comedy	Comedy, Ecchi, Romance	5730	2001
Resort BOIN	Hentai	Hentai	5727	2007
Emma: A Victorian Romance Second Act	Drama	Drama, Romance, Slice of Life	5723	2007
BanG Dream! Poppin' Dream!	Music	Music	5716	2022
Tengen Toppa Gurren Lagann Movie: Lagann-hen Special - Viral no Amai Yume	Comedy	Comedy	5716	2009
Genius Party Beyond	Action	Action, Fantasy, Music, Sci-Fi	5713	2008
Dragon Ball Z: Atsumare! Goku's World	Action	Action, Adventure, Comedy	5709	
Cardfight!! Vanguard overDress	Action	Action, Adventure	5704	2021
K: SEVEN STORIES "SIDE:GREEN - Overwrite World - "	Action	Action, Supernatural	5704	2018
Muv-Luv Alternative Season 2	Action	Action, Drama, Mecha, Sci-Fi	5699	2022
Yuuki Yuuna wa Yuusha de Aru: Washio Sumi no Shou 2 - Tamashii	Action	Action, Drama, Fantasy, Mahou Shoujo, Slice of Life	5698	2017
Pokémon: Pikachu's Rescue Adventure	Adventure	Adventure, Comedy, Fantasy	5696	1999
Issho ni Sleeping: Sleeping with Hinako	Ecchi	Ecchi	5693	2010
Magical Angel Creamy Mami	Comedy	Comedy, Fantasy, Mahou Shoujo, Music, Romance, Sci-Fi	5691	1983
BanG Dream! FILM LIVE	Music	Music	5688	2019
Iron Man	Action	Action, Drama, Mecha	5688	2010
Tokyo Autumn Session	Romance	Romance, Slice of Life	5687	
Venus Wars	Action	Action, Adventure, Sci-Fi	5683	1989
Koro-sensei Q!	Comedy	Comedy	5681	2016
A-Channel: A-Channel+smile	Comedy	Comedy, Slice of Life	5679	2012
Strike Witches: 501st JOINT FIGHTER WING Take Off!	Comedy	Comedy, Sci-Fi	5678	2019
Ojii-san no Lamp	Drama	Drama	5676	2011
Hidamari Sketch x SP	Comedy	Comedy, Slice of Life	5674	2011
Otona Joshi no Anime Time	Drama	Drama, Romance	5674	2011
Cipher	Drama	Drama, Music	5672	1989
Ajin: Shougeki	Action	Action, Horror, Mystery, Supernatural	5667	2016
AIKa R-16: Virgin Mission	Action	Action, Comedy, Ecchi	5667	2007
Blade	Action	Action, Drama, Horror, Supernatural	5665	2011
Rurouni Kenshin: New Kyoto Arc	Action	Action, Drama	5663	2011
Idaten Jump	Adventure	Adventure, Mystery, Sports, Supernatural	5663	2005
Suite Precure♪	Action	Action, Fantasy, Mahou Shoujo, Music	5659	2011
Modern Magic Made Simple	Comedy	Comedy	5659	2009
Aquarion Logos	Action	Action, Fantasy, Mecha, Sci-Fi	5658	2015
Roar of the Machine God Demonbane (2006)	Action	Action, Ecchi, Mecha, Romance	5656	2006
Granblue Fantasy: The Animation Special	Fantasy	Fantasy	5653	2017
BBK/BRNK The Gentle Giants of the Galaxy	Action	Action, Drama, Mecha, Sci-Fi	5653	2016
Fox Spirit Matchmaker	Comedy	Comedy, Romance, Supernatural	5646	
Resident Evil: Vendetta	Action	Action, Horror, Sci-Fi	5645	2017
PERSONA5 the Animation: Proof of Justice	Action	Action, Fantasy, Supernatural	5643	2019
Tiger & Bunny: The Movie - The Beginning	Action	Action, Comedy, Mystery	5641	2012
Hand Maid May	Comedy	Comedy, Ecchi, Romance, Sci-Fi	5640	2000
Tengen Toppa Gurren Lagann: Parallel Works 2	Mecha	Mecha	5638	
Polyphonica	Drama	Drama, Fantasy, Music, Romance	5638	2007
Shikizakura	Sci-Fi	Sci-Fi	5633	2021
Yu☆Gi☆Oh! Duel Monsters: Battle City Special	Adventure	Adventure, Fantasy	5626	2002
Kyonyuu Fantasy	Comedy	Comedy, Fantasy, Hentai, Supernatural	5625	2012
MD Geist - The Most Dangerous Ever	Action	Action, Mecha, Sci-Fi	5617	1986
Cardfight!! Vanguard Asia Circuit	Action	Action, Adventure, Fantasy	5610	2012
Gundam Build Divers Re:RISE	Action	Action, Mecha, Sci-Fi	5606	2019
ISUCA: Gokuraku	Comedy	Comedy, Ecchi, Supernatural	5605	2015
Urawa no Usagi-chan	Comedy	Comedy, Slice of Life	5603	2015
Making A Cumback to Early Days!	Hentai	Hentai	5599	2019
Okusama wa Joshikousei	Comedy	Comedy, Drama, Romance, Slice of Life	5595	2005
Senran Kagura: Estival Versus - Festival Eve Full of Swimsuits	Action	Action, Comedy, Ecchi	5592	2015
CESTVS -The Roman Fighter-	Action	Action, Drama, Sports	5589	2021
Tiger Mask W	Action	Action, Drama, Sports	5587	2016
Dragon Quest: Your Story	Adventure	Adventure, Comedy, Fantasy	5582	2019
Bikini Warriors OVA	Comedy	Comedy, Ecchi, Fantasy	5580	2016
Mai-Mai Miracle	Adventure	Adventure, Drama, Slice of Life	5578	2009
Rec Special	Comedy	Comedy, Drama, Romance	5578	2006
Final Fantasy: Unlimited	Action	Action, Adventure, Fantasy, Sci-Fi	5578	2001
Miss Monochrome - The Animation - 2	Comedy	Comedy, Music, Slice of Life	5570	2015
Fate/Zero Cafe	Comedy	Comedy	5567	
Chiikawa	Comedy	Comedy, Slice of Life	5566	2022
Circlet Princess	Sci-Fi	Sci-Fi, Sports	5561	2019
Lupin III: The Secret of Mamo	Adventure	Adventure, Comedy, Mystery, Sci-Fi	5561	1978
MEGATON MUSASHI	Mecha	Mecha, Sci-Fi	5559	2021
Pupipo!	Slice of Life	Slice of Life, Supernatural	5556	2014
Freezing Vibration Specials	Action	Action, Comedy, Ecchi	5551	2014
City Hunter '91	Action	Action, Comedy, Mystery	5551	1991
Nodame Cantabile: Nodame to Chiaki no Umi Monogatari	Comedy	Comedy, Music, Romance, Slice of Life	5550	2008
OVERMAN King Gainer	Action	Action, Adventure, Mecha, Sci-Fi	5549	2002
Ganbare, Douki-chan Special	Comedy	Comedy, Ecchi, Romance, Slice of Life	5548	2021
K: SEVEN STORIES "Circle Vision - Nameless Song - "	Action	Action, Drama, Supernatural	5545	2018
Saint Seiya: The Heaven Chapter - Overture	Adventure	Adventure, Sci-Fi	5545	2004
Queen's Blade: Beautiful Warriors	Action	Action, Adventure, Ecchi, Fantasy	5541	2010
Magikano	Comedy	Comedy, Fantasy, Romance	5541	2006
Resident Evil: Infinite Darkness	Action	Action, Horror, Sci-Fi	5537	2021
I Want to be His Prey	Hentai	Hentai, Romance	5536	2020
Hiyokoi (2012)	Romance	Romance	5525	2012
Hidamari Sketch Sae & Hiro Graduation	Comedy	Comedy, Slice of Life	5521	2013
Collar×Malice: deep cover	Mystery	Mystery, Romance, Thriller	5519	2023
Yu-Gi-Oh! SEVENS	Action	Action, Fantasy, Sci-Fi	5516	2020
Hyakka Ryouran: Samurai After	Comedy	Comedy, Ecchi	5516	2015
Super Lovers OVA	Comedy	Comedy, Drama, Romance	5514	2017
Tokyo BABYLON	Action	Action, Mystery, Supernatural	5512	1992
Ne Zha	Action	Action, Comedy, Drama, Fantasy	5509	
The Laughing Salesman	Comedy	Comedy, Drama, Horror	5509	2017
Ringing Bell	Adventure	Adventure, Drama, Fantasy	5509	1978
There She Is!!	Comedy	Comedy, Romance	5508	
Hidamari Sketch x Hoshimittsu Specials	Comedy	Comedy, Slice of Life	5504	2010
Theatre of Darkness: Yamishibai 7	Horror	Horror, Supernatural	5502	2019
Lusty Ladies of Mayohiga	Hentai	Hentai, Romance	5499	2017
Ginga e Kickoff!!	Sports	Sports	5498	2012
Candy☆Boy EX02 - Theory of Happiness Sharing	Romance	Romance, Slice of Life	5498	2009
NIGHT HEAD GENESIS	Drama	Drama, Horror, Mystery, Psychological, Sci-Fi, Supernatural	5494	2006
Yuri Seijin Naoko-san	Comedy	Comedy	5492	2010
Ojamajo Doremi Dokkaan!	Comedy	Comedy, Drama, Fantasy, Mahou Shoujo, Slice of Life	5483	2002
Yaoguai Mingdan	Action	Action, Comedy, Ecchi, Fantasy, Romance	5478	
Ghost in the Shell: S.A.C. 2nd GIG - Individual Eleven	Action	Action, Mecha, Sci-Fi	5475	2006
BanG Dream! Episode of Roselia I: Promise	Music	Music	5472	2021
The Story of Saiunkoku Second Series	Adventure	Adventure, Comedy, Drama, Fantasy, Romance	5468	2007
Muttsuri Dosukebe Russia Gibo Shimai no Honshitsu Minuite Sex Zanmai	Hentai	Hentai	5466	2018
Fortune Favors Lady Nikuko	Comedy	Comedy, Drama, Slice of Life	5465	2021
Getsuyoubi no Tawawa 2 Special	Ecchi	Ecchi, Slice of Life	5461	2021
Try Knights	Action	Action, Drama, Sports	5460	2019
Gosenzo-sama Banbanzai!	Comedy	Comedy, Sci-Fi	5459	1989
Dera-chan of the Southern Island	Comedy	Comedy, Slice of Life	5450	2014
Amanchu!: The Story of the Promised Summer and New Memories	Comedy	Comedy, Slice of Life	5448	2017
TAILENDERS	Action	Action, Adventure, Sci-Fi	5447	2009
Dai-Shogun - Great Revolution	Action	Action, Mecha	5444	2014
Ai no Kusabi (2012)	Drama	Drama, Romance, Sci-Fi	5444	2012
Tenshi na Konamaiki	Comedy	Comedy, Romance, Supernatural	5442	2002
Baki OVA	Action	Action	5441	2016
Zettai Junpaku♡Mahou Shoujo	Action	Action, Ecchi, Mahou Shoujo, Romance	5438	2012
Moyashimon Returns	Comedy	Comedy, Supernatural	5438	2012
Sengoku Basara - Samurai Kings: The Movie	Action	Action	5437	2011
This Boy Can Fight Aliens	Action	Action, Fantasy, Romance, Supernatural	5423	2011
Shinmai Maou no Testament: DEPARTURES - Maria no Hizou Eizou	Comedy	Comedy, Ecchi, Fantasy	5418	2018
Dropkick on My Devil!! Dash: Chapter Chitose	Comedy	Comedy, Slice of Life, Supernatural	5414	2020
All Saints Street 2	Comedy	Comedy, Fantasy, Slice of Life, Supernatural	5411	
Tentai Senshi Sunred	Comedy	Comedy	5403	2008
Cardfight!! Vanguard Link Joker	Action	Action, Adventure, Fantasy	5402	2013
Fate/strange Fake TVCM	Action	Action, Fantasy	5401	
Mahou Sensei Negima! Mou Hitotsu no Sekai	Action	Action, Adventure, Ecchi, Supernatural	5394	2009
Iriya no Sora, UFO no Natsu	Drama	Drama, Romance, Sci-Fi	5390	2005
Delicious Party Precure	Action	Action, Fantasy, Mahou Shoujo	5388	2022
With a Dog AND a Cat, Every Day is Fun	Comedy	Comedy, Slice of Life	5387	2020
Slam Dunk Movie 1	Comedy	Comedy, Drama, Slice of Life, Sports	5384	1994
March comes in like a lion meets Bump of Chicken	None		5382	
Captain Tsubasa J	Sports	Sports	5381	1994
HOLOLIVE ALTERNATIVE Teaser PVs	Fantasy	Fantasy	5378	2021
Aooni The Blue Monster	Comedy	Comedy, Horror	5365	2016
Inuyasha: Kuroi Tessaiga	Action	Action	5365	2008
.hack//G.U. Trilogy	Action	Action, Fantasy, Sci-Fi	5364	2008
Kyoto Animation: Megane-hen	Action	Action, Supernatural	5363	
Maesetsu! Opening Act	Comedy	Comedy, Slice of Life	5352	2020
Genshiken Second Generation OVA	Comedy	Comedy, Slice of Life	5352	
Heaven's Design Team: Idea 13	Comedy	Comedy, Fantasy, Slice of Life	5351	2021
D.C.II S.S.: Da Capo II Second Season	Comedy	Comedy, Drama, Fantasy, Romance	5344	2008
Digimon Tamers: Battle of Adventurers	Action	Action, Adventure, Drama, Sci-Fi	5344	2001
Binbou Shimai Monogatari	Comedy	Comedy, Drama, Slice of Life	5343	2006
Baka and Test - Summon the Beasts: Hideyoshi Hideyoshi Magic Special	Comedy	Comedy, Mahou Shoujo	5330	2011
One Stormy Night	Adventure	Adventure, Comedy, Drama, Fantasy	5327	2005
Final Approach	Comedy	Comedy, Drama, Romance, Slice of Life	5325	2004
Shishunki Sex	Hentai	Hentai	5313	2019
Gakuen de Jikan yo Tomare	Hentai	Hentai	5313	2015
Sabagebu! - Survival Game Club! - OVA Special Mission	Action	Action, Comedy, Sports	5311	2014
Nodame Cantabile OVA	Comedy	Comedy, Music, Romance, Slice of Life	5308	2009
Jieyao	Action	Action, Psychological, Slice of Life	5307	
Oni Chichi: Rebuild	Hentai	Hentai	5307	2013
ARIA The NATURAL: Sono Futatabi Deaeru Kiseki ni...	Fantasy	Fantasy, Sci-Fi, Slice of Life	5305	2006
tactics	Comedy	Comedy, Drama, Fantasy, Mystery	5304	2004
Even a Dad Still Wants It...	Hentai	Hentai, Romance	5302	2019
Yi Nian Yongheng	Action	Action, Comedy, Fantasy	5300	
VAMPIRE HOLMES	Comedy	Comedy, Mystery, Supernatural	5300	2015
Detective Opera Milky Holmes 2	Comedy	Comedy, Mystery	5299	2012
X-Men	Action	Action, Drama	5298	2011
Mi Yu Xingzhe	Mystery	Mystery, Psychological, Thriller	5295	
In This Corner (and Other Corners) of the World	Drama	Drama, Slice of Life	5292	2019
Eureka Seven Hi-Evolution 1	Adventure	Adventure, Drama, Mecha, Sci-Fi	5288	2017
Sky Girls	Action	Action, Mecha, Sci-Fi	5287	2007
The Imaginary	Fantasy	Fantasy	5284	2023
Recorder and Randsell Mi	Comedy	Comedy	5284	2013
BanG Dream! Girls Band Party!☆PICO～OHMORI～	Comedy	Comedy, Music	5283	2020
Baku Ane 2: Otouto Ippai Shibocchau zo! THE ANIMATION	Hentai	Hentai, Romance	5281	2017
Slayers: The Motion Picture	Adventure	Adventure, Comedy, Fantasy	5276	1995
Plastic Little: The Adventures of Captain Tita	Action	Action, Adventure, Comedy, Ecchi, Mecha, Romance, Sci-Fi	5274	1994
Mahoraba ~HeartfuL days~	Comedy	Comedy, Drama, Romance	5272	2005
Oni Chichi 2	Hentai	Hentai	5267	2010
Ikoku Irokoi Romantan	Romance	Romance	5262	2007
Mobile Police Patlabor: WXIII	Mecha	Mecha, Sci-Fi	5261	2002
Fairies Albums	Fantasy	Fantasy, Mystery, Supernatural	5256	
HAKYU HOSHIN ENGI	Adventure	Adventure, Fantasy, Supernatural	5253	2018
Moshidora	Drama	Drama, Sports	5253	2011
THE IDOLM@STER Million Live!	Music	Music	5252	2023
Dojin Work	Comedy	Comedy, Slice of Life	5251	2007
Arata naru Sekai: Mirai-hen	Sci-Fi	Sci-Fi	5247	2012
Tai-Ari deshita.: Ojou-sama wa Kakutou Game Nante Shinai	Drama	Drama	5245	
Discipline: The Hentai Academy	Hentai	Hentai	5244	2003
The Heroic Legend of Arslan: Age of Heroes	Action	Action, Adventure, Drama, Fantasy	5240	1991
Oide yo! Mizuryuu Kei Land	Hentai	Hentai	5239	2017
Thunderbolt Fantasy: Sword Travels in the East	Action	Action, Drama, Fantasy	5238	2016
Baby I Love You Daze	Romance	Romance	5235	
Brigadoon	Adventure	Adventure, Comedy, Drama, Mecha, Sci-Fi	5230	2000
Magical Girl Lyrical Nanoha: Reflection	Action	Action, Drama, Mahou Shoujo, Mecha, Sci-Fi	5226	2017
Voice of Fox	Drama	Drama, Music	5224	2018
Kuro no Sumika -Chronus-	Psychological	Psychological, Supernatural	5223	2014
001	Comedy	Comedy	5213	
Night Wizard The ANIMATION	Adventure	Adventure, Fantasy	5205	2007
Tenchi Muyo! Ryo-Ohki Season 2	Action	Action, Comedy, Sci-Fi	5205	1994
Mobile Suit Gundam: Cucuruz Doan's Island	Mecha	Mecha, Sci-Fi	5197	2022
Kagerou Daze: in a days	Comedy	Comedy, Romance, Sci-Fi, Slice of Life, Supernatural	5193	2016
Takamiya Nasuno Desu!	Comedy	Comedy	5193	2015
Sister Princess	Comedy	Comedy, Drama, Romance, Slice of Life	5190	2001
Shoujo☆Kageki Revue Starlight: Rondo Rondo Rondo	Action	Action, Drama, Music	5189	2020
Gatchaman Crowds: Embrace	Adventure	Adventure, Sci-Fi	5189	2014
Major: Yuujou no Ikkyuu	Action	Action, Sports	5189	2008
KochiKame	Comedy	Comedy, Slice of Life	5183	1996
planetarian: Snow Globe	Drama	Drama, Fantasy, Romance, Sci-Fi	5181	2021
Laughing Under the Clouds: Gaiden Part 1	Action	Action	5181	2017
LBX Girls	Action	Action, Mecha, Sci-Fi	5172	2021
Sengoku BASARA - End of Judgement	Action	Action	5165	2014
Tokyo Underground	Action	Action, Adventure, Romance, Sci-Fi	5164	2002
Student Council's Holidays	Comedy	Comedy	5163	2013
Shamanic Princess	Action	Action, Fantasy, Mahou Shoujo, Romance	5158	1996
Mewkledreamy	Adventure	Adventure, Comedy, Fantasy, Mahou Shoujo	5153	2020
Otomedori	Hentai	Hentai	5152	2012
Yuri Seijin Naoko-san (2012)	Comedy	Comedy	5150	2012
DEEMO: Memorial Keys	Music	Music	5149	2022
Majo Minarai wo Sagashite	Comedy	Comedy, Mahou Shoujo	5149	2020
Remi, Nobody's Girl	Adventure	Adventure, Drama, Slice of Life	5148	1996
Rin-ne 3	Comedy	Comedy, Romance, Supernatural	5147	2017
Symphogear G: Non-Songs of the Valkyries	Comedy	Comedy, Mahou Shoujo, Music, Slice of Life	5146	2014
Chi's Sweet Home - Chi's New Address	Comedy	Comedy, Slice of Life	5139	2009
PreCure Splash Star	Action	Action, Adventure, Comedy, Fantasy, Mahou Shoujo	5138	2006
Steel Angel Kurumi	Action	Action, Adventure, Comedy, Drama, Mecha, Romance, Sci-Fi	5131	1999
Shoujo Sect	Drama	Drama, Hentai, Romance	5130	2008
Schoolgirl Strikers Animation Channel	Action	Action, Sci-Fi	5125	2017
Banner of the Stars II	Action	Action, Romance, Sci-Fi	5124	2001
Baka na Imouto wo Rikou ni Suru no wa Ore no xx dake na Ken ni Tsuite	Hentai	Hentai, Romance	5123	2016
Night Warriors: Darkstalkers' Revenge	Action	Action, Adventure, Drama, Fantasy	5120	1997
BROTHERS CONFLICT OVA	Romance	Romance	5115	2015
Tales of Symphonia: The Animation - The United World Arc	Action	Action, Adventure, Fantasy	5113	2011
Minami-ke Natsuyasumi	Comedy	Comedy, Slice of Life	5112	2013
100 Sleeping Princes & the Kingdom of Dreams	Adventure	Adventure, Fantasy	5108	2018
Shoot! Goal to the Future	Sports	Sports	5107	2022
How Heavy Are the Dumbbells You Lift?: Silverman Gym Intense Training Course	Comedy	Comedy, Ecchi, Slice of Life, Sports	5104	2019
Samurai Girls Specials	Action	Action, Comedy, Ecchi, Romance	5103	2010
Detective Conan: The Culprit Hanzawa	Comedy	Comedy, Mystery	5102	2022
Tenchi Muyo! GXP	Action	Action, Comedy, Mecha, Sci-Fi	5099	2002
Legend of the Galactic Heroes Gaiden: Golden Wings	Action	Action, Drama, Sci-Fi	5096	
Armor Shop for Ladies & Gentlemen II	Comedy	Comedy, Ecchi, Fantasy	5095	2021
Ikki Tousen: Shugaku Toshi Keppu-roku	Action	Action, Ecchi	5094	2011
Living for the Day After Tomorrow	Drama	Drama, Fantasy, Slice of Life, Supernatural	5086	2006
Malice@doll	Horror	Horror, Psychological, Sci-Fi	5085	2001
Koakuma Kanojo THE ANIMATION	Hentai	Hentai, Romance, Supernatural	5078	2013
Macross Plus Movie Edition	Action	Action, Adventure, Mecha, Music, Romance, Sci-Fi	5077	1995
The World YAMIZUKAN	Horror	Horror, Supernatural	5075	2017
Wonderful Rush	Music	Music	5074	
Sailor Moon SuperS Plus: Ami's First Love	Comedy	Comedy, Fantasy, Mahou Shoujo, Romance	5073	1995
Ikki Tousen: Western Wolves	Action	Action, Comedy, Ecchi	5063	2019
Ani ni Tsukeru Kusuri wa Nai! 5	Comedy	Comedy, Slice of Life	5062	2022
ARGONAVIS from BanG Dream!	Drama	Drama, Music	5059	2020
The Poem of Wind and Trees	Drama	Drama, Romance	5057	1987
Aikatsu Friends!	Music	Music	5055	2018
Brain Powerd	Action	Action, Adventure, Mecha, Sci-Fi	5054	1998
Ultimate Muscle	Action	Action, Comedy, Sci-Fi, Sports	5051	2002
Revue Starlight Specials	Music	Music, Slice of Life	5049	2018
Our Home's Fox Deity	Adventure	Adventure, Fantasy, Supernatural	5045	2008
Love, Chunibyo & Other Delusions: Take On Me Mini-Theater	Comedy	Comedy	5043	2017
Butlers x Battlers	Comedy	Comedy, Supernatural	5033	2018
Amagami SS+ plus Picture Drama: Valentine For You	Romance	Romance	5032	2012
The Ideon: Be Invoked	Drama	Drama, Mecha, Sci-Fi	5030	1982
Mobile Suit Gundam Seed C.E.73: Stargazer	Mecha	Mecha, Sci-Fi	5026	2006
Venus Versus Virus	Drama	Drama, Romance, Supernatural	5025	2007
Happiness Charge Pretty Cure!	Fantasy	Fantasy, Mahou Shoujo	5024	2014
009 Re:Cyborg	Action	Action, Adventure, Mecha, Sci-Fi	5024	2012
ONE PIECE: Episode of Alabasta - Sabaku no Oujo to Kaizoku-tachi	Action	Action, Adventure, Comedy, Fantasy	5017	2011
Yama no Susume: Second Season Specials	Comedy	Comedy, Ecchi, Slice of Life	5014	2014
Futabu!!	Hentai	Hentai	5013	2015
Boy Meets Harem THE ANIMATION	Hentai	Hentai, Romance	5010	2014
Idol Incidents	Music	Music	5008	2017
RED LINE	Sports	Sports	5007	2009
Appleseed: Ex Machina	Action	Action, Mecha, Sci-Fi	4997	2007
Tekkaman Blade	Action	Action, Adventure, Drama, Mecha, Romance, Sci-Fi	4996	1992
Fist of the North Star Movie	Action	Action, Adventure, Sci-Fi	4991	1986
Princess Arete	Adventure	Adventure, Fantasy	4991	2001
Tropical KISS	Hentai	Hentai, Romance	4983	2012
FORTUNE ARTERIAL: Akai Yakusoku - Tadoritsuita Basho	Comedy	Comedy, Fantasy, Romance	4981	2011
Yukikaze	Action	Action, Drama, Psychological, Sci-Fi	4981	2002
Yuyushiki OVA: Komarasetari, Komarasaretari	Comedy	Comedy, Slice of Life	4980	2017
Show Time!	Hentai	Hentai, Romance	4978	2021
Semantic Error Special	Comedy	Comedy, Romance	4977	
El Hazard: The Magnificent World	Adventure	Adventure, Comedy, Fantasy, Romance	4976	1995
Library War: The Wings of Revolution	Action	Action, Comedy, Romance	4971	2012
Kabukibu!	Comedy	Comedy, Drama, Slice of Life	4969	2017
Detective Conan: Zero's Tea Time	Action	Action, Comedy, Drama, Slice of Life	4963	2022
BanG Dream! Episode of Roselia II: Song I am	Music	Music	4960	2021
Shining Tears X Wind	Action	Action, Adventure, Fantasy	4960	2007
SKET DANCE: Imouto no Nayami ni Nayamu Ani ni Nayamu Imouto to Sono Nakama-tachi	Comedy	Comedy	4958	2013
Nura: Rise of the Yokai Clan OVA	Action	Action, Supernatural	4958	2012
Legend of the Heroes: Trails in the Sky	Action	Action, Adventure, Fantasy	4958	2011
Stop!! Hibari-kun!	Comedy	Comedy	4958	1983
○○ sae Ireba Ii.	Comedy	Comedy, Slice of Life	4957	2017
Doraemon: Nobita no Kyouryuu (2006)	Adventure	Adventure, Comedy	4955	2006
Gift: eternal rainbow	Comedy	Comedy, Drama, Romance	4953	2006
Save Me! Lollipop	Adventure	Adventure, Comedy, Romance	4953	2006
Girls' Weekend Class	Comedy	Comedy, Slice of Life	4952	2017
BLEACH Colorful!: Gotei Juusan Yatai Daisakusen!	Comedy	Comedy	4951	2008
Energy Kyouka!! Getting Off Edition	Hentai	Hentai	4951	2016
Mobile Suit Gundam MS IGLOO: The Hidden One Year War	Mecha	Mecha, Sci-Fi	4950	2004
Show by Rock!! Stars!!	Comedy	Comedy, Music	4947	2021
Mo Gyutto "love" de Sekkinchuu!	Music	Music	4945	
In school trip to the nudist beach!!	Hentai	Hentai, Romance	4942	2016
This Boy Suffers from Crystallization	Fantasy	Fantasy, Romance	4942	2014
Utawarerumono OVA	Action	Action, Comedy, Fantasy	4942	2009
Summer Days with Coo	Adventure	Adventure, Comedy, Drama, Supernatural	4942	2007
Baby and Me	Comedy	Comedy, Drama, Slice of Life	4941	1996
Senran Kagura Specials	Action	Action, Ecchi	4940	2013
Farewell, My Dear Cramer: First Touch	Drama	Drama, Sports	4934	2021
Rumbling Hearts OVA	Drama	Drama, Romance	4932	2007
Arcana Famiglia: Capriccio - stile Arcana Famiglia	Romance	Romance	4926	2013
Luger Code 1951	Action	Action, Fantasy	4919	2016
Kuroko no Basket: Oshaberi Shiyou ka	Comedy	Comedy, Sports	4916	2017
IDOLiSH7 Vibrato	Comedy	Comedy, Drama, Music, Slice of Life	4912	2018
Action Heroine Cheer Fruits	Comedy	Comedy, Slice of Life	4911	2017
Digimon Frontier: Island of Lost Digimon	Adventure	Adventure, Comedy, Drama, Fantasy, Sci-Fi	4911	2002
Active Raid Second	Mecha	Mecha, Sci-Fi	4908	2016
Street Fighter II V	Adventure	Adventure, Drama, Mystery	4905	1995
Piacevole	Comedy	Comedy, Slice of Life	4904	2017
Daisuki na Haha	Hentai	Hentai	4901	2018
Dimension W OVA	Action	Action, Sci-Fi	4895	2016
Boku wa Robot Goshi no Kimi ni Koi wo Suru	Romance	Romance, Sci-Fi	4894	
Tesagure! Bukatsumono	Comedy	Comedy, Slice of Life	4891	2013
Zoids New Century/Zero	Adventure	Adventure, Comedy, Mecha, Sci-Fi, Sports	4891	2001
Corrector Yui	Adventure	Adventure, Comedy, Mahou Shoujo, Sci-Fi	4891	1999
Xuan Yuan Sword Luminary	Action	Action, Adventure, Fantasy	4888	2018
Potemayo	Comedy	Comedy	4875	2007
Wu Shan Wu Xing	Action	Action, Adventure, Fantasy	4872	
Venus to Mamoru!	Comedy	Comedy, Romance	4871	2006
Inazuma Eleven: Choujigen Dream Match	Sports	Sports, Supernatural	4863	2014
Dragon Quest: Dai no Daibouken	Adventure	Adventure, Comedy, Fantasy	4863	1991
Beyblade Burst Turbo	Action	Action, Sci-Fi, Sports	4851	2018
The Mystic Archives of Dantalian: Ibarahime	Action	Action, Mystery	4850	2012
Himawari!	Adventure	Adventure, Comedy	4848	2006
Natsuiro Egao de 1, 2, Jump!	Music	Music	4844	
Samurai X Special	Action	Action, Romance	4840	1998
Re:Stage! Dream Days	Music	Music, Slice of Life	4838	2019
Caramel Honey	Comedy	Comedy, Romance	4837	2018
Hatenkou Yugi	Adventure	Adventure, Comedy, Drama, Fantasy, Romance	4835	2008
X&Y	Mystery	Mystery, Thriller	4834	
Blood Lad: Kanketsu Kinen	Music	Music	4833	
Tamayura: Sotsugyou Shashin Part 1 - Kizashi	Comedy	Comedy, Slice of Life	4831	2015
Gakuen Basara: Samurai High School	Action	Action, Adventure, Comedy	4828	2018
Kyo Kara Maoh! Season 3	Adventure	Adventure, Comedy, Fantasy, Romance	4828	2008
Mahou Sensei Negima! ANIME FINAL	Adventure	Adventure, Supernatural	4826	2011
009-1	Action	Action, Mecha, Sci-Fi	4825	2006
Time Travel Girl	Adventure	Adventure, Sci-Fi	4824	2016
No Money!	Drama	Drama, Romance	4823	2007
Mazinger Edition Z: The Impact!	Action	Action, Mecha	4821	2009
Yi Ren Zhi Xia 4	Action	Action, Drama, Mystery, Psychological, Supernatural	4818	
Karneval	Fantasy	Fantasy, Sci-Fi	4817	2012
Ao no Exorcist (Movie) Special	Comedy	Comedy	4814	2012
Wolverine	Action	Action	4812	2011
Persona 4 The Animation: The Factor of Hope	Action	Action, Adventure, Mystery, Sci-Fi, Supernatural	4811	2012
Pop in Q	Action	Action, Adventure, Drama, Fantasy, Mahou Shoujo, Music	4804	2016
Demon Prince Enma	Ecchi	Ecchi, Fantasy, Horror, Mystery, Supernatural, Thriller	4802	2006
Ghost in the Shell: SAC_2045 Season 2	Action	Action, Mystery, Psychological, Sci-Fi	4800	2022
One Room: Second Season -extra-	Ecchi	Ecchi, Romance, Slice of Life	4800	2018
I''s Pure	Comedy	Comedy, Drama, Ecchi, Romance	4799	2005
Rainbow Days OAD	Comedy	Comedy, Romance, Slice of Life	4798	2016
Chitose Get You!	Comedy	Comedy, Romance, Slice of Life	4795	2012
Gokicha!! Cockroach Girl	Comedy	Comedy	4793	2012
Kikou Ryouhei Mellowlink	Action	Action, Mecha, Sci-Fi	4787	1988
Chibi☆Devi!	Fantasy	Fantasy, Slice of Life, Supernatural	4784	2011
IDOLiSH7 Third BEAT! Part 2	Drama	Drama, Music, Psychological	4781	2022
Manyuu Hikenchou Specials	Action	Action, Ecchi	4780	2011
Ro-Kyu-Bu!: Tomoka no Ichigo Sundae	Comedy	Comedy, Sports	4775	2013
HAPPY☆LESSON (TV)	Comedy	Comedy, Drama, Romance, Slice of Life	4775	2002
Calamity of a Zombie Girl	Action	Action, Comedy, Horror, Supernatural	4773	2018
Rizelmine	Comedy	Comedy, Ecchi, Romance, Sci-Fi	4772	2002
.hack//Unison	Adventure	Adventure, Comedy, Fantasy, Sci-Fi	4765	2003
Mobile Police Patlabor: The New Files	Comedy	Comedy, Mecha, Sci-Fi	4764	1990
Digimon X-Evolution	Action	Action, Adventure, Fantasy, Sci-Fi	4763	2005
Yu Yu Hakusho: Eizou Hakusho	Action	Action, Adventure, Supernatural	4755	1994
HAKUOKI: WILD DANCE OF TOKYO	Action	Action, Drama, Supernatural	4752	2013
Betterman	Action	Action, Adventure, Comedy, Drama, Horror, Mecha, Mystery, Sci-Fi	4750	1999
Gunslinger Girl: Il Teatrino OVA	Action	Action, Drama, Sci-Fi	4749	2008
Re:Zero kara Hajimeru Kyuukei Jikan (Break Time) 2nd Season Part 2	Adventure	Adventure, Comedy, Fantasy	4748	2021
Kyou, Koi wo Hajimemasu	Drama	Drama, Romance, Slice of Life	4745	2010
Choujigen Game Neptune THE ANIMATION: Nepu no Natsuyasumi	Action	Action, Comedy, Fantasy, Sci-Fi, Supernatural	4744	2019
Fault!!	Hentai	Hentai, Sports	4741	2009
Carried by the Wind: Tsukikage Ran	Adventure	Adventure, Comedy	4735	2000
Munto	Fantasy	Fantasy, Romance	4734	2003
Sherlock Hound	Adventure	Adventure, Comedy, Mystery	4733	1984
AIKa: ZERO	Action	Action, Adventure, Comedy, Ecchi	4728	2009
Wedding Peach	Adventure	Adventure, Comedy, Mahou Shoujo, Romance	4727	1995
Knights of the Zodiac: Saint Seiya	Adventure	Adventure, Fantasy, Sci-Fi	4722	2019
The Cockpit	Action	Action, Drama	4722	1993
Hanada Shounen-shi	Comedy	Comedy, Drama, Slice of Life, Supernatural	4722	2002
Maria Watches Over Us 3rd Season OVA	Drama	Drama, Slice of Life	4716	2006
Maria Watches Over Us Season 4	Drama	Drama, Slice of Life	4707	2009
Inugami-san to Nekoyama-san: Nekoyama-san to Onsen Ryokou	Comedy	Comedy	4702	2014
Comic Party	Comedy	Comedy, Drama	4700	2001
Macross Dynamite 7	Adventure	Adventure, Comedy, Mecha, Music, Sci-Fi	4699	1997
Trigger-chan	Action	Action	4697	2016
Ninja Collection	Horror	Horror	4696	2020
Z/X: Code Reunion	Adventure	Adventure, Fantasy, Sci-Fi	4694	2019
Saki - Episode of Side A Specials	Slice of Life	Slice of Life, Sports	4694	2013
Usakame	Comedy	Comedy, Sports	4692	2016
Beyblade: Shogun Steel	Adventure	Adventure, Sports	4686	2012
MØUSE	Adventure	Adventure, Comedy, Ecchi	4686	2003
Case Closed: Conan vs. Kid vs. Yaiba	Adventure	Adventure, Comedy, Drama, Mystery	4682	2000
Ane Yome Quartet	Hentai	Hentai, Romance	4681	2015
Heart no Kuni no Alice: Wonderful Wonder World	Fantasy	Fantasy, Romance	4664	2011
Tsugou no Yoi Sexfriend?	Hentai	Hentai	4661	2012
Beelzebub: Hashire! Beel-bo Keiji!!	Action	Action, Comedy, Supernatural	4661	2011
Mahou Shoujo Nante Mouiidesukara Second Season	Comedy	Comedy, Mahou Shoujo, Slice of Life	4660	2016
Tonkatsu DJ Agetaro	Comedy	Comedy, Music	4659	2016
Senyuu. Specials	Action	Action, Comedy, Fantasy	4655	2013
Daa! Daa! Daa!	Comedy	Comedy, Sci-Fi	4653	2000
La corda d’oro -Blue Sky-	Drama	Drama, Music, Romance	4645	2014
Oni Chichi: Refresh	Hentai	Hentai	4635	2015
Uta no☆Prince-sama♪ Maji LOVE 2000%: Shining Star Xmas	Comedy	Comedy, Romance	4635	2013
Boku no Imouto wa "Osaka Okan"	Comedy	Comedy	4635	2012
Slayers Excellent	Adventure	Adventure, Comedy, Fantasy, Supernatural	4634	1998
Magica Wars	Fantasy	Fantasy, Mahou Shoujo	4629	2014
Kurage no Shokudou	Drama	Drama, Slice of Life	4625	2016
The Birth of Kitaro: The Mystery of GeGeGe	Horror	Horror, Supernatural	4617	2023
Inferno Cop 2	Action	Action	4617	
Guilty Crown: 4-koma Gekijou	Comedy	Comedy	4616	2012
Figure 17: Tsubasa & Hikaru	Sci-Fi	Sci-Fi, Slice of Life	4615	2001
Pita-Ten	Comedy	Comedy, Fantasy, Romance	4615	2002
Dr. Slump: Arale-chan	Adventure	Adventure, Comedy, Sci-Fi, Slice of Life	4610	1981
Magic User's Club!	Comedy	Comedy, Fantasy, Romance, Sci-Fi	4599	1996
Swing Out Sisters (2014)	Hentai	Hentai, Romance	4591	2014
A-Channel: +A-Channel	Comedy	Comedy, Slice of Life	4590	2011
Hatsu Inu the Animation	Hentai	Hentai	4585	2007
Toward the Terra	Action	Action, Drama, Sci-Fi	4583	1980
Aibeya THE ANIMATION	Hentai	Hentai	4580	2019
Lovely ♡	Hentai	Hentai	4574	2019
Yowamushi Pedal: SPECIAL RIDE	Comedy	Comedy, Drama, Sports	4573	2013
Urusei Yatsura Movie 1: Only You	Adventure	Adventure, Comedy, Romance, Sci-Fi	4572	1983
They Were 11	Action	Action, Adventure, Drama, Mystery, Romance, Sci-Fi	4571	1986
Kyoto Animation: Suiei-hen	Sports	Sports	4569	
STRAIN: Strategic Armored Infantry	Drama	Drama, Ecchi, Mecha, Sci-Fi	4560	2006
Midnight Eye Goku	Action	Action, Drama, Sci-Fi	4558	1989
Ghost in the Shell: Stand Alone Complex: Tachikomatic Days	Comedy	Comedy, Mecha, Sci-Fi	4548	
Strait Jacket	Action	Action, Fantasy, Sci-Fi	4546	2007
Yarichin Kateikyoushi Netori Houkoku: Dosukebe Kyonyuu Oyakodon	Hentai	Hentai	4545	2020
Left-Hand Layup!	Sports	Sports	4541	
Tenchi Muyo! In Love	Action	Action, Comedy, Romance, Sci-Fi	4540	1996
Wish Upon the Pleiades	Mahou Shoujo	Mahou Shoujo	4531	
A Little Snow Fairy Sugar	Comedy	Comedy, Fantasy	4531	2001
TSUKIPRO THE ANIMATION	Music	Music	4529	2017
Samurai Warriors	Action	Action	4529	2015
Rune Soldier	Adventure	Adventure, Comedy, Fantasy	4528	2001
Mars Daybreak	Adventure	Adventure, Comedy, Mecha, Romance, Sci-Fi	4527	2004
UFO Ultramaiden Valkyrie	Comedy	Comedy, Ecchi, Sci-Fi	4524	2002
3000 Leagues in Search of Mother	Adventure	Adventure, Drama	4522	1976
Genji Monogatari	Drama	Drama, Romance	4521	1987
CARDFIGHT!! VANGUARD	Action	Action, Adventure, Fantasy	4516	2018
Ichigo Mashimaro Episode 0	Comedy	Comedy	4513	2005
Ranma 1/2 SUPER	Adventure	Adventure, Comedy, Romance	4513	1995
IGPX	Drama	Drama, Mecha, Sci-Fi, Sports	4510	2005
Digimon Adventure 02 The Beginning	Action	Action, Adventure, Drama, Fantasy, Sci-Fi	4508	2023
Dallos	Action	Action, Drama, Mecha, Sci-Fi	4504	1983
DRIFTERS: Special edition	Action	Action, Adventure, Comedy, Fantasy	4501	2016
Girls und Panzer: Taiyaki War!	Comedy	Comedy	4499	2020
Neo Angelique Abyss	Comedy	Comedy, Fantasy, Romance	4499	2008
Slayers: The Book of Spells	Adventure	Adventure, Comedy, Fantasy, Supernatural	4499	1996
Poyopoyo	Comedy	Comedy, Slice of Life	4498	2012
Polyphonica Crimson S	Drama	Drama, Fantasy, Music, Romance	4496	2009
The Prince of Tennis II: U-17 World Cup	Action	Action, Comedy, Sports	4493	2022
Ecchi with a Rural Russian Housewife	Hentai	Hentai	4492	2017
The File of Young Kindaichi Returns	Mystery	Mystery	4491	2014
Ongaku Shoujo	Music	Music, Slice of Life	4487	2015
Ace of Diamond OVA	Comedy	Comedy, Sports	4486	2014
Please☆Twins!: The Summer Never Ends	Comedy	Comedy, Drama, Romance	4485	2004
Mr. Osomatsu THE MOVIE	Comedy	Comedy, Drama, Fantasy, Mystery, Slice of Life, Supernatural	4483	2019
Mirmo Zibang!	Adventure	Adventure, Comedy, Drama, Fantasy, Mahou Shoujo, Romance	4482	2002
Flying Witch Petit	Comedy	Comedy	4475	2016
Ranma ½: Big Trouble in Nekonron, China	Adventure	Adventure, Comedy	4472	1991
Oreimo Animated Commentary	Comedy	Comedy	4468	2010
Kill Me Baby OVA	Comedy	Comedy	4465	2013
Toaru Kagaku no Railgun T: Motto Marutto Railgun	Comedy	Comedy	4463	2020
The Prince of Tennis II OVA vs Genius 10	Action	Action, Comedy, Sports	4463	2014
Baka Dakedo Chinchin Shaburu no Dake wa Jouzu na Chii-chan	Hentai	Hentai	4462	2017
Oh! My Goddess: Fighting Wings	Comedy	Comedy, Romance, Supernatural	4460	2007
6 LOVERS	Comedy	Comedy, Drama, Romance, Slice of Life, Supernatural	4459	2021
Pucca	Comedy	Comedy	4458	
Hero Tales	Action	Action, Fantasy	4458	2007
Call Me Tonight	Comedy	Comedy, Ecchi, Horror, Romance, Sci-Fi	4458	1986
.hack//INTERMEZZO	Adventure	Adventure, Fantasy, Mystery, Sci-Fi	4458	
Twittering Birds Never Fly: Don't Stay Gold	Drama	Drama, Romance	4455	2021
Ojisan to Marshmallow: Hige-san and Marshmallow	Comedy	Comedy, Slice of Life	4451	2016
Haikyuu!! Ningyou Anime	Sports	Sports	4449	2020
EUREKA: Eureka Seven Hi-Evolution	Action	Action, Adventure, Drama, Mecha, Sci-Fi	4447	2021
Maiden Rose	Drama	Drama	4447	2009
Leda: The Fantastic Adventure of Yohko	Action	Action, Adventure, Fantasy, Mahou Shoujo, Mecha, Sci-Fi	4445	1985
Natsu no Arashi! Season 2	Comedy	Comedy, Fantasy, Romance	4442	2009
Real Erogame Situation! The Animation	Comedy	Comedy, Hentai, Romance	4440	2018
Beautiful World	Action	Action, Drama, Mecha, Sci-Fi	4439	
Anime de Training! XX	Sports	Sports	4437	2016
Shakugan no Shana S Specials	Comedy	Comedy	4437	2009
Bible Black Origins	Hentai	Hentai, Supernatural	4437	2002
Hungry Heart: Wild Striker	Comedy	Comedy, Slice of Life, Sports	4434	2002
Ghastly Prince Enma Burning Up	Comedy	Comedy, Ecchi, Fantasy	4433	2011
Sensitive Pornograph	Drama	Drama, Hentai, Romance, Slice of Life	4432	2004
Nagareboshi Lens	Romance	Romance	4429	2012
Elsword: El-e Yeoin	Action	Action, Fantasy	4427	
Detroit Metal City: Birth of the Metal Devil	Comedy	Comedy, Music, Romance	4427	2008
Tekken: BLOOD VENGEANCE	Action	Action, Fantasy, Sci-Fi, Supernatural	4426	2011
City Hunter: Shinjuku Private Eyes	Action	Action, Comedy, Mystery	4421	2019
Nightwalker: The Midnight Detective	Action	Action, Comedy, Horror, Mystery	4420	1998
CLAMP in Wonderland 2	Action	Action, Comedy, Drama, Fantasy	4418	2007
Nami	Horror	Horror, Psychological, Supernatural	4416	
Pokémon: Camp Pikachu	Adventure	Adventure, Comedy, Fantasy	4416	2002
Switch	Action	Action, Mystery	4414	2008
Oh! My Goddess (2011)	Comedy	Comedy, Romance, Supernatural	4413	2011
National Husband Bring Home SS1	Drama	Drama, Romance	4408	
Heat Guy J	Action	Action, Adventure, Mecha, Sci-Fi	4408	2002
Macross Delta: Passionate Walküre	Action	Action, Mecha, Music, Romance, Sci-Fi	4407	2018
Wake Up, Girls! New Chapter	Music	Music, Slice of Life	4404	2017
Kowarekake no Orgel (Movie)	Drama	Drama, Music, Sci-Fi, Slice of Life	4403	2010
Vampire Knight: Gekiai no Portrait	Comedy	Comedy	4402	2008
Lupin the 3rd: The Fuma Conspiracy	Adventure	Adventure, Comedy	4399	1987
Shouwa Genroku Rakugo Shinjuu: Yotarou Hourou-hen	Drama	Drama	4398	2015
Oh! My Goddess: Flights of Fancy Specials	Comedy	Comedy, Romance, Supernatural	4392	2007
Bishoujo Senshi Sailor Moon SuperS Special	Action	Action, Fantasy, Mahou Shoujo, Romance	4387	1995
Yatogame-chan Kansatsu Nikki 3	Comedy	Comedy, Slice of Life	4386	2021
KAGI-NADO Season 2	Comedy	Comedy	4385	2022
Ace of Diamond: Second Season OVA	Comedy	Comedy, Sports	4383	2016
Chou Yuu Sekai: BEING THE REALITY	Action	Action, Adventure, Fantasy, Romance	4381	2017
Harem Time THE ANIMATION	Hentai	Hentai, Romance	4381	2012
Pokémon Mystery Dungeon: Team Go-Getters Out of the Gate!	Adventure	Adventure, Fantasy	4381	2006
Ranma ½: Nihao My Concubine	Action	Action, Adventure, Comedy, Ecchi	4381	1992
Oyasumi Sex	Hentai	Hentai, Romance	4377	2018
Fight!! Iczer-1	Action	Action, Ecchi, Horror, Mecha, Sci-Fi	4376	1985
Magical Somera-chan	Comedy	Comedy, Slice of Life	4368	2015
Pokémon the Series: XYZ Specials	Action	Action, Adventure, Fantasy	4365	2016
Taimanin Asagi	Action	Action, Hentai, Supernatural	4361	2007
Mokke	Mystery	Mystery, Slice of Life, Supernatural	4360	2007
SEX PISTOLS	Comedy	Comedy, Drama, Supernatural	4359	2010
How to Eat Life	Supernatural	Supernatural	4358	
AMAIM Warrior at the Borderline Part 2	Fantasy	Fantasy, Mecha, Sci-Fi	4356	2022
Canvas 2: Rainbow Colored Sketch	Comedy	Comedy, Drama, Romance, Slice of Life	4354	2005
ESTAB LIFE: Great Escape	Action	Action, Sci-Fi	4353	2022
POKÉTOON	Comedy	Comedy, Fantasy, Slice of Life	4353	2020
Mini Yuri	Comedy	Comedy, Slice of Life	4353	2019
Otoboku: Maidens are Falling for Me 2	Drama	Drama, Romance	4348	2012
Fafner: Heaven and Earth	Drama	Drama, Mecha, Sci-Fi	4346	2010
Mitsudomoe: OPPAI IPPAI Mama Genki	Comedy	Comedy, Slice of Life	4343	2011
Tales of Phantasia	Adventure	Adventure, Fantasy	4341	2004
Soul Buster	Action	Action	4339	2016
OZMAFIA!!	Comedy	Comedy, Fantasy	4339	2016
Guardian Ninja Mamoru	Comedy	Comedy, Romance	4339	2006
Hikaru no Go: Hokuto Hai e no Michi	Sports	Sports, Supernatural	4338	2004
A Hot Night With My Boss in a Capsule Hotel	Hentai	Hentai, Romance	4336	2018
Please Rape Me!	Hentai	Hentai	4335	2012
Indian Summer	Comedy	Comedy, Ecchi, Sci-Fi	4334	2007
Fate/kaleid liner Prisma☆Illya (Provisional Title)	Action	Action, Fantasy, Mahou Shoujo	4331	
Tsun Tsun Maid wa Ero Ero desu	Comedy	Comedy, Hentai, Romance	4331	2013
Speed Racer	Action	Action, Adventure, Sports	4330	1967
All Purpose Cultural Cat Girl Nuku Nuku	Action	Action, Adventure, Comedy, Mecha, Sci-Fi	4330	1992
Dance with Devils: Fortuna	Romance	Romance, Supernatural	4326	2017
Ranma 1/2 Special	Adventure	Adventure, Comedy, Romance	4324	1994
MOBILE SUIT GUNDAM: Twilight AXIS	Mecha	Mecha, Sci-Fi	4321	2017
Miss Monochrome - The Animation - 3	Comedy	Comedy, Music, Slice of Life	4320	2015
Theatre of Darkness: Yamishibai 8	Horror	Horror, Supernatural	4319	2021
Toaru Kagaku no Accelerator: Tobidase Ippou-san Hachamecha Kaishingeki	Supernatural	Supernatural	4317	2019
TSF Monogatari	Hentai	Hentai	4314	2011
Innocent Venus	Adventure	Adventure, Drama, Mecha, Sci-Fi	4314	2006
Mobile Suit Gundam MS IGLOO: Apocalypse 0079	Mecha	Mecha, Sci-Fi	4311	2006
My Daddy Long Legs	Comedy	Comedy, Romance, Slice of Life	4311	1990
Arslan Senki (TV) OVA	Adventure	Adventure, Fantasy	4310	2016
Digimon Universe App Monsters	Action	Action, Adventure, Comedy, Drama, Fantasy, Sci-Fi	4309	2016
BUS GAMER	Action	Action	4308	2008
Haikara-san: Here Comes Miss Modern – Part 2	Comedy	Comedy, Drama, Romance	4305	2018
Pokémon Black 2 White 2: Introduction Special Movie	Action	Action, Adventure	4305	2012
Slam Dunk: Shohoku Maximum Crisis! Burn Sakuragi Hanamichi	Comedy	Comedy, Drama, Slice of Life, Sports	4305	1995
Saint Seiya Saintia Sho	Action	Action, Adventure	4304	2018
CLAMP in Wonderland	Fantasy	Fantasy	4303	
Saint Seiya: Evil Goddess Eris	Action	Action, Adventure, Sci-Fi	4301	1987
Puchimas!: Petit iDOLM@STER	Comedy	Comedy, Music, Slice of Life	4300	2013
Kimi no Iru Machi OVA	Drama	Drama, Romance, Slice of Life	4299	2014
Mobile Suit Zeta Gundam: A New Translation I - Heir to the Stars	Drama	Drama, Mecha, Sci-Fi	4299	2005
Anime Tenchou	Action	Action	4297	2002
WIXOSS DIVA(A)LIVE	Music	Music, Sci-Fi	4296	2021
Journal of the Mysterious Creatures	Comedy	Comedy, Supernatural	4296	
ef: a tale of melodies. - prologue	Drama	Drama, Mystery, Romance	4289	2008
Link Click: Troubles of Ordinary People	Comedy	Comedy	4286	
Slayers RETURN	Adventure	Adventure, Comedy, Fantasy	4286	1996
Good Morning	Slice of Life	Slice of Life	4285	
Koitabi: True Tours Nanto	Romance	Romance	4282	2013
Slam Dunk: National Domination! Sakuragi Hanamichi	Comedy	Comedy, Drama, Slice of Life, Sports	4282	1994
Doraemon: Shin Nobita to Tetsujin Heidan - Habatake Tenshi-tachi	Comedy	Comedy	4281	2011
Himitsu: Top Secret - The Revelation	Mystery	Mystery, Psychological, Sci-Fi	4279	2008
Case Closed: Conan and Kid and Crystal Mother	Adventure	Adventure, Mystery	4278	2004
Jewelpet	Fantasy	Fantasy, Mahou Shoujo	4276	2009
Ikki Tousen: Extravaganza Epoch	Action	Action, Ecchi	4275	2014
Inferno Cop: Fact Files	Action	Action, Comedy	4273	2012
Duel Masters	Action	Action, Adventure, Comedy	4273	2002
Enjo Kouhai	Hentai	Hentai	4272	2020
Sca-red Rider XechS	Adventure	Adventure, Romance, Sci-Fi	4272	2016
To Heart 2	Comedy	Comedy, Drama, Romance, Slice of Life	4271	2005
Glass Mask	Drama	Drama, Romance	4269	1984
Katsudou Shashin	None		4267	
New Cutey Honey	Action	Action, Adventure, Comedy, Ecchi, Mahou Shoujo, Sci-Fi	4267	1994
Mazinkaiser	Adventure	Adventure, Comedy, Mecha, Sci-Fi	4267	2001
New Getter Robo	Action	Action, Adventure, Horror, Mecha, Sci-Fi	4265	2004
BEM: Become Human	Action	Action, Horror, Supernatural	4264	2020
Aikagi The Animation	Hentai	Hentai, Romance	4264	2019
Seven Mortal Sins Zange-roku	Ecchi	Ecchi, Fantasy	4264	2017
La Corda D'Oro: Secondo Passo	Music	Music	4262	2009
Be-Bop High School	Comedy	Comedy	4261	1990
Lover-in-Law	Hentai	Hentai	4261	2008
Yes! Precure 5 GoGo!	Action	Action, Comedy, Fantasy, Mahou Shoujo	4260	2008
Katsugeki TOUKEN RANBU Movie	Action	Action, Drama, Fantasy	4257	
Pokémon: The Arceus Chronicles	Action	Action, Adventure, Fantasy	4256	2022
Devil Hunter Yohko	Comedy	Comedy, Fantasy, Horror, Supernatural	4249	1990
Twin Angels BREAK	Comedy	Comedy, Mahou Shoujo	4244	2017
LINK CLICK (Shorts)	Comedy	Comedy, Slice of Life	4238	
Sheep's Song	Drama	Drama, Horror	4237	2003
Shigofumi: And Then...	Drama	Drama, Fantasy, Psychological, Thriller	4235	2008
Wu Liuqi Movie	Action	Action, Comedy	4234	
ROAD TO YOU	Drama	Drama, Romance	4232	2017
Ryoko's Case File	Mystery	Mystery, Supernatural	4230	2008
The Mysterious Cities of Gold	Adventure	Adventure, Sci-Fi	4230	1982
Doomed Megalopolis	Horror	Horror, Supernatural	4230	1991
Golden Time	Comedy	Comedy, Fantasy	4229	
Imouto Paradise!	Hentai	Hentai	4227	2011
Bible Black: New Testement	Hentai	Hentai	4226	2004
Chain Chronicle: Haecceitas no Hikari Part 2	Action	Action, Adventure, Fantasy	4224	2017
Dr. Slump	Comedy	Comedy, Slice of Life	4222	1997
Ruin Explorers Fam & Ihrie	Action	Action, Adventure, Comedy, Fantasy	4222	1995
Shin Koihime Musou: Otome Tairan	Adventure	Adventure, Comedy, Ecchi, Fantasy	4221	2010
Final Fantasy VII: On the Way to a Smile - Episode: Denzel	Action	Action, Fantasy	4221	2009
Cyborg 009 vs Devilman	Action	Action, Sci-Fi, Supernatural	4220	2015
Gundam vs Hello Kitty	Comedy	Comedy, Mecha	4219	2019
REBORN!: Here Comes a Vongola Family-Style School Trip!	Comedy	Comedy	4218	2010
Queen's Blade OVA	Action	Action, Adventure, Ecchi, Fantasy	4213	2011
Winter Sonata	Drama	Drama, Romance	4212	2009
Ramen Fighter Miki	Action	Action, Comedy	4211	2006
Martian Successor Nadesico: The Prince of Darkness	Action	Action, Comedy, Drama, Mecha, Sci-Fi	4211	1998
Macross Delta: Zettai Live!!!!!!	Action	Action, Mecha, Music, Romance, Sci-Fi	4210	2021
OUTLANDERS	Adventure	Adventure, Comedy, Ecchi, Romance, Sci-Fi	4208	1986
Crusher Joe: The Movie	Action	Action, Adventure, Sci-Fi	4201	1983
Kanokon: Manatsu no Dai Shanikusai Specials	Ecchi	Ecchi	4199	2009
Slam Dunk: Roar!! Basket Man Spirit	Comedy	Comedy, Drama, Slice of Life, Sports	4197	1995
Gintama: Monster Strike-hen	Action	Action, Comedy, Fantasy	4194	2019
Yumeria	Action	Action, Comedy, Ecchi	4194	2004
Silent Möbius	Action	Action, Comedy, Drama, Fantasy, Horror	4189	1998
15 Bishoujo Hyouryuuki	Comedy	Comedy, Hentai, Romance	4187	2009
Hagane no Renkinjutsushi: Milos no Seinaru Hoshi Tokubetsu Eizou	Comedy	Comedy, Fantasy	4186	2011
Ichigo 100% Original DVD Animation	Comedy	Comedy, Ecchi, Romance	4186	2005
Bottle Fairy	Comedy	Comedy, Fantasy, Slice of Life	4185	2003
Yarimoku Beach ni Shuugakuryokou de!! THE ANIMATION	Hentai	Hentai, Romance	4179	2017
Cardfight!! Vanguard G	Action	Action, Adventure, Fantasy	4178	2014
Kimi Omou Koi	Hentai	Hentai, Romance	4175	2018
Show By Rock!! Short!!	Comedy	Comedy, Music, Slice of Life	4173	2016
Bagel Girl	Comedy	Comedy, Drama, Ecchi, Mystery, Romance, Supernatural	4172	
Hetalia World Series Extra Episodes	Comedy	Comedy	4169	2011
Bungaku Shoujo: Kyou no Oyatsu - Hatsukoi	Comedy	Comedy, Fantasy	4166	2009
Oh! My Goddess Specials	Comedy	Comedy, Romance, Supernatural	4162	2005
Idol☆Sister	Hentai	Hentai	4156	2014
Mobile Suit Gundam Seed Destiny Final Plus: The Chosen Future	Action	Action, Drama, Mecha, Sci-Fi	4154	2005
Mudazumo Naki Kaikaku	Comedy	Comedy	4152	2010
Persona 4 the Golden Animation: Thank you Mr. Accomplice	Action	Action, Mystery, Sci-Fi, Supernatural, Thriller	4150	2014
Fancy Lala	Comedy	Comedy, Drama, Mahou Shoujo, Music, Romance	4150	1998
JK Fuuzoku Gakuensai	Hentai	Hentai	4149	2021
Kimekoi! Takane no Hana to Osananajimi ga Kimatta Riyuu	Hentai	Hentai, Romance	4143	2017
Black Bullet: Tenchuu＊Girls	Fantasy	Fantasy, Mahou Shoujo	4142	2014
Girls' Work	None		4142	
Gugure! Kokkuri-san Specials	Comedy	Comedy, Romance, Supernatural	4141	2015
Fafner Exodus 2	Drama	Drama, Mecha, Sci-Fi	4136	2015
Rinshi!! Ekodachan	Comedy	Comedy, Slice of Life	4135	2019
Feast of Amrita	Fantasy	Fantasy, Horror, Mystery	4134	2023
BROTHERS CONFLICT Special	Romance	Romance	4134	2014
Uchuu Senkan Yamato 2199 Hoshi-Meguru Hakobune	Action	Action, Drama, Sci-Fi	4134	2014
Gate Keepers	Action	Action, Comedy, Fantasy, Mecha, Sci-Fi	4133	2000
MILF Park	Hentai	Hentai	4128	2017
A Dark Rabbit has Seven Lives OVA	Comedy	Comedy, Ecchi, Romance, Supernatural	4128	2011
Tokimeki Tonight	Comedy	Comedy, Fantasy, Romance	4128	1982
Slimetachi no Idobata Kaigi: Slime Tsukai to Slime no Maou	Comedy	Comedy	4127	2020
Nurse Witch KOMUGI R	Comedy	Comedy, Mahou Shoujo, Music	4124	2016
Slayers Gorgeous	Adventure	Adventure, Comedy, Fantasy, Supernatural	4123	1998
Ayakashi	Action	Action, Fantasy, Horror, Sci-Fi	4122	2007
Jet-Black Shaga THE ANIMATION	Fantasy	Fantasy, Hentai, Romance, Supernatural	4121	2017
Sono Toki, Kanojo wa.	Drama	Drama, Romance, Slice of Life	4117	2018
Binchou-tan	Comedy	Comedy, Slice of Life	4113	2006
Laughing Under the Clouds: Gaiden Part 2	Action	Action	4112	2018
Case Closed: The Stranger in 10 Years...	Adventure	Adventure, Comedy, Mystery	4112	2009
Medabots Spirits	Action	Action, Adventure, Mecha, Sci-Fi	4112	2000
Iketeru Futari	Comedy	Comedy, Ecchi, Romance	4112	1999
BOYS BE ...	Comedy	Comedy, Romance, Slice of Life	4112	2000
Tenchi Muyo! Ryo-Ohki: The Night Before The Carnival!	Comedy	Comedy, Romance, Sci-Fi	4111	1993
Barefoot Gen 2	Drama	Drama	4110	1986
Slayers Great	Adventure	Adventure, Comedy, Fantasy	4110	1997
Ushio and Tora	Action	Action, Comedy, Horror, Supernatural	4110	1992
Pretty Rhythm: Rainbow Live	Drama	Drama, Music, Romance, Sports	4109	2013
Sweet Lady (Amanee!)	Hentai	Hentai	4108	2013
Guyver: The Bioboosted Armor	Adventure	Adventure, Sci-Fi	4107	2005
Evangelion x KATE CM	None		4106	
Fairy Princess Minky Momo	Mahou Shoujo	Mahou Shoujo	4100	1982
Gravitation: Lyrics of Love	Comedy	Comedy, Music, Romance	4100	1999
Inazuma Eleven GO vs Danball Senki W	Action	Action, Mecha, Sci-Fi, Sports, Supernatural	4098	2012
Coyote Ragtime Show	Action	Action, Adventure, Comedy, Mecha, Sci-Fi	4096	2006
Onara Goro	Comedy	Comedy	4091	2016
Ghost Sweeper Mikami	Comedy	Comedy, Supernatural	4090	1993
Cool-headed Hoozuki OVA	Comedy	Comedy, Fantasy, Supernatural	4088	2015
Mayoi Neko Overrun! Specials	Comedy	Comedy, Ecchi	4088	2010
RYO	Action	Action, Drama	4083	2013
The Super Dimension Fortress Macross II: Lovers Again	Action	Action, Adventure, Mecha, Music, Sci-Fi	4082	1992
TAMALA2010: a punk cat in space	Comedy	Comedy, Psychological, Sci-Fi	4079	2002
The Third: The Girl with the Blue Eye	Action	Action, Adventure, Sci-Fi	4079	2006
Cooking Master Boy	Action	Action, Adventure, Drama	4079	1997
Love Love?	Comedy	Comedy, Ecchi, Romance	4078	2004
Slayers Premium	Adventure	Adventure, Comedy, Fantasy	4075	2001
The World of Narue	Comedy	Comedy, Romance, Sci-Fi	4075	2003
Jubei-chan the Ninja Girl: Secret of the Lovely Eyepatch	Action	Action, Adventure, Comedy, Drama	4075	1999
Crayon Shin-chan: Fierceness That Invites Storm! The Adult Empire Strikes Back	Comedy	Comedy, Slice of Life	4074	2001
Kagewani ~II~	Horror	Horror, Mystery, Supernatural, Thriller	4070	2016
The Ping-Pong Club	Comedy	Comedy, Ecchi, Sports	4069	1995
Bubblegum Crash	Action	Action, Adventure, Mecha, Sci-Fi	4068	1991
Pokémon: Pikachu's PikaBoo	Adventure	Adventure, Comedy, Fantasy	4067	2001
Kaze no Yojimbo	Adventure	Adventure, Drama, Mystery, Slice of Life	4067	2001
Yomigaeru Sora: Rescue Wings	Drama	Drama	4064	2006
Weiß Survive	Comedy	Comedy, Ecchi	4061	2009
Tamayura: Sotsugyou Shashin Part 4 - Ashita	Comedy	Comedy, Slice of Life	4059	2016
Naze Nani!? Witch Craft Works	Comedy	Comedy, Fantasy	4057	2014
Akikan! OVA	Comedy	Comedy, Ecchi	4057	2009
Magical Girl Lyrical Nanoha Detonation	Action	Action, Comedy, Drama, Mahou Shoujo, Sci-Fi	4054	2018
Hakuoki: Demon of the Fleeting Blossom: A Memory of Snow Flowers	Action	Action, Drama, Fantasy	4054	2011
Sakigake!! Otokojuku	Action	Action, Comedy	4054	1988
Soukyuu no Fafner: RIGHT OF LEFT - single program	Drama	Drama, Mecha, Sci-Fi	4054	2005
NOISEMAN SOUNDINSECT	Action	Action, Fantasy, Sci-Fi	4053	1997
Yuyushiki: Nyanyashiki	Comedy	Comedy	4052	2013
Nanatsu-iro★Drops	Fantasy	Fantasy, Mahou Shoujo, Romance	4051	2007
DearS: Is It A Golden Ball?	Comedy	Comedy, Ecchi, Romance, Sci-Fi	4048	2005
Chocotto Sister	Comedy	Comedy, Drama, Romance	4047	2006
Cardfight!! Vanguard Legion Mate	Action	Action, Adventure, Fantasy	4044	2014
HANAUKYO Maid Team: La Verite	Comedy	Comedy, Ecchi, Romance	4044	2004
Red Riding Hood Chacha	Adventure	Adventure, Comedy, Fantasy, Mahou Shoujo, Romance	4044	1994
Murenase! Seton Gakuen EX: Juu Joshi-tachi no Yuzame Chuuihou	Comedy	Comedy, Ecchi, Romance	4043	
raison d'etre	Action	Action	4043	
A Certain Magical Index III Specials	Comedy	Comedy	4042	2019
Poretto no Isu	Comedy	Comedy, Slice of Life	4040	2014
Petite Princess Yucie	Comedy	Comedy, Fantasy, Romance, Slice of Life	4035	2002
Captain Harlock: Arcadia of my Youth	Action	Action, Adventure, Drama, Sci-Fi	4033	1982
Best Student Council	Comedy	Comedy, Slice of Life	4033	2005
